event_id,timestamp,player_name,player_id,team_name,event_type,x,y,period,minute
0aa754b7-2852-46b1-a61a-4e4ead196ce2,00:00:00.332,Yoshinori Muto,6337,FSV Mainz 05,Pass,60.0,40.0,1,0
9ad96868-60e0-4b6d-a942-823af334a828,00:00:00.904,Yunus Mallı,8679,FSV Mainz 05,Ball Receipt*,61.1,37.0,1,0
1f89312b-0d0a-4b95-aaf0-73265f0ce12f,00:00:00.904,Yunus Mallı,8679,FSV Mainz 05,Carry,61.1,37.0,1,0
81ec69cc-99c3-459b-9571-cf36009f0961,00:00:01.211,Manuel Schmiedebach,8543,Hannover 96,Pressure,55.9,44.0,1,0
71ac39ad-aa97-4154-bb50-807e9ef7a284,00:00:01.719,Yunus Mallı,8679,FSV Mainz 05,Pass,61.9,35.5,1,0
73fb15e8-0f64-4144-8fe6-d1d1187a7be5,00:00:02.413,Uffe Manich Bech,24244,Hannover 96,Pressure,49.2,50.4,1,0
47efcf50-31b6-4c89-9a86-65713322b129,00:00:02.568,Jairo Samperio Bustara,6925,FSV Mainz 05,Ball Receipt*,69.1,31.0,1,0
1ea5febd-0004-42a2-98bf-109b61ca56d1,00:00:02.568,Jairo Samperio Bustara,6925,FSV Mainz 05,Carry,69.1,31.0,1,0
b90ff831-4565-42a0-b549-b9135042888f,00:00:04.875,Jairo Samperio Bustara,6925,FSV Mainz 05,Pass,63.3,40.5,1,0
cfb3933d-86a8-4ab4-b356-733b71df5449,00:00:06.930,Leon Aderemi Balogun,5467,FSV Mainz 05,Ball Receipt*,63.1,63.0,1,0
f555507e-d60a-416c-b6af-4ba899a0eaa6,00:00:06.930,Leon Aderemi Balogun,5467,FSV Mainz 05,Carry,63.1,63.0,1,0
6853d672-d518-4407-92d2-b01bde6d8efb,00:00:08.232,Leon Aderemi Balogun,5467,FSV Mainz 05,Pass,54.0,61.1,1,0
509da3da-aa34-4613-b25e-820092eeabc9,00:00:10.410,Niko Bungert,13319,FSV Mainz 05,Ball Receipt*,31.8,45.4,1,0
760241a8-40d5-4802-b019-975078a9812f,00:00:10.410,Niko Bungert,13319,FSV Mainz 05,Carry,31.8,45.4,1,0
7f414336-8d07-4f0e-9167-4fa7fdf2b097,00:00:10.664,Niko Bungert,13319,FSV Mainz 05,Pass,33.6,44.8,1,0
a5c5116d-f690-45da-b8c8-33d1255e2ccd,00:00:12.977,Loris Karius,3630,FSV Mainz 05,Ball Receipt*,9.5,39.7,1,0
550e1d30-2fe3-4a7f-a4c9-6a047797ee2c,00:00:12.977,Loris Karius,3630,FSV Mainz 05,Carry,9.5,39.7,1,0
c0d9dc8c-a956-40a0-9250-c67f6f7bdafb,00:00:14.082,Loris Karius,3630,FSV Mainz 05,Pass,10.1,39.9,1,0
ab718a7d-bd6f-46a8-9998-4c194574f475,00:00:16.338,Niko Bungert,13319,FSV Mainz 05,Ball Receipt*,27.1,52.9,1,0
fb138f37-b8bb-49d1-878a-76e2fe533890,00:00:16.338,Niko Bungert,13319,FSV Mainz 05,Carry,27.1,52.9,1,0
ec526965-5752-4d29-a934-6f79557d005f,00:00:18.415,Niko Bungert,13319,FSV Mainz 05,Pass,28.5,53.2,1,0
edea7cf6-df2e-4eb3-8154-e02d139dddc8,00:00:20.570,Stefan Bell,8559,FSV Mainz 05,Ball Receipt*,27.1,18.9,1,0
374b7024-519c-4c8f-8eae-15bc2bef5446,00:00:20.570,Stefan Bell,8559,FSV Mainz 05,Carry,27.1,18.9,1,0
63377a13-4cdd-44d7-9271-6ad7d7b56bbe,00:00:23.653,Stefan Bell,8559,FSV Mainz 05,Pass,34.8,16.5,1,0
5878249c-3854-42d0-9e5f-67283a012906,00:00:25.196,Fabian Frei,8561,FSV Mainz 05,Ball Receipt*,57.4,10.3,1,0
e2a9acef-6409-4bae-8b1e-d04176c1e529,00:00:25.196,Fabian Frei,8561,FSV Mainz 05,Carry,57.4,10.3,1,0
0b92300b-8e7d-4281-b6bf-c639358cc001,00:00:25.236,Fabian Frei,8561,FSV Mainz 05,Miscontrol,56.6,9.9,1,0
1913b72c-22e4-4cba-bc54-32221c6d4f46,00:00:26.242,Uffe Manich Bech,24244,Hannover 96,Pressure,58.1,73.3,1,0
dae0fa79-4182-4ae4-af32-bad40afbc5a5,00:00:26.434,Jairo Samperio Bustara,6925,FSV Mainz 05,Pass,65.2,5.9,1,0
08d968ce-3c02-48e6-9310-a2cb021582b3,00:00:26.630,Pierre Bengtsson,20871,FSV Mainz 05,Ball Receipt*,50.5,3.3,1,0
a04ad296-f005-489d-be92-ab8d6066d4f3,00:00:26.630,Uffe Manich Bech,24244,Hannover 96,Block,58.2,73.8,1,0
e20b8261-1570-4d23-81d1-801e98299998,00:00:35.724,Pierre Bengtsson,20871,FSV Mainz 05,Pass,68.8,0.1,1,0
d9276873-efa4-40dc-b515-bcc8327599a2,00:00:37.585,Stefan Bell,8559,FSV Mainz 05,Ball Receipt*,40.3,3.2,1,0
2428f7bc-6fa5-41d7-ae02-420af1d73277,00:00:37.585,Stefan Bell,8559,FSV Mainz 05,Carry,40.3,3.2,1,0
b55ecf6c-d5d1-4625-bbb9-b04ad034ec0b,00:00:39.646,Stefan Bell,8559,FSV Mainz 05,Pass,35.7,4.3,1,0
c5035847-24d0-46ea-896f-1eb299ea6807,00:00:42.263,Edgar Prib,24914,Hannover 96,Pressure,85.1,37.3,1,0
1f8c3c1a-fb4e-431a-a264-833a2a1c2fda,00:00:42.531,Niko Bungert,13319,FSV Mainz 05,Ball Receipt*,33.2,42.6,1,0
911de517-4d25-4f01-826a-560cdeb0ecfa,00:00:42.531,Niko Bungert,13319,FSV Mainz 05,Carry,33.2,42.6,1,0
70c94cdb-4d67-49f2-ba88-b34bab775276,00:00:42.816,Niko Bungert,13319,FSV Mainz 05,Pass,33.8,43.6,1,0
7e7fc796-7d42-4486-b80f-67a6b63eb243,00:00:44.476,Leon Aderemi Balogun,5467,FSV Mainz 05,Ball Receipt*,34.0,74.4,1,0
1cf79083-22f3-4cb8-8189-b2d18f0cca77,00:00:44.476,Leon Aderemi Balogun,5467,FSV Mainz 05,Carry,34.0,74.4,1,0
51bdd8a3-65a3-4e9b-aefd-067c04607504,00:00:45.634,Leon Aderemi Balogun,5467,FSV Mainz 05,Pass,33.2,75.2,1,0
40623dbc-cb95-43f8-9df9-b4d5f13cce85,00:00:58.401,Oliver Sorg,12316,Hannover 96,Pass,72.4,0.1,1,0
5ce8e26f-6a25-417c-9029-4db55f4ea1cd,00:01:00.532,Felix Klaus,8551,Hannover 96,Ball Receipt*,98.7,8.2,1,1
e7a156b6-c0eb-4e7e-b904-61a55725797e,00:01:00.532,Niko Bungert,13319,FSV Mainz 05,Pass,13.2,69.1,1,1
bd12b0f8-45d0-41b2-a14a-2aa52b88fe69,00:01:01.659,Christian Clemens,9098,FSV Mainz 05,Ball Receipt*,27.1,72.8,1,1
cfa6efed-891f-4d9e-a527-1c6f64ee7c34,00:01:01.659,Christian Clemens,9098,FSV Mainz 05,Pass,29.3,71.5,1,1
897e6ad2-4715-48f1-99ce-1ad667875e7b,00:01:02.716,Oliver Sorg,12316,Hannover 96,Pressure,82.8,12.0,1,1
97045c78-db01-4820-8590-e8b0b5a30e77,00:01:03.294,Yunus Mallı,8679,FSV Mainz 05,Ball Receipt*,35.5,67.7,1,1
fb4474d2-5f6e-410a-bcd6-d324c4339932,00:01:04.512,Edgar Prib,24914,Hannover 96,Pressure,85.1,14.7,1,1
901f81cd-259f-4bb9-9588-d5cf0104c850,00:01:04.619,Yunus Mallı,8679,FSV Mainz 05,Pass,34.8,65.0,1,1
70c78c7b-d607-4f50-9540-fccc666e9055,00:01:06.735,Julian Baumgartlinger,20037,FSV Mainz 05,Ball Receipt*,31.5,61.3,1,1
56b57864-69f0-427d-ab86-7a81c5cc71ef,00:01:06.735,Julian Baumgartlinger,20037,FSV Mainz 05,Carry,31.5,61.3,1,1
fb5e7ba2-cf43-4f00-be98-fecd5e2bfbb6,00:01:06.813,Charlison Benschop,8558,Hannover 96,Ball Recovery,86.5,18.4,1,1
0cf32f21-4812-42d5-afb4-f5d318c39269,00:01:06.969,Julian Baumgartlinger,20037,FSV Mainz 05,Pass,31.8,61.3,1,1
80676e56-23fc-48d7-8b59-9bcfc333c704,00:01:07.566,Yunus Mallı,8679,FSV Mainz 05,Ball Receipt*,34.0,62.2,1,1
a1d4f330-ce2d-4714-bc57-07cfb179bf50,00:01:07.566,Yunus Mallı,8679,FSV Mainz 05,Carry,34.0,62.2,1,1
7959787e-3372-4588-8b5b-3a8ad588d86b,00:01:07.764,Manuel Schmiedebach,8543,Hannover 96,Pressure,83.1,17.9,1,1
28753b6f-db27-4f93-9f04-f5e2eb5646d4,00:01:08.321,Yunus Mallı,8679,FSV Mainz 05,Pass,36.4,63.8,1,1
93c167fb-23f8-4457-ba27-812ab81e0222,00:01:09.173,Christian Clemens,9098,FSV Mainz 05,Ball Receipt*,44.6,72.5,1,1
0aeafb8f-ca89-44be-a027-e833a7815daa,00:01:09.173,Christian Clemens,9098,FSV Mainz 05,Carry,44.6,72.5,1,1
3e8d163a-fbf9-48cb-bd9a-ce56511aa755,00:01:09.968,Oliver Sorg,12316,Hannover 96,Pressure,71.2,8.0,1,1
68a0b767-3db5-4343-938f-50c8d55638aa,00:01:10.387,Christian Clemens,9098,FSV Mainz 05,Pass,50.5,74.3,1,1
cf8ebb4a-bbc6-42d0-ad6a-a4770d450854,00:01:12.126,Yoshinori Muto,6337,FSV Mainz 05,Ball Receipt*,72.6,63.3,1,1
988ec0ab-9a65-4b14-abec-c7180e5b25ed,00:01:12.126,Yoshinori Muto,6337,FSV Mainz 05,Carry,72.6,63.3,1,1
793775e7-8548-48de-b8a5-9e4482d22755,00:01:19.629,Yoshinori Muto,6337,FSV Mainz 05,Pass,99.9,73.4,1,1
8f57d2fe-f7bb-4f85-82f1-a835f0c18327,00:01:20.357,Christian Clemens,9098,FSV Mainz 05,Ball Receipt*,95.5,67.3,1,1
84f5d2c4-6a89-4b54-8233-76c5b79ac2ff,00:01:20.357,Christian Clemens,9098,FSV Mainz 05,Carry,95.5,67.3,1,1
0217e0c3-d845-48e8-942e-0060a237062f,00:01:20.477,Christian Clemens,9098,FSV Mainz 05,Pass,95.1,67.5,1,1
67c8f1cb-e1e8-443d-9813-6454b7b9116e,00:01:21.992,Leon Aderemi Balogun,5467,FSV Mainz 05,Ball Receipt*,92.9,76.8,1,1
c0405831-f764-4b91-a28e-923c47a1ce3d,00:01:37.025,Oliver Sorg,12316,Hannover 96,Pass,32.3,0.1,1,1
c0a73657-d026-44d8-ba70-31063f055cb2,00:01:38.913,Leon Aderemi Balogun,5467,FSV Mainz 05,Pressure,50.7,74.8,1,1
9215791f-b33d-4743-b6c5-892de268c2d9,00:01:40.760,Edgar Prib,24914,Hannover 96,Ball Receipt*,71.8,4.1,1,1
123723c7-f96d-4f2e-952c-dfef86e14cf1,00:01:40.760,Edgar Prib,24914,Hannover 96,Carry,71.8,4.1,1,1
d64991cd-dac9-4df5-93ad-361278e714f1,00:01:42.458,Julian Baumgartlinger,20037,FSV Mainz 05,Pressure,44.8,69.9,1,1
089795f5-993e-4688-84be-6aa08150cf14,00:01:43.461,Leon Aderemi Balogun,5467,FSV Mainz 05,Foul Committed,43.2,68.6,1,1
f1fc0507-bf12-499c-af61-7fb18262f149,00:01:43.461,Edgar Prib,24914,Hannover 96,Foul Won,76.9,11.5,1,1
79e69634-24d7-4ced-8d9b-5c7f905de672,00:01:54.453,Edgar Prib,24914,Hannover 96,Pass,76.9,12.2,1,1
46115ef5-74f0-41a4-90a1-e136304e0df1,00:01:55.741,Salif Sané,5664,Hannover 96,Ball Receipt*,71.6,14.9,1,1
c7409d61-f15b-41a7-804a-ad7e1e6279b5,00:01:55.741,Salif Sané,5664,Hannover 96,Carry,71.6,14.9,1,1
8fe3d3c3-43ae-4526-a5fa-4905997033c6,00:01:57.249,Salif Sané,5664,Hannover 96,Pass,71.0,24.5,1,1
0ac20779-84af-4c70-b8e8-8a1010346a85,00:01:58.915,Marcelo Antônio Guedes Filho,3164,Hannover 96,Ball Receipt*,57.2,47.1,1,1
88fea6d8-9e46-4938-9ffb-856d8d8a8e1b,00:01:58.915,Marcelo Antônio Guedes Filho,3164,Hannover 96,Carry,57.2,47.1,1,1
d94c1290-e0f7-4de8-a042-ef8f4d6fe3d5,00:01:59.711,Yoshinori Muto,6337,FSV Mainz 05,Pressure,60.9,30.4,1,1
ef2b0ab3-e2f7-4fb4-888b-0c6551b589f0,00:01:59.984,Marcelo Antônio Guedes Filho,3164,Hannover 96,Pass,56.1,51.6,1,1
8b19f65b-f189-495a-8a8e-9cd12cedb647,00:02:01.534,Hiroki Sakai,3530,Hannover 96,Ball Receipt*,63.7,76.6,1,2
ad921ff3-7d3b-4f65-8945-71c78fb97d67,00:02:01.534,Hiroki Sakai,3530,Hannover 96,Carry,63.7,76.6,1,2
63cdc541-bda2-4e91-b2d0-2b4f741dd158,00:02:02.342,Hiroki Sakai,3530,Hannover 96,Pass,64.5,75.8,1,2
289365c6-85a1-4050-b684-7d0a17bb05ac,00:02:05.603,Charlison Benschop,8558,Hannover 96,Ball Receipt*,111.6,57.7,1,2
a0cc4d10-532d-4c61-adf1-9371af992935,00:02:05.603,Loris Karius,3630,FSV Mainz 05,Ball Recovery,2.6,22.9,1,2
a68975d1-d898-4d7f-aa59-db52ea16a52e,00:02:05.603,Loris Karius,3630,FSV Mainz 05,Carry,2.6,22.9,1,2
4c9585ba-d930-4202-b7a5-a0311436250c,00:02:11.554,Loris Karius,3630,FSV Mainz 05,Pass,9.2,27.3,1,2
10536112-3596-4ddf-8ef4-811f4fd66ae3,00:02:13.214,Niko Bungert,13319,FSV Mainz 05,Ball Receipt*,17.5,53.6,1,2
99090013-f83c-46b1-ab7c-aeaeb3ca118a,00:02:13.214,Niko Bungert,13319,FSV Mainz 05,Carry,17.5,53.6,1,2
1a7a718c-e605-4351-bf6b-8a89b06761fc,00:02:13.931,Niko Bungert,13319,FSV Mainz 05,Pass,18.7,54.9,1,2
4ef61f6b-b8cc-4104-adf0-8e5420043a14,00:02:15.065,Julian Baumgartlinger,20037,FSV Mainz 05,Ball Receipt*,29.3,47.9,1,2
732df034-de3c-4764-ab7f-edfbbd01ac7d,00:02:15.065,Julian Baumgartlinger,20037,FSV Mainz 05,Carry,29.3,47.9,1,2
1314f9c7-0eee-4ff0-8253-2d20b9b13f50,00:02:15.762,Charlison Benschop,8558,Hannover 96,Pressure,91.2,34.9,1,2
f893cf6e-eb3e-4b02-8af0-3792eef7ce36,00:02:15.863,Julian Baumgartlinger,20037,FSV Mainz 05,Pass,29.3,49.3,1,2
10fa1d55-458a-4c34-9264-19e98afe13f5,00:02:17.599,Niko Bungert,13319,FSV Mainz 05,Ball Receipt*,19.4,57.7,1,2
6ef77123-8cfa-4992-a8be-59dd11071e92,00:02:17.599,Niko Bungert,13319,FSV Mainz 05,Carry,19.4,57.7,1,2
43c81ad7-15d8-422c-811a-ae0434ed8d47,00:02:18.171,Niko Bungert,13319,FSV Mainz 05,Pass,19.8,58.2,1,2
4806fb06-21a0-4903-87b7-68ae9e77fc86,00:02:19.568,Julian Baumgartlinger,20037,FSV Mainz 05,Ball Receipt*,27.1,47.4,1,2
4570d465-f9cc-4418-9a32-787d677e2d76,00:02:19.568,Julian Baumgartlinger,20037,FSV Mainz 05,Carry,27.1,47.4,1,2
a086ead0-800e-4b93-9c1a-887a9270e872,00:02:21.570,Julian Baumgartlinger,20037,FSV Mainz 05,Pass,35.2,43.2,1,2
055ed9a5-923d-4d58-aa73-c8f123b96005,00:02:22.891,Fabian Frei,8561,FSV Mainz 05,Ball Receipt*,43.4,25.7,1,2
98e04d0e-9f45-4cf1-ae51-6beaf82689b7,00:02:22.891,Fabian Frei,8561,FSV Mainz 05,Carry,43.4,25.7,1,2
2614d29c-b05c-4cd9-b758-27fd8559048f,00:02:26.162,Fabian Frei,8561,FSV Mainz 05,Pass,48.9,32.8,1,2
50d369d5-38db-4dd9-9440-14efe00a8707,00:02:27.153,Christian Clemens,9098,FSV Mainz 05,Ball Receipt*,55.2,52.2,1,2
645b9728-f773-44a2-88d3-1ee67c430d46,00:02:27.153,Christian Clemens,9098,FSV Mainz 05,Pass,54.6,53.8,1,2
c26ab958-bd5c-4f35-8921-8344f47c22a1,00:02:28.433,Niko Bungert,13319,FSV Mainz 05,Ball Receipt*,41.7,52.0,1,2
e3e8b42f-8f2f-43e7-9e72-b0cdfd46f1ca,00:02:28.433,Niko Bungert,13319,FSV Mainz 05,Carry,41.7,52.0,1,2
95ad9b61-f343-4450-91a1-2fa440cd8d3c,00:02:30.786,Niko Bungert,13319,FSV Mainz 05,Pass,48.7,55.4,1,2
5ad458a9-a151-4531-a952-99efb61d9318,00:02:32.229,Christian Schulz,400614,Hannover 96,Pressure,41.3,35.3,1,2
15e715a9-01e6-4a66-98d3-195d590064ee,00:02:32.678,Yoshinori Muto,6337,FSV Mainz 05,Ball Receipt*,76.4,44.8,1,2
0210b0b4-717e-44d0-bd98-ef765994f754,00:02:32.678,Yoshinori Muto,6337,FSV Mainz 05,Pass,75.4,44.8,1,2
5db29121-618a-4b15-9a16-149c3895faac,00:02:34.724,Fabian Frei,8561,FSV Mainz 05,Ball Receipt*,67.3,40.1,1,2
0f1f85c6-b586-423d-b0aa-3b029baa3f97,00:02:34.724,Fabian Frei,8561,FSV Mainz 05,Carry,67.3,40.1,1,2
7db51122-4505-4fcd-8ce0-ba93b71742b2,00:02:35.709,Manuel Schmiedebach,8543,Hannover 96,Pressure,47.6,39.3,1,2
be7e3968-29fb-4b69-9628-7701ed4074c3,00:02:36.395,Fabian Frei,8561,FSV Mainz 05,Pass,70.5,42.8,1,2
88ddbf26-a25c-4b8b-a0de-9da43240f6fd,00:02:40.069,Christian Clemens,9098,FSV Mainz 05,Ball Receipt*,108.1,72.6,1,2
c2f81c38-4cec-425c-8bfa-fb5f0f748174,00:02:52.225,Oliver Sorg,12316,Hannover 96,Pass,9.6,0.1,1,2
5b855345-4e2f-42fa-9c47-ce7fb4f810cd,00:02:54.240,Felix Klaus,8551,Hannover 96,Ball Receipt*,33.5,5.1,1,2
485b1106-fb11-432d-926a-76ce8252d0f6,00:02:54.240,Felix Klaus,8551,Hannover 96,Duel,32.9,5.5,1,2
7684073c-2c8a-4075-bfc8-1b066955a7ff,00:02:54.240,Julian Baumgartlinger,20037,FSV Mainz 05,Pass,87.2,74.6,1,2
4f91edef-7e61-4de4-9329-e36e8ed9e226,00:02:55.656,Yunus Mallı,8679,FSV Mainz 05,Pressure,90.9,67.5,1,2
3267f3bc-d1cb-47a0-b44d-b07ddcad690d,00:02:56.108,Yunus Mallı,8679,FSV Mainz 05,Ball Receipt*,90.4,66.6,1,2
bbcbe7d5-e8f2-4ea4-b670-a096a45f0e26,00:02:56.108,Salif Sané,5664,Hannover 96,Pass,29.9,14.6,1,2
d90670e8-30b3-4ff5-87e0-13209582daa7,00:02:56.684,Charlison Benschop,8558,Hannover 96,Ball Receipt*,43.5,12.2,1,2
a7528a39-cfaf-480b-bce4-e75c5034253a,00:02:56.684,Charlison Benschop,8558,Hannover 96,Carry,43.5,12.2,1,2
74af6595-d765-40ef-ae93-99b3a597fe62,00:02:56.724,Charlison Benschop,8558,Hannover 96,Pass,43.3,11.1,1,2
c2fa5990-cd01-44cd-aca8-3f633350d57e,00:02:58.714,Manuel Schmiedebach,8543,Hannover 96,Ball Receipt*,49.3,28.9,1,2
c1f8e84d-d02d-49af-9d1e-1de554a38106,00:02:58.714,Manuel Schmiedebach,8543,Hannover 96,Carry,49.3,28.9,1,2
3263f079-c9bc-4b46-9127-26ec3912f41d,00:02:59.046,Manuel Schmiedebach,8543,Hannover 96,Pass,51.3,34.3,1,2
a4e0335e-5e4a-4d7b-9c9b-59238e3ea027,00:03:00.517,Uffe Manich Bech,24244,Hannover 96,Ball Receipt*,78.6,61.8,1,3
d20ef2dc-9bd2-400f-a565-b55f28658cf9,00:03:00.517,Uffe Manich Bech,24244,Hannover 96,Carry,78.6,61.8,1,3
e3e4f026-3a6f-4847-b0c1-d35dd3bafd51,00:03:01.181,Pierre Bengtsson,20871,FSV Mainz 05,Pressure,34.2,20.5,1,3
84b16ebe-d012-46ac-9824-b05143ea9ed8,00:03:06.265,Uffe Manich Bech,24244,Hannover 96,Pass,85.7,42.2,1,3
bf5b78ad-d8a8-4025-a295-8957c0b56f99,00:03:08.783,Felix Klaus,8551,Hannover 96,Ball Receipt*,105.3,11.0,1,3
e1928b69-1be9-4d3b-a947-3aa1f4a07e47,00:03:08.783,Felix Klaus,8551,Hannover 96,Carry,105.3,11.0,1,3
4403d32b-cf05-4723-9738-b046ebaeb17c,00:03:11.245,Felix Klaus,8551,Hannover 96,Shot,109.4,22.9,1,3
a601d1f5-980e-4ac1-a187-8ab772450934,00:03:11.893,Loris Karius,3630,FSV Mainz 05,Goal Keeper,2.3,44.5,1,3
ca158da5-c1ab-473f-bebf-f147f011da16,00:03:15.886,Loris Karius,3630,FSV Mainz 05,Pass,7.1,43.2,1,3
7b87a9f8-8056-4fbc-8208-a6194ce91a56,00:03:18.461,Yoshinori Muto,6337,FSV Mainz 05,Ball Receipt*,69.3,2.6,1,3
25281085-bf7b-4b43-a3aa-bad32eb500cb,00:03:28.423,Hiroki Sakai,3530,Hannover 96,Pass,50.4,80.0,1,3
5c67050b-9b52-41a9-b64a-4ecebcca2d73,00:03:31.663,Ron-Robert Zieler,8947,Hannover 96,Ball Receipt*,22.6,60.1,1,3
41f88659-63eb-4ffe-942a-229904e3028e,00:03:31.663,Ron-Robert Zieler,8947,Hannover 96,Carry,22.6,60.1,1,3
f9ad5076-58a3-4188-a61e-0fcb0d3deb12,00:03:33.216,Ron-Robert Zieler,8947,Hannover 96,Pass,28.4,55.9,1,3
3e41e4cf-b5c0-4e74-9333-8f878bf25ba8,00:03:34.575,Christian Schulz,400614,Hannover 96,Ball Receipt*,31.9,35.3,1,3
941288da-a9dc-4ffc-a984-92897d22eb04,00:03:34.575,Christian Schulz,400614,Hannover 96,Carry,31.9,35.3,1,3
71f505e8-9d88-49bc-a581-98eccdf22c63,00:03:35.466,Christian Schulz,400614,Hannover 96,Pass,34.7,32.0,1,3
3f27dc71-509d-4f71-90f3-3307ba01b735,00:03:36.332,Julian Baumgartlinger,20037,FSV Mainz 05,Pressure,66.8,53.6,1,3
ded90bad-7232-4c8a-a2e5-c6f08afa32e4,00:03:36.623,Edgar Prib,24914,Hannover 96,Ball Receipt*,49.2,27.6,1,3
55054ff8-0fb9-4471-801d-9bc67fef9b40,00:03:36.623,Edgar Prib,24914,Hannover 96,Carry,49.2,27.6,1,3
2953faba-8a23-4595-a89e-bda91aa941fe,00:03:36.663,Edgar Prib,24914,Hannover 96,Pass,50.4,27.1,1,3
3cd46051-c8ad-44d9-8d75-5c7e7457fbb6,00:03:38.273,Ron-Robert Zieler,8947,Hannover 96,Ball Receipt*,20.6,40.8,1,3
78c2b5cf-dce6-4c61-bb86-8419579e932c,00:03:38.273,Ron-Robert Zieler,8947,Hannover 96,Carry,20.6,40.8,1,3
02647fe5-f467-4463-8632-dc4f000e27fe,00:03:39.901,Ron-Robert Zieler,8947,Hannover 96,Pass,25.9,41.4,1,3
648f8ed4-1d5e-42f3-8251-d5c37b5a7d40,00:03:41.806,Marcelo Antônio Guedes Filho,3164,Hannover 96,Ball Receipt*,42.5,72.0,1,3
96835e1e-7ba7-4397-822f-70d275e90c8f,00:03:41.806,Marcelo Antônio Guedes Filho,3164,Hannover 96,Carry,42.5,72.0,1,3
61408f6d-2e28-482c-a005-f4db5fa11e34,00:03:43.526,Marcelo Antônio Guedes Filho,3164,Hannover 96,Pass,38.2,73.6,1,3
c0a5db93-d833-4895-a41c-629882e81fd1,00:03:45.345,Ron-Robert Zieler,8947,Hannover 96,Ball Receipt*,25.7,49.9,1,3
b9e765cf-6685-4fb0-b862-45c28ec3f078,00:03:45.345,Ron-Robert Zieler,8947,Hannover 96,Carry,25.7,49.9,1,3
bdab1f86-7da6-4bea-a34c-d880cab51332,00:03:47.260,Ron-Robert Zieler,8947,Hannover 96,Pass,28.8,48.5,1,3
d840e3fe-875f-4a2d-a391-2604ce9f45ad,00:03:48.885,Christian Schulz,400614,Hannover 96,Ball Receipt*,33.1,23.2,1,3
07b1ad43-4ccd-4332-b736-1be27316679f,00:03:48.885,Christian Schulz,400614,Hannover 96,Carry,33.1,23.2,1,3
ef7ba714-cc77-49b7-80d9-a18c903456c6,00:03:51.926,Yunus Mallı,8679,FSV Mainz 05,Pressure,76.6,67.5,1,3
6bc57463-0911-409d-8a1b-e89db1bbcc1a,00:03:52.350,Christian Schulz,400614,Hannover 96,Pass,41.1,12.2,1,3
17b47d0e-2176-468f-ad2b-90e138c920b0,00:03:55.015,Ron-Robert Zieler,8947,Hannover 96,Ball Receipt*,17.0,38.7,1,3
b66869b9-4243-4bc7-a716-acba3d5eaaa4,00:03:55.015,Ron-Robert Zieler,8947,Hannover 96,Carry,17.0,38.7,1,3
777f2a64-0beb-45fc-9b5a-dedaecc0747a,00:03:56.446,Ron-Robert Zieler,8947,Hannover 96,Pass,21.7,38.2,1,3
11eb7a36-fafd-4dab-bd69-3d63f1436011,00:03:58.649,Marcelo Antônio Guedes Filho,3164,Hannover 96,Ball Receipt*,33.3,73.0,1,3
8d51c56b-7f29-4f9a-8d37-2f52f2888138,00:03:58.649,Marcelo Antônio Guedes Filho,3164,Hannover 96,Carry,33.3,73.0,1,3
2e3b131c-6aab-46ef-a12d-a1f0806c2e9d,00:04:00.987,Marcelo Antônio Guedes Filho,3164,Hannover 96,Pass,42.3,75.5,1,4
91cdcf60-f0a8-4bf3-8e64-1a668c9e9ebb,00:04:03.302,Uffe Manich Bech,24244,Hannover 96,Pressure,91.2,74.8,1,4
718a67aa-22de-45dc-8cde-b88c923a914a,00:04:03.473,Uffe Manich Bech,24244,Hannover 96,Ball Receipt*,91.0,76.2,1,4
a0c51292-1a7d-4df4-bd26-66d41c9f3dc8,00:04:03.473,Pierre Bengtsson,20871,FSV Mainz 05,Interception,30.2,3.2,1,4
3a9d34fd-91b7-4799-b4da-474ea7c655e1,00:04:03.999,Jairo Samperio Bustara,6925,FSV Mainz 05,Pressure,42.4,4.8,1,4
59674e20-45da-4472-a6a9-6b6d27072ff0,00:04:04.288,Manuel Schmiedebach,8543,Hannover 96,Interception,82.0,75.8,1,4
37bd1cfc-cb51-48b0-9bf2-3abac5ec76d2,00:04:21.703,Pierre Bengtsson,20871,FSV Mainz 05,Pass,35.5,0.1,1,4
6009b189-c192-4134-a1fa-bbff562f69b0,00:04:23.161,Jairo Samperio Bustara,6925,FSV Mainz 05,Ball Receipt*,52.9,7.5,1,4
9ec12ed2-b575-437b-8a7e-487c955a3f8b,00:04:23.161,Hiroki Sakai,3530,Hannover 96,Pass,67.4,73.0,1,4
a9617cdb-8d07-4032-9111-91c07d028f90,00:04:23.161,Jairo Samperio Bustara,6925,FSV Mainz 05,Duel,52.7,7.1,1,4
68c4f1c8-d449-4931-a4b1-a4d0611a0b88,00:04:24.853,Uffe Manich Bech,24244,Hannover 96,Ball Receipt*,72.2,74.8,1,4
19aff134-2b49-42f1-9cbc-deb29276304f,00:04:24.853,Uffe Manich Bech,24244,Hannover 96,Duel,71.4,75.5,1,4
fcf18e45-1109-4d0f-9dbb-dfcedd54b2e5,00:04:24.853,Jairo Samperio Bustara,6925,FSV Mainz 05,Pass,48.7,4.6,1,4
1df3853b-f8f5-4351-8da3-460c83c7b682,00:04:26.235,Yoshinori Muto,6337,FSV Mainz 05,Ball Receipt*,58.4,5.9,1,4
a364abbe-3e74-4cfe-9a53-3793c9018b22,00:04:26.235,Marcelo Antônio Guedes Filho,3164,Hannover 96,Pass,61.0,75.0,1,4
7552cba4-b078-4bca-9cb9-11db7eae0041,00:04:28.115,Manuel Schmiedebach,8543,Hannover 96,Ball Receipt*,79.3,76.2,1,4
212f9e39-8dc7-4024-87d9-f6658b164fb5,00:04:28.115,Manuel Schmiedebach,8543,Hannover 96,Carry,79.3,76.2,1,4
d8bdd67e-403c-4395-ae97-d65f6d5e040c,00:04:28.313,Manuel Schmiedebach,8543,Hannover 96,Miscontrol,76.7,75.1,1,4
64dbc3ae-0b9b-4363-a528-c155ca727604,00:04:44.262,Pierre Bengtsson,20871,FSV Mainz 05,Pass,49.1,0.1,1,4
c2de61f6-b786-460f-93e9-88e4fae4e7ad,00:04:45.209,Yunus Mallı,8679,FSV Mainz 05,Ball Receipt*,54.4,6.5,1,4
5bd5af13-8824-49c3-bb5c-8a68f3e1b02e,00:04:45.209,Yunus Mallı,8679,FSV Mainz 05,Carry,54.4,6.5,1,4
b19a05bb-3bdd-42c3-9f73-c51e38ab6401,00:04:45.249,Yunus Mallı,8679,FSV Mainz 05,Pass,53.2,6.8,1,4
99cb36ef-baef-44ec-92f8-307c1b98f11d,00:04:45.968,Pierre Bengtsson,20871,FSV Mainz 05,Ball Receipt*,40.6,4.6,1,4
4829e6e5-472d-47b7-8ff7-f0372bfcead6,00:04:45.968,Pierre Bengtsson,20871,FSV Mainz 05,Carry,40.6,4.6,1,4
fc0ac445-bde0-461d-9276-e50bfaf08aa7,00:04:48.175,Pierre Bengtsson,20871,FSV Mainz 05,Pass,42.8,6.1,1,4
5d4db46a-4366-448c-9226-3d0dd7ecd19d,00:04:50.658,Niko Bungert,13319,FSV Mainz 05,Ball Receipt*,27.1,36.1,1,4
39e9e1e9-2a14-4862-b93d-34b028f628bc,00:04:50.658,Niko Bungert,13319,FSV Mainz 05,Carry,27.1,36.1,1,4
740878ad-67c5-4845-b30e-775dd95db5c8,00:04:54.211,Niko Bungert,13319,FSV Mainz 05,Pass,34.0,42.1,1,4
8db5566e-7698-427d-a725-e066ff3d1751,00:04:55.892,Fabian Frei,8561,FSV Mainz 05,Ball Receipt*,47.7,32.6,1,4
f3997778-8dbc-4401-8f8f-562049a1bb1c,00:04:55.892,Fabian Frei,8561,FSV Mainz 05,Carry,47.7,32.6,1,4
67944caa-fee9-47ba-994e-a1d679415d51,00:04:56.012,Fabian Frei,8561,FSV Mainz 05,Pass,45.2,33.0,1,4
c6ec8fb5-793a-43a0-a2a0-f6f45608e5d4,00:04:57.405,Niko Bungert,13319,FSV Mainz 05,Ball Receipt*,30.0,33.4,1,4
bb5466a5-eb2e-4f18-97fd-863ebd94ae9d,00:04:57.405,Niko Bungert,13319,FSV Mainz 05,Carry,30.0,33.4,1,4
e578b040-47ab-4f32-a4bb-f5d64be709de,00:05:01.132,Niko Bungert,13319,FSV Mainz 05,Pass,41.0,31.3,1,5
bd194c63-35e0-49c9-999f-ea4ff9bf3022,00:05:02.658,Stefan Bell,8559,FSV Mainz 05,Ball Receipt*,44.1,11.0,1,5
828e1b07-3ca5-47a9-bb71-07b2de7f6fc3,00:05:02.658,Stefan Bell,8559,FSV Mainz 05,Carry,44.1,11.0,1,5
2069ff38-5fe4-400e-aec2-4cb5eb0b6b41,00:05:04.545,Stefan Bell,8559,FSV Mainz 05,Pass,48.7,11.0,1,5
deda88d8-d89d-4d9c-a133-8d21532b5b98,00:05:06.563,Pierre Bengtsson,20871,FSV Mainz 05,Ball Receipt*,97.6,6.5,1,5
2f5e64e1-dd36-47cc-aef3-c528b7ff3adc,00:05:06.563,Marcelo Antônio Guedes Filho,3164,Hannover 96,Pass,28.8,69.8,1,5
c437e6ab-5653-4056-80d3-db02344d1df2,00:05:07.674,Uffe Manich Bech,24244,Hannover 96,Ball Receipt*,43.7,69.1,1,5
17232d97-2a3a-471d-a861-075a940d9eb5,00:05:07.717,Uffe Manich Bech,24244,Hannover 96,Pass,43.7,68.3,1,5
bcf04174-3e8a-44b0-880e-a1a9b489125f,00:05:08.844,Salif Sané,5664,Hannover 96,Ball Receipt*,35.6,66.9,1,5
7d1e8190-2da5-40e4-8913-7d3705701ddd,00:05:08.844,Salif Sané,5664,Hannover 96,Carry,35.6,66.9,1,5
94287fec-a95b-4df4-93e6-979d8dd21c9d,00:05:08.904,Yoshinori Muto,6337,FSV Mainz 05,Pressure,86.8,14.5,1,5
36312391-f669-4ac5-a517-d17277a11a97,00:05:09.712,Salif Sané,5664,Hannover 96,Dispossessed,37.0,66.5,1,5
7eb98dd1-9d77-435f-a980-c5e6876c1768,00:05:09.712,Yoshinori Muto,6337,FSV Mainz 05,Duel,83.1,13.6,1,5
49508351-590d-4fc1-87b5-f5c71196e9ac,00:05:10.594,Pierre Bengtsson,20871,FSV Mainz 05,Ball Recovery,84.9,9.4,1,5
da2e9901-16a4-4974-92e9-344d9f8b744b,00:05:10.594,Pierre Bengtsson,20871,FSV Mainz 05,Carry,84.9,9.4,1,5
575e9011-2ee7-450b-a3b6-5827ffdf1b4d,00:05:11.563,Pierre Bengtsson,20871,FSV Mainz 05,Pass,83.6,12.8,1,5
ad0e9614-9485-4170-81eb-772f4aeebb87,00:05:12.192,Edgar Prib,24914,Hannover 96,Pressure,35.4,60.5,1,5
a9fd96c1-1f60-4e58-ba92-9abc66fb5941,00:05:12.285,Yunus Mallı,8679,FSV Mainz 05,Ball Receipt*,81.9,18.9,1,5
5e90f437-a8b3-4e03-9a60-cca737f3a902,00:05:12.285,Yunus Mallı,8679,FSV Mainz 05,Carry,81.9,18.9,1,5
0c9e4871-af10-4302-9739-4b80c65d534d,00:05:13.264,Yunus Mallı,8679,FSV Mainz 05,Dispossessed,80.7,19.4,1,5
8ade0d16-3ded-4bcf-802c-b56910921f13,00:05:13.264,Edgar Prib,24914,Hannover 96,Duel,39.4,60.7,1,5
a0c61606-635d-49ca-b263-8a71c9566659,00:05:13.264,Edgar Prib,24914,Hannover 96,Carry,39.4,60.7,1,5
8db81829-2369-4de6-8fbb-d1edd0a0f3e2,00:05:13.655,Pierre Bengtsson,20871,FSV Mainz 05,Pressure,80.9,18.5,1,5
c93a7484-f64f-4bdf-9d87-cdfc78ee30df,00:05:13.961,Edgar Prib,24914,Hannover 96,Pass,38.2,62.7,1,5
ba6947c1-c976-4ccb-983c-7617d66058e5,00:05:14.983,Manuel Schmiedebach,8543,Hannover 96,Ball Receipt*,45.3,69.5,1,5
759b25ab-ff06-4c6c-a14b-4aec57213912,00:05:14.983,Manuel Schmiedebach,8543,Hannover 96,Carry,45.3,69.5,1,5
380ad1a0-0df6-41c1-a61f-4fb58659324b,00:05:15.394,Fabian Frei,8561,FSV Mainz 05,Pressure,72.6,11.0,1,5
33419677-ec40-4483-9932-6c9bf86fdb72,00:05:18.709,Manuel Schmiedebach,8543,Hannover 96,Dispossessed,66.1,76.2,1,5
a532d035-77a3-47fe-b1dd-3b47b97aa16f,00:05:18.709,Fabian Frei,8561,FSV Mainz 05,Duel,54.0,3.9,1,5
7814a69e-07f8-44fc-b23a-29073b28f334,00:05:21.725,Manuel Schmiedebach,8543,Hannover 96,Pass,70.2,80.0,1,5
b0a87f24-d5cf-4a82-84d5-6d32e3392e03,00:05:22.651,Niko Bungert,13319,FSV Mainz 05,Pressure,36.2,10.1,1,5
e20d10a5-7183-49f0-a284-a3197480fcc0,00:05:22.922,Charlison Benschop,8558,Hannover 96,Ball Receipt*,82.4,70.7,1,5
4fbbc8dc-ba07-4f56-ac9e-4d33b09bceee,00:05:22.922,Charlison Benschop,8558,Hannover 96,Carry,82.4,70.7,1,5
68ec0fc5-f74d-4ac3-942e-0b97f7e070d8,00:05:23.015,Charlison Benschop,8558,Hannover 96,Miscontrol,83.0,69.3,1,5
c0453a6c-684d-41ce-b3ea-6e8bb0b2c1cf,00:05:23.572,Charlison Benschop,8558,Hannover 96,Pressure,80.2,69.1,1,5
e9d566dc-f72c-4221-ba7b-2503fe5c9204,00:05:24.069,Julian Baumgartlinger,20037,FSV Mainz 05,Pass,41.7,11.4,1,5
cd5d9696-4a73-4c14-9260-f154b283ddef,00:05:25.053,Pierre Bengtsson,20871,FSV Mainz 05,Ball Receipt*,34.0,4.8,1,5
260f48a0-16a5-495a-ad9c-a35fed28baf2,00:05:25.053,Pierre Bengtsson,20871,FSV Mainz 05,Pass,34.0,6.1,1,5
6cd3ff49-9367-4cd5-9e27-cbeb9ee9ff63,00:05:26.042,Niko Bungert,13319,FSV Mainz 05,Ball Receipt*,36.6,15.4,1,5
01b2e7aa-b4cf-46f6-b52c-79617e96120c,00:05:26.042,Niko Bungert,13319,FSV Mainz 05,Carry,36.6,15.4,1,5
c127a25b-06f3-4b9c-ae85-b8b07f164cb9,00:05:26.268,Niko Bungert,13319,FSV Mainz 05,Pass,35.2,17.4,1,5
81a29028-e014-49da-847a-ad7b2050ec62,00:05:27.237,Stefan Bell,8559,FSV Mainz 05,Ball Receipt*,28.1,13.0,1,5
167dc525-04e1-4f7d-9ec1-8759e40fa38d,00:05:27.237,Stefan Bell,8559,FSV Mainz 05,Carry,28.1,13.0,1,5
49e2b665-6d63-4173-8153-ba693dec0017,00:05:30.037,Stefan Bell,8559,FSV Mainz 05,Pass,26.9,15.6,1,5
696a6c18-ba2b-486c-806a-99bce54cb0ea,00:05:31.030,Niko Bungert,13319,FSV Mainz 05,Ball Receipt*,26.0,25.3,1,5
ac71ed4c-2f67-4a87-9573-2bf5dad3dbac,00:05:31.030,Niko Bungert,13319,FSV Mainz 05,Carry,26.0,25.3,1,5
e1a49619-7af3-4b3c-8b58-f72c735e9a08,00:05:31.835,Niko Bungert,13319,FSV Mainz 05,Pass,27.9,26.2,1,5
365b5202-f683-422e-b687-3a8edd624221,00:05:33.356,Stefan Bell,8559,FSV Mainz 05,Ball Receipt*,25.8,16.3,1,5
14c2c80a-5ff4-4d42-9cec-10615687fb81,00:05:33.356,Stefan Bell,8559,FSV Mainz 05,Carry,25.8,16.3,1,5
998f2284-cfdc-4eb6-bb1f-fd665256d2db,00:05:34.970,Stefan Bell,8559,FSV Mainz 05,Pass,23.0,16.9,1,5
b3154f2b-8f86-4772-b984-2fb1c1066a13,00:05:37.255,Loris Karius,3630,FSV Mainz 05,Ball Receipt*,8.5,35.2,1,5
8254f595-99bf-4623-84c4-3b70539fcf10,00:05:37.255,Loris Karius,3630,FSV Mainz 05,Carry,8.5,35.2,1,5
b6a7e590-7c1d-49bc-8bab-dd5f9b8b4c15,00:05:39.446,Loris Karius,3630,FSV Mainz 05,Pass,8.1,41.2,1,5
f67a8cf1-fb74-46b4-b407-7c635302e657,00:05:45.824,Christian Clemens,9098,FSV Mainz 05,Ball Receipt*,97.6,75.4,1,5
1260b001-66e6-45d2-9c4f-0e78648b6366,00:05:45.824,Christian Clemens,9098,FSV Mainz 05,Carry,97.6,75.4,1,5
0661d9bd-fc71-46c2-8ec6-92a7563e9f60,00:05:48.012,Christian Clemens,9098,FSV Mainz 05,Pass,112.3,73.6,1,5
b278828c-4d46-4cb2-b117-339b44edddb4,00:05:49.246,Yoshinori Muto,6337,FSV Mainz 05,Ball Receipt*,109.2,39.5,1,5
8f4c833b-752a-472c-9a96-a35a3c9cd986,00:05:49.246,Marcelo Antônio Guedes Filho,3164,Hannover 96,Pass,8.7,40.6,1,5
0c517c0d-0c85-45d3-a6bd-69b6d98ec61f,00:05:50.457,Christian Schulz,400614,Hannover 96,Ball Receipt*,4.0,24.1,1,5
d619668e-6365-4117-825f-8641f312ffbd,00:05:50.457,Christian Schulz,400614,Hannover 96,Carry,4.0,24.1,1,5
371a1c87-fecd-40f7-a041-ac1bbdea4f49,00:05:50.618,Christian Schulz,400614,Hannover 96,Pass,5.0,22.6,1,5
8d68afe5-4e98-42d2-aeab-9e818ad6c6c7,00:05:52.168,Julian Baumgartlinger,20037,FSV Mainz 05,Pressure,84.1,56.0,1,5
fca9e24e-6e40-4a61-910f-b320d954653e,00:05:52.317,Edgar Prib,24914,Hannover 96,Ball Receipt*,35.6,24.7,1,5
a5562dca-2637-471b-8b7b-de52d22bc732,00:05:52.437,Edgar Prib,24914,Hannover 96,Pass,34.5,24.1,1,5
d6cdd902-aef4-4fd4-8700-74aefc4800e3,00:05:53.993,Charlison Benschop,8558,Hannover 96,Ball Receipt*,50.2,29.8,1,5
59078de8-5a0f-4a23-9dd1-6a32e279898f,00:05:53.993,Niko Bungert,13319,FSV Mainz 05,Pass,72.6,53.2,1,5
381edca9-3fc9-4147-bb90-effdcf38f573,00:05:55.110,Jairo Samperio Bustara,6925,FSV Mainz 05,Ball Receipt*,77.8,32.6,1,5
2e799ff8-5da4-4978-af57-3a98d0c066b4,00:05:55.110,Jairo Samperio Bustara,6925,FSV Mainz 05,Carry,77.8,32.6,1,5
80669c80-2597-49ac-98f0-cac5f6886ccf,00:05:56.599,Jairo Samperio Bustara,6925,FSV Mainz 05,Pass,73.2,38.8,1,5
46334d3e-2ed1-4a8a-b9f6-2db6538bfa9c,00:05:57.997,Niko Bungert,13319,FSV Mainz 05,Ball Receipt*,57.8,59.1,1,5
847f20a7-0c90-4b88-a0ec-4d3758a7fd33,00:05:57.997,Niko Bungert,13319,FSV Mainz 05,Carry,57.8,59.1,1,5
28dddee7-9029-452e-9051-40a3fd859598,00:05:59.004,Niko Bungert,13319,FSV Mainz 05,Pass,57.6,60.7,1,5
5c4462f5-ba52-4011-a0bd-dcdb5a8b82ee,00:06:00.494,Leon Aderemi Balogun,5467,FSV Mainz 05,Ball Receipt*,77.9,74.3,1,6
79bcaa16-7c87-494f-a8f2-eccd83ac5838,00:06:00.494,Leon Aderemi Balogun,5467,FSV Mainz 05,Carry,77.9,74.3,1,6
05c1d802-5b7f-4f53-a20c-4513c55f84ac,00:06:01.540,Leon Aderemi Balogun,5467,FSV Mainz 05,Pass,78.1,74.4,1,6
489377de-f032-440c-846d-f5a94420a722,00:06:02.191,Christian Clemens,9098,FSV Mainz 05,Ball Receipt*,89.8,76.1,1,6
f33ed422-248a-4ec4-8e98-8ef0065dd440,00:06:02.191,Oliver Sorg,12316,Hannover 96,Interception,32.3,4.1,1,6
f5fbf24d-3030-4239-9f75-701cabbe727e,00:06:08.051,Leon Aderemi Balogun,5467,FSV Mainz 05,Pass,77.0,80.0,1,6
53ca26af-4c70-477c-b4dc-cb031d98fa12,00:06:09.030,Julian Baumgartlinger,20037,FSV Mainz 05,Ball Receipt*,74.8,59.3,1,6
b9bbb960-5b97-4b76-9568-a26b375f1092,00:06:11.036,Edgar Prib,24914,Hannover 96,Pressure,48.8,30.5,1,6
d139f595-31bf-44a7-8a6a-a28c1b84da76,00:06:11.131,Julian Baumgartlinger,20037,FSV Mainz 05,Pass,68.8,48.5,1,6
4f7f64b9-fab0-4d18-a1b6-996685ecbe63,00:06:12.923,Stefan Bell,8559,FSV Mainz 05,Ball Receipt*,55.0,34.2,1,6
0a0b2a9f-615b-4f02-a07f-483678605de6,00:06:12.923,Stefan Bell,8559,FSV Mainz 05,Carry,55.0,34.2,1,6
e0ad0968-3285-4247-b623-01e9ce09a559,00:06:15.222,Stefan Bell,8559,FSV Mainz 05,Pass,44.4,15.4,1,6
064b4391-f546-4c18-96db-e04322cceaad,00:06:17.418,Loris Karius,3630,FSV Mainz 05,Ball Receipt*,24.5,32.8,1,6
dabba12d-7ded-4552-9a1e-772a1e8a377b,00:06:17.418,Loris Karius,3630,FSV Mainz 05,Carry,24.5,32.8,1,6
5a04dd95-a807-4129-953e-911801853d5b,00:06:17.620,Loris Karius,3630,FSV Mainz 05,Pass,25.1,33.8,1,6
7320cb50-f2dc-44c0-9c88-e16064a44992,00:06:20.172,Stefan Bell,8559,FSV Mainz 05,Ball Receipt*,35.0,7.7,1,6
b4db6f7e-02bb-4328-99a9-1e9b24cffeed,00:06:20.172,Stefan Bell,8559,FSV Mainz 05,Carry,35.0,7.7,1,6
ae2df4b0-487e-46e7-81f9-7322b883e5ca,00:06:21.112,Stefan Bell,8559,FSV Mainz 05,Pass,35.2,7.7,1,6
5002c53c-4e40-4ef8-928e-3dc16ce22019,00:06:22.453,Julian Baumgartlinger,20037,FSV Mainz 05,Ball Receipt*,42.3,17.3,1,6
7e7e2bda-e5b7-4dd0-b9e7-285efde51662,00:06:22.453,Julian Baumgartlinger,20037,FSV Mainz 05,Carry,42.3,17.3,1,6
ba1e683d-245b-42b5-b862-2a2d2602cd8d,00:06:23.192,Julian Baumgartlinger,20037,FSV Mainz 05,Pass,42.4,18.1,1,6
a4abe2ff-4403-4fd3-9a20-78d7cd444ce8,00:06:25.742,Stefan Bell,8559,FSV Mainz 05,Ball Receipt*,41.7,5.0,1,6
7d6b0fa9-6b29-4ec4-bb36-6099efe76dcc,00:06:25.742,Stefan Bell,8559,FSV Mainz 05,Carry,41.7,5.0,1,6
452eeae8-be6b-4be5-aba0-fbe88bec8785,00:06:28.364,Manuel Schmiedebach,8543,Hannover 96,Pressure,76.0,64.4,1,6
cefeb3e2-09b5-4b88-892e-3df2c967d0fe,00:06:29.214,Stefan Bell,8559,FSV Mainz 05,Pass,43.4,20.0,1,6
225405ae-3b08-427d-a96a-107f6bc4ed3d,00:06:34.624,Jairo Samperio Bustara,6925,FSV Mainz 05,Ball Receipt*,103.1,10.6,1,6
fb8a48e1-6686-4101-bb02-9da50a70168a,00:06:49.923,Ron-Robert Zieler,8947,Hannover 96,Pass,7.0,36.1,1,6
fb6eee07-978f-4da9-a1c7-c14dff296271,00:06:51.528,Edgar Prib,24914,Hannover 96,Ball Receipt*,48.4,50.1,1,6
2a4ca0fd-f760-4e5a-b52b-96a4f007012f,00:06:52.542,Edgar Prib,24914,Hannover 96,Pass,48.4,50.6,1,6
6f30f9ed-2b54-47a3-aa17-6f7d3a5096ae,00:06:53.933,Manuel Schmiedebach,8543,Hannover 96,Ball Receipt*,44.3,59.2,1,6
7808ec04-3a93-47bb-8e9f-cf1e3d10c739,00:06:54.975,Manuel Schmiedebach,8543,Hannover 96,Pass,49.8,60.9,1,6
2060ef78-4d07-4aa6-8390-e33c876316be,00:07:00.320,Uffe Manich Bech,24244,Hannover 96,Ball Receipt*,106.2,77.3,1,7
6116b1ac-c8cd-41ae-98f4-cebb4156e431,00:07:32.631,Pierre Bengtsson,20871,FSV Mainz 05,Pass,14.8,0.1,1,7
9e545b93-8b8d-43f1-8f6d-2e0a6faee77d,00:07:33.215,Hiroki Sakai,3530,Hannover 96,Pressure,82.4,72.0,1,7
5a653fd2-f99a-46f5-80dd-7d744a0744e1,00:07:33.651,Yunus Mallı,8679,FSV Mainz 05,Ball Receipt*,37.5,7.3,1,7
44e5f146-4e54-40aa-8189-46f18bedd32e,00:07:33.651,Yunus Mallı,8679,FSV Mainz 05,Carry,37.5,7.3,1,7
20a38a06-8963-48da-9066-0d85d4d01b60,00:07:33.862,Yunus Mallı,8679,FSV Mainz 05,Dispossessed,35.5,7.9,1,7
7b8d3af7-3e9d-4188-93be-ae802cdc44db,00:07:33.862,Hiroki Sakai,3530,Hannover 96,Duel,84.6,72.2,1,7
605e0984-076e-43c5-bef0-e7ac726a93e1,00:07:35.071,Manuel Schmiedebach,8543,Hannover 96,Pass,85.7,72.6,1,7
625a6733-c980-4a83-9e5b-23b66dded526,00:07:35.880,Uffe Manich Bech,24244,Hannover 96,Ball Receipt*,92.0,77.9,1,7
1b847243-a4ef-49ee-8cd0-0f3d6ef72841,00:07:35.880,Uffe Manich Bech,24244,Hannover 96,Carry,92.0,77.9,1,7
f28bf46b-7914-442d-b795-3388ecaa543a,00:07:36.129,Uffe Manich Bech,24244,Hannover 96,Miscontrol,92.4,77.5,1,7
4da0fc68-a76b-405e-b0cb-db3f3ef7d7ee,00:07:46.879,Pierre Bengtsson,20871,FSV Mainz 05,Pass,28.9,0.1,1,7
f62e15a6-d8a4-404d-b6c2-87c8a18f0938,00:07:48.063,Yunus Mallı,8679,FSV Mainz 05,Ball Receipt*,43.2,11.0,1,7
e5c405ba-8b4e-4a91-a8bc-2ad80f23ab6a,00:07:48.063,Yunus Mallı,8679,FSV Mainz 05,Pass,43.0,11.8,1,7
0693f4a5-549b-42de-b77d-2d78a74e7e20,00:07:49.900,Yoshinori Muto,6337,FSV Mainz 05,Ball Receipt*,49.9,6.7,1,7
a67f3cd9-7d6f-481e-bb27-5a25a229bc7a,00:07:49.900,Yoshinori Muto,6337,FSV Mainz 05,Duel,50.5,5.7,1,7
b26acf0f-138e-4cd7-b962-1858418ec691,00:07:49.900,Hiroki Sakai,3530,Hannover 96,Pass,69.6,74.4,1,7
61f9d154-661e-4290-8d35-7ba09c51313a,00:07:51.446,Manuel Schmiedebach,8543,Hannover 96,Ball Receipt*,78.2,78.6,1,7
40ad12e9-4644-45f1-a82d-caf5dd51b80a,00:08:00.930,Pierre Bengtsson,20871,FSV Mainz 05,Pass,43.4,0.1,1,8
2a4c0449-6938-43af-9b75-40eaaeee8fa5,00:08:01.657,Julian Baumgartlinger,20037,FSV Mainz 05,Ball Receipt*,40.3,4.3,1,8
deb37101-f30b-47f3-83a7-fda6c58ee260,00:08:01.657,Julian Baumgartlinger,20037,FSV Mainz 05,Carry,40.3,4.3,1,8
229a6993-1f27-425b-b907-e150b7fbfae1,00:08:02.016,Edgar Prib,24914,Hannover 96,Pressure,78.6,75.0,1,8
64857d31-1aa6-41ca-bcfd-28d3d7baa8ef,00:08:02.811,Julian Baumgartlinger,20037,FSV Mainz 05,Pass,41.9,3.0,1,8
ae8fc954-caf0-47af-8474-96c39aee7ed3,00:08:03.296,Pierre Bengtsson,20871,FSV Mainz 05,Ball Receipt*,45.4,1.5,1,8
e6113b07-4dd2-4961-bb8c-ee3116d2df45,00:08:03.296,Pierre Bengtsson,20871,FSV Mainz 05,Carry,45.4,1.5,1,8
4a7b51d9-f707-4b2f-9604-f36e95c7b6e2,00:08:03.429,Edgar Prib,24914,Hannover 96,Pressure,75.3,77.5,1,8
2a195cd5-a870-44e1-8759-24f6a0863a48,00:08:05.259,Pierre Bengtsson,20871,FSV Mainz 05,Pass,47.7,2.4,1,8
e695b8cb-e6b8-4007-a81a-51a8927072e1,00:08:05.992,Danny Latza,8539,FSV Mainz 05,Ball Receipt*,49.4,7.7,1,8
e6dd28ba-f427-416d-affc-4df6eb398ba9,00:08:05.992,Danny Latza,8539,FSV Mainz 05,Carry,49.4,7.7,1,8
d0283fc8-b316-4c81-a30f-5862616d1fe9,00:08:06.979,Danny Latza,8539,FSV Mainz 05,Pass,48.7,11.4,1,8
55e422a8-1407-42fd-a532-586d5f4d961b,00:08:09.535,Leon Aderemi Balogun,5467,FSV Mainz 05,Ball Receipt*,50.7,63.8,1,8
a726b139-4753-4adc-bbf4-ae689b37066b,00:08:09.535,Leon Aderemi Balogun,5467,FSV Mainz 05,Carry,50.7,63.8,1,8
f0709536-4924-4802-bb14-5e4de799ea24,00:08:11.232,Leon Aderemi Balogun,5467,FSV Mainz 05,Pass,56.6,66.8,1,8
142aa61c-1158-4d86-b612-6668dc69605f,00:08:12.471,Christian Clemens,9098,FSV Mainz 05,Ball Receipt*,72.3,74.4,1,8
a7a35d4e-aa31-4634-a63c-fc492356dcd1,00:08:12.471,Christian Clemens,9098,FSV Mainz 05,Carry,72.3,74.4,1,8
674d9041-070d-40d8-8764-1aaaea887abf,00:08:15.794,Christian Clemens,9098,FSV Mainz 05,Pass,75.6,68.1,1,8
2117bc6f-3388-412d-a96a-c7f1e43f29f1,00:08:16.941,Julian Baumgartlinger,20037,FSV Mainz 05,Ball Receipt*,72.6,47.9,1,8
c1c4d9b9-d3bc-4aa6-bbcd-0e3973542df6,00:08:16.941,Julian Baumgartlinger,20037,FSV Mainz 05,Carry,72.6,47.9,1,8
b61e79e9-5b54-497d-8138-c0eb00d5406e,00:08:17.751,Manuel Schmiedebach,8543,Hannover 96,Pressure,41.6,36.7,1,8
a280a3a0-f6d7-432e-b6ad-603427a89530,00:08:18.141,Julian Baumgartlinger,20037,FSV Mainz 05,Pass,77.8,45.3,1,8
bd323621-6413-4817-8128-a6f702e9c9b7,00:08:19.384,Christian Clemens,9098,FSV Mainz 05,Ball Receipt*,99.3,54.7,1,8
d1ab65b0-621a-4944-bb3c-92158723ecb5,00:08:19.384,Oliver Sorg,12316,Hannover 96,Pass,22.0,22.7,1,8
9cd0d07f-e9f6-4eec-8b63-bc39d3d169c0,00:08:19.984,Edgar Prib,24914,Hannover 96,Ball Receipt*,35.2,29.2,1,8
e7d66a0c-fbf1-47cc-9c91-22128e0271e5,00:08:19.997,Edgar Prib,24914,Hannover 96,Pass,35.0,29.2,1,8
b72dcdc8-04e7-4d5f-8ac6-5588b85debe6,00:08:22.388,Charlison Benschop,8558,Hannover 96,Ball Receipt*,57.0,44.6,1,8
7f6f950a-445f-419f-860a-2ebcd884f45e,00:08:22.388,Stefan Bell,8559,FSV Mainz 05,Clearance,58.7,36.2,1,8
2806e8c4-37e6-464a-914d-c422bacbb128,00:08:26.329,Ron-Robert Zieler,8947,Hannover 96,Ball Recovery,8.2,37.3,1,8
0fc3fc67-12a3-4b59-8d46-73742fecbfa8,00:08:26.329,Ron-Robert Zieler,8947,Hannover 96,Carry,8.2,37.3,1,8
0ab6f25c-fc72-4383-a0b2-de874f78d246,00:08:28.899,Ron-Robert Zieler,8947,Hannover 96,Pass,10.9,38.5,1,8
96d8d354-eb45-4bd4-84e9-8920a2863a0f,00:08:30.545,Marcelo Antônio Guedes Filho,3164,Hannover 96,Ball Receipt*,23.7,63.4,1,8
8aeba69a-ef7d-4737-8197-9494099080b6,00:08:30.545,Marcelo Antônio Guedes Filho,3164,Hannover 96,Carry,23.7,63.4,1,8
92ba5735-a40d-4803-b0ab-80b244fdbffa,00:08:32.678,Marcelo Antônio Guedes Filho,3164,Hannover 96,Pass,29.4,67.5,1,8
9ab32f14-f5f2-4c4a-9a7c-61ac571ab284,00:08:34.525,Ron-Robert Zieler,8947,Hannover 96,Ball Receipt*,12.9,49.3,1,8
85d89dcd-9f4e-41ae-a88f-9bcd5308fc82,00:08:34.525,Ron-Robert Zieler,8947,Hannover 96,Carry,12.9,49.3,1,8
673d6d35-f908-4407-b4da-985c31b28676,00:08:35.429,Yoshinori Muto,6337,FSV Mainz 05,Pressure,102.8,29.9,1,8
df095e55-f79f-4882-b03f-fa91ed85199a,00:08:36.057,Ron-Robert Zieler,8947,Hannover 96,Pass,16.2,41.8,1,8
3c9cddf9-fad5-47c0-a6b9-4f5ab855c6a2,00:08:38.919,Felix Klaus,8551,Hannover 96,Ball Receipt*,65.3,23.4,1,8
7f72d067-025f-46c0-9cf7-9caccaec9c05,00:08:38.919,Felix Klaus,8551,Hannover 96,Duel,64.7,23.6,1,8
1bd8910b-05cd-46e3-8db6-193a24e9ab87,00:08:38.919,Leon Aderemi Balogun,5467,FSV Mainz 05,Pass,55.4,56.5,1,8
8868fbfe-5dff-404b-a9f4-810968fca39e,00:08:40.747,Yunus Mallı,8679,FSV Mainz 05,Ball Receipt*,77.9,54.6,1,8
bc051750-4fcb-4ef0-821a-0e81b7639129,00:08:40.747,Christian Schulz,400614,Hannover 96,Pass,36.5,24.5,1,8
39faa492-b4de-425b-a733-2dd92e7a03a2,00:08:41.368,Salif Sané,5664,Hannover 96,Ball Receipt*,42.7,36.0,1,8
62b5dafd-5096-4e31-8bdc-cda599152b43,00:08:41.368,Salif Sané,5664,Hannover 96,Carry,42.7,36.0,1,8
afefca61-e3a9-45a8-8ce5-f0347945ba94,00:08:41.965,Yoshinori Muto,6337,FSV Mainz 05,Pressure,79.2,42.6,1,8
efb0f723-4f1e-490c-9a79-f98500e63d9c,00:08:42.352,Salif Sané,5664,Hannover 96,Pass,42.5,37.8,1,8
16c89990-b35f-4cbc-a1c7-9e847368935e,00:08:43.834,Marcelo Antônio Guedes Filho,3164,Hannover 96,Ball Receipt*,34.1,51.9,1,8
f6efa0e4-f5bb-4b12-a5ca-b71c3c9ef1d5,00:08:43.834,Marcelo Antônio Guedes Filho,3164,Hannover 96,Carry,34.1,51.9,1,8
ea2590d6-df72-46d2-9d1c-58fc988e9d6a,00:08:44.955,Marcelo Antônio Guedes Filho,3164,Hannover 96,Pass,35.6,56.7,1,8
3944e78f-c004-4175-8d17-5f736fbb8c15,00:08:46.447,Hiroki Sakai,3530,Hannover 96,Ball Receipt*,40.0,76.6,1,8
5187d43e-549f-461e-8bb6-b78670201598,00:08:46.447,Hiroki Sakai,3530,Hannover 96,Carry,40.0,76.6,1,8
dddb7b42-ba4a-4875-ac14-75058c96c18e,00:08:47.308,Hiroki Sakai,3530,Hannover 96,Pass,42.3,76.8,1,8
f63c15b0-743f-432a-a2ce-969972162eec,00:08:49.061,Marcelo Antônio Guedes Filho,3164,Hannover 96,Ball Receipt*,29.4,67.3,1,8
0e09fc84-32a6-4636-baeb-ac9d3545f410,00:08:49.061,Marcelo Antônio Guedes Filho,3164,Hannover 96,Carry,29.4,67.3,1,8
436938e7-397f-4ac0-a326-376903e7b897,00:08:49.809,Marcelo Antônio Guedes Filho,3164,Hannover 96,Pass,29.7,66.0,1,8
a2687e12-fa8c-4422-a7c4-6affeacdf76f,00:08:52.084,Christian Schulz,400614,Hannover 96,Ball Receipt*,28.4,24.9,1,8
fe252a3b-bd3c-43d3-86f8-3d81df9dc8f3,00:08:52.084,Christian Schulz,400614,Hannover 96,Carry,28.4,24.9,1,8
f9dba19a-3d85-4323-ae20-46a9cd662a13,00:08:55.379,Christian Schulz,400614,Hannover 96,Pass,48.8,9.6,1,8
0ce58427-b954-4cc0-8fa3-73e930f5b8f4,00:08:56.507,Felix Klaus,8551,Hannover 96,Ball Receipt*,70.7,10.0,1,8
4328b456-88aa-4ef7-8c43-cd657f30c3dc,00:08:56.507,Felix Klaus,8551,Hannover 96,Pass,72.2,10.8,1,8
8d4948d3-a445-4d6a-bdcb-c97c6cc99a27,00:08:57.258,Edgar Prib,24914,Hannover 96,Ball Receipt*,58.2,23.4,1,8
5aeab9f5-c47c-4a15-907f-b9e4513861a5,00:08:57.258,Edgar Prib,24914,Hannover 96,Carry,58.2,23.4,1,8
25241f91-411b-4d51-ba92-0f4b3d8e5186,00:08:57.626,Edgar Prib,24914,Hannover 96,Pass,58.4,22.1,1,8
3f7c7038-92e3-464f-ac9c-eed33e4c9ffb,00:09:01.244,Charlison Benschop,8558,Hannover 96,Pressure,105.8,10.8,1,9
c37141b8-9122-4fc0-bbf8-28539320d0da,00:09:01.355,Charlison Benschop,8558,Hannover 96,Ball Receipt*,106.5,10.6,1,9
15b0a4ef-588a-4779-8e4e-85a82d431076,00:09:01.355,Leon Aderemi Balogun,5467,FSV Mainz 05,Clearance,11.8,69.3,1,9
4dca9e0c-3490-4a3c-9c9c-c24ebe14c133,00:09:10.461,Oliver Sorg,12316,Hannover 96,Pass,106.7,0.1,1,9
4fad77ee-b7f9-4b27-a868-ad6a6d965731,00:09:11.967,Felix Klaus,8551,Hannover 96,Ball Receipt*,111.6,9.4,1,9
0ffdffb9-2e42-477e-8989-e49b3e45c305,00:09:11.967,Felix Klaus,8551,Hannover 96,Foul Committed,111.6,9.6,1,9
26a56083-ad4e-4a11-9602-ca921a743106,00:09:11.967,Leon Aderemi Balogun,5467,FSV Mainz 05,Foul Won,8.5,70.5,1,9
1750fbd4-9319-4f84-88a3-8aa5f31e85d3,00:09:38.559,Loris Karius,3630,FSV Mainz 05,Pass,8.8,70.7,1,9
2f16ec2c-d9e4-4058-8744-e434d9d73f3b,00:09:41.910,Yoshinori Muto,6337,FSV Mainz 05,Ball Receipt*,88.0,57.5,1,9
5f2d0635-e83b-4539-a1ff-54b7117de689,00:09:41.910,Salif Sané,5664,Hannover 96,Pass,38.2,20.8,1,9
ccb722b7-d906-4db8-ada1-b971fe92a366,00:09:42.645,Felix Klaus,8551,Hannover 96,Ball Receipt*,45.7,15.3,1,9
8390a3ae-be83-4fbe-a96b-8497517076e8,00:09:42.645,Felix Klaus,8551,Hannover 96,Carry,45.7,15.3,1,9
57cc20f1-5cdc-4ba2-b2d9-d8756479417f,00:09:43.808,Felix Klaus,8551,Hannover 96,Pass,44.0,14.7,1,9
09b533ae-00d1-4b62-b71c-e51e1b22ba23,00:09:46.615,Ron-Robert Zieler,8947,Hannover 96,Ball Receipt*,15.6,38.9,1,9
51b9295b-383b-4e47-a271-1924778dae82,00:09:46.615,Ron-Robert Zieler,8947,Hannover 96,Carry,15.6,38.9,1,9
82965bd1-3361-493c-a15e-a2406dc7cfbc,00:09:50.830,Ron-Robert Zieler,8947,Hannover 96,Pass,15.3,40.8,1,9
0bb0be70-db50-4867-92d4-26664f018945,00:09:53.441,Uffe Manich Bech,24244,Hannover 96,Ball Receipt*,72.7,69.8,1,9
8b9e4f77-6763-4d9d-8241-eb4fa0ebedf5,00:09:53.441,Uffe Manich Bech,24244,Hannover 96,Duel,73.3,70.5,1,9
f3b17b2f-9c76-467a-a338-2a9a6eb2a3ea,00:09:53.441,Pierre Bengtsson,20871,FSV Mainz 05,Clearance,46.8,9.6,1,9
42374407-f6dc-4912-baa5-f5f4fd223508,00:10:00.287,Hiroki Sakai,3530,Hannover 96,Pass,55.5,80.0,1,10
f334389b-fe97-40de-bba1-a8492392080d,00:10:01.799,Marcelo Antônio Guedes Filho,3164,Hannover 96,Ball Receipt*,39.0,72.4,1,10
c806b911-1c4c-4c47-b0dc-fe39ed77328e,00:10:01.799,Marcelo Antônio Guedes Filho,3164,Hannover 96,Carry,39.0,72.4,1,10
47e5ec2f-0bba-40e6-829c-ba74d1c1fcf5,00:10:03.281,Marcelo Antônio Guedes Filho,3164,Hannover 96,Pass,36.8,68.9,1,10
2654bc1e-abcc-4889-b906-4651315edcf2,00:10:05.078,Christian Schulz,400614,Hannover 96,Ball Receipt*,36.7,23.2,1,10
62641471-9d1a-4716-8bd9-534b4cd69aee,00:10:05.078,Christian Schulz,400614,Hannover 96,Carry,36.7,23.2,1,10
bc51f88c-9a1d-4c74-bfce-7cb2874c5337,00:10:09.131,Yoshinori Muto,6337,FSV Mainz 05,Pressure,78.8,70.3,1,10
ec699f3d-d7dc-402e-873a-45f3e017d900,00:10:09.587,Christian Schulz,400614,Hannover 96,Pass,44.9,5.7,1,10
f5bf7f01-07d8-4825-b044-5c96447e91fa,00:10:10.406,Julian Baumgartlinger,20037,FSV Mainz 05,Pressure,65.5,64.6,1,10
a72d28a8-6ca0-4ed8-8162-6958b2ac86e0,00:10:10.534,Edgar Prib,24914,Hannover 96,Ball Receipt*,53.5,14.9,1,10
73a5d20d-72fe-4600-bdcc-df81178f35ff,00:10:10.534,Edgar Prib,24914,Hannover 96,Carry,53.5,14.9,1,10
f3e0ba9a-fa3a-4a6a-96a3-540dfbd54772,00:10:10.574,Edgar Prib,24914,Hannover 96,Pass,51.9,13.9,1,10
a27bc0e0-4a83-4dbd-8bbd-db275599aff9,00:10:10.646,Felix Klaus,8551,Hannover 96,Ball Receipt*,58.2,15.9,1,10
f56fa7e0-28a9-4c8a-bd27-2eccc1347d27,00:10:10.646,Julian Baumgartlinger,20037,FSV Mainz 05,Block,65.5,65.8,1,10
f66baa26-8aaf-4a74-ba61-118c505617ff,00:10:11.472,Leon Aderemi Balogun,5467,FSV Mainz 05,Pressure,61.1,60.2,1,10
c3c8a6df-0d97-48e8-9c07-15494f2d86e0,00:10:11.915,Felix Klaus,8551,Hannover 96,Ball Recovery,62.1,23.4,1,10
a5440001-c000-4230-a1a5-89b438048446,00:10:11.915,Felix Klaus,8551,Hannover 96,Carry,62.1,23.4,1,10
cf03d05c-b44b-4029-9d0e-e841641a0927,00:10:13.635,Felix Klaus,8551,Hannover 96,Dispossessed,65.9,28.5,1,10
68019cad-cda5-49e2-9221-d8f4f378ef5b,00:10:13.635,Leon Aderemi Balogun,5467,FSV Mainz 05,Duel,54.2,51.6,1,10
dd76166b-b2dc-44a6-a186-11eb7afbcb26,00:10:15.692,Jairo Samperio Bustara,6925,FSV Mainz 05,Ball Recovery,63.3,37.0,1,10
433f9184-3824-4156-a92b-40d7a30d127b,00:10:15.692,Jairo Samperio Bustara,6925,FSV Mainz 05,Carry,63.3,37.0,1,10
6eecae23-6e52-4734-abeb-834639d128d9,00:10:20.254,Jairo Samperio Bustara,6925,FSV Mainz 05,Pass,92.7,45.2,1,10
7a49faba-1fc3-49a4-b26d-e9295b20d839,00:10:20.983,Christian Schulz,400614,Hannover 96,Pressure,17.8,39.8,1,10
84b49815-5d7b-4e57-8b25-da8a7958af0b,00:10:21.333,Yoshinori Muto,6337,FSV Mainz 05,Ball Receipt*,101.1,40.8,1,10
6d260506-fb8a-4853-a3c4-fc0090225c88,00:10:21.333,Yoshinori Muto,6337,FSV Mainz 05,Carry,101.1,40.8,1,10
bd3aa436-4d4a-4107-b481-781cc7397e95,00:10:21.904,Marcelo Antônio Guedes Filho,3164,Hannover 96,Pressure,18.0,42.4,1,10
e86d3907-a5c8-4cbd-b5d7-a680d35c26d5,00:10:22.363,Yoshinori Muto,6337,FSV Mainz 05,Pass,100.6,38.8,1,10
dac04958-010d-4f65-a4f9-4d31f5dba22a,00:10:23.493,Danny Latza,8539,FSV Mainz 05,Ball Receipt*,104.5,21.6,1,10
53b58ca0-7edc-4d16-8b2a-96edf569e479,00:10:23.493,Danny Latza,8539,FSV Mainz 05,Carry,104.5,21.6,1,10
1a860f25-49ff-4ab9-b12a-38a51d2f19f0,00:10:24.499,Danny Latza,8539,FSV Mainz 05,Shot,107.8,26.4,1,10
4ac10671-6e07-484b-9632-f46d7c02e581,00:10:26.314,Ron-Robert Zieler,8947,Hannover 96,Goal Keeper,2.7,43.6,1,10
816c1d09-2b1c-4e88-8689-f038434cd10e,00:10:51.730,Ron-Robert Zieler,8947,Hannover 96,Pass,7.0,44.1,1,10
04afffb3-4aad-43e0-988a-50d5bbd6ddd6,00:10:55.517,Charlison Benschop,8558,Hannover 96,Ball Receipt*,70.0,54.6,1,10
4e0a992c-efda-4784-bebc-20e89bde95ac,00:10:55.517,Charlison Benschop,8558,Hannover 96,Duel,69.8,54.8,1,10
451f043d-75d1-40f6-853e-fd85968e5554,00:10:55.517,Stefan Bell,8559,FSV Mainz 05,Pass,50.3,25.3,1,10
3e8a5b65-8074-4662-ba62-b0018f06b322,00:10:57.445,Hiroki Sakai,3530,Hannover 96,Pressure,55.7,67.5,1,10
cc9a2426-6e9d-4e94-9f06-dbf1bfb5bad0,00:10:57.982,Yoshinori Muto,6337,FSV Mainz 05,Ball Receipt*,62.7,12.8,1,10
1d483498-ae1d-4372-a774-5c17ef4f2d8b,00:10:57.982,Yoshinori Muto,6337,FSV Mainz 05,Carry,62.7,12.8,1,10
801be201-d8a5-4e26-b8ad-8459d6e12f76,00:11:01.019,Manuel Schmiedebach,8543,Hannover 96,Pressure,57.9,66.5,1,11
0e2a5ef8-63d9-4f73-b0d0-0ba7f90bc039,00:11:01.866,Manuel Schmiedebach,8543,Hannover 96,Dribbled Past,56.8,68.3,1,11
e511726d-5b97-4869-9337-a3cca6ee752b,00:11:01.866,Yoshinori Muto,6337,FSV Mainz 05,Dribble,63.3,11.8,1,11
684c2e6b-955e-4e80-8cd7-a85d60284568,00:11:01.866,Yoshinori Muto,6337,FSV Mainz 05,Carry,63.3,11.8,1,11
69be6340-7053-4e5a-a569-04b2845430b9,00:11:03.373,Yoshinori Muto,6337,FSV Mainz 05,Pass,57.1,12.3,1,11
d786349e-9205-4d11-81ca-4d370e77bf36,00:11:04.504,Pierre Bengtsson,20871,FSV Mainz 05,Ball Receipt*,48.3,5.7,1,11
e6395605-de0b-453c-b6e3-38faf6d9c657,00:11:04.504,Pierre Bengtsson,20871,FSV Mainz 05,Pass,48.7,6.1,1,11
d81a9eda-2323-4455-a27e-b1834c2bf531,00:11:05.513,Stefan Bell,8559,FSV Mainz 05,Ball Receipt*,39.5,16.1,1,11
f84785f8-19b6-48cf-accf-ed3fc698bea3,00:11:05.513,Stefan Bell,8559,FSV Mainz 05,Carry,39.5,16.1,1,11
0cd63978-82b6-403f-94f9-8bf8c62fa281,00:11:06.737,Stefan Bell,8559,FSV Mainz 05,Pass,41.2,17.9,1,11
9896a7a9-a5f7-4409-8c5c-57e8609e30a4,00:11:08.549,Niko Bungert,13319,FSV Mainz 05,Ball Receipt*,40.1,52.9,1,11
da4ac6b9-85c4-4993-9a19-971671e1e6d6,00:11:08.549,Niko Bungert,13319,FSV Mainz 05,Carry,40.1,52.9,1,11
6032b062-ee6e-4272-969d-1289c977b33e,00:11:11.641,Edgar Prib,24914,Hannover 96,Pressure,63.5,23.0,1,11
dea0f3ad-a359-49dc-a565-100328cf26b4,00:11:11.982,Niko Bungert,13319,FSV Mainz 05,Pass,55.6,60.5,1,11
a51969d5-4588-4320-b804-eeefb990c4b6,00:11:12.868,Julian Baumgartlinger,20037,FSV Mainz 05,Ball Receipt*,53.2,53.8,1,11
5b577b26-e946-48b5-9c38-36d40de02c90,00:11:12.868,Julian Baumgartlinger,20037,FSV Mainz 05,Carry,53.2,53.8,1,11
7e7600fb-86b2-41d8-b97a-0c87bc3ca9f3,00:11:13.064,Charlison Benschop,8558,Hannover 96,Pressure,65.1,26.9,1,11
4e2f8076-9479-4a7b-910a-d2e46fffaf58,00:11:13.592,Julian Baumgartlinger,20037,FSV Mainz 05,Pass,53.8,55.4,1,11
810ff5ab-7dc6-4b1d-87b1-e5e366772675,00:11:14.589,Niko Bungert,13319,FSV Mainz 05,Ball Receipt*,48.1,64.8,1,11
a47a6b9b-bd18-484f-a0f5-d55c8c728753,00:11:14.589,Niko Bungert,13319,FSV Mainz 05,Carry,48.1,64.8,1,11
a6fd1e7d-a40f-4581-b85b-496219220d79,00:11:15.351,Niko Bungert,13319,FSV Mainz 05,Pass,48.1,65.5,1,11
bdfcda42-afdd-4699-815b-1801fb06158a,00:11:17.505,Stefan Bell,8559,FSV Mainz 05,Ball Receipt*,40.6,30.6,1,11
15ac5c01-1ac4-4e7b-8b06-c0232354a6db,00:11:17.505,Stefan Bell,8559,FSV Mainz 05,Carry,40.6,30.6,1,11
d38a5150-22bd-4331-87ee-583a88f32700,00:11:19.185,Manuel Schmiedebach,8543,Hannover 96,Pressure,73.3,40.4,1,11
97cee901-8565-468f-b454-253a060c6c76,00:11:19.745,Stefan Bell,8559,FSV Mainz 05,Pass,44.2,40.6,1,11
cd8f280f-8fb2-4fb7-b0a8-1cb33ae4a1d9,00:11:20.997,Niko Bungert,13319,FSV Mainz 05,Ball Receipt*,44.1,60.7,1,11
5438e545-536f-4d5d-9b82-1259376913a0,00:11:20.997,Niko Bungert,13319,FSV Mainz 05,Carry,44.1,60.7,1,11
c5d41038-7c5b-45ef-b8b3-e57347fe178c,00:11:22.767,Niko Bungert,13319,FSV Mainz 05,Pass,49.5,65.5,1,11
31fce993-0e15-4cd5-817c-bb7d69255e7e,00:11:26.678,Christian Clemens,9098,FSV Mainz 05,Ball Receipt*,109.2,71.0,1,11
07984932-9ed7-4377-b9bd-254c016abb4c,00:11:42.066,Ron-Robert Zieler,8947,Hannover 96,Pass,7.0,36.1,1,11
0a04b822-803f-4426-9016-3ca929637ffc,00:11:43.612,Christian Schulz,400614,Hannover 96,Ball Receipt*,11.5,6.7,1,11
e333bc47-1d19-458a-b395-62aaf97311d1,00:11:48.146,Christian Schulz,400614,Hannover 96,Pass,27.6,5.8,1,11
8f98ef48-9dea-4c2a-bbd1-d12f3efcb40a,00:11:50.820,Charlison Benschop,8558,Hannover 96,Ball Receipt*,65.5,22.8,1,11
7ab9e8cd-ba17-4396-8a65-d0eb59e1dd66,00:11:50.820,Niko Bungert,13319,FSV Mainz 05,Ball Recovery,47.2,55.4,1,11
31a33e22-5bc6-40fb-ac52-2eef98559ef3,00:11:50.820,Niko Bungert,13319,FSV Mainz 05,Carry,47.2,55.4,1,11
672f1dd0-15f6-4dfd-8883-1ddc47db4ff8,00:11:51.587,Charlison Benschop,8558,Hannover 96,Pressure,68.5,27.2,1,11
bd5e5bf9-b9c7-4a63-add5-c7b4c0977d3e,00:11:51.737,Niko Bungert,13319,FSV Mainz 05,Pass,52.5,50.1,1,11
2366c03f-c87f-4d6d-be16-7499ef43cc0b,00:11:52.385,Jairo Samperio Bustara,6925,FSV Mainz 05,Ball Receipt*,65.5,36.3,1,11
94810c05-2003-4190-a150-8a872de829e9,00:11:52.385,Manuel Schmiedebach,8543,Hannover 96,Ball Recovery,59.8,37.8,1,11
6351d87c-fe32-4916-90a6-0ae2d39e2c32,00:11:52.385,Manuel Schmiedebach,8543,Hannover 96,Carry,59.8,37.8,1,11
e61af457-a2da-454d-88cc-b9ecc0350c8a,00:11:52.769,Danny Latza,8539,FSV Mainz 05,Pressure,61.7,46.3,1,11
6903aebf-685c-45fe-bff2-87397cfd0f34,00:11:53.339,Manuel Schmiedebach,8543,Hannover 96,Pass,57.4,36.3,1,11
d8538fb5-7700-49b1-8532-9b2d33840e55,00:11:56.025,Charlison Benschop,8558,Hannover 96,Ball Receipt*,87.3,14.1,1,11
b0ef1db7-e1f6-4d08-8f33-3676dfe7e2a8,00:11:56.025,Charlison Benschop,8558,Hannover 96,Carry,87.3,14.1,1,11
8b4fe38f-e11b-4226-a7e5-4f63ec5d1744,00:11:56.734,Leon Aderemi Balogun,5467,FSV Mainz 05,Pressure,24.4,68.1,1,11
0ed99526-a77e-48c0-b7f1-db09d93b1b0b,00:11:57.209,Charlison Benschop,8558,Hannover 96,Dispossessed,98.9,10.4,1,11
3f43ed85-c22a-46ae-9412-767f12fe88eb,00:11:57.209,Leon Aderemi Balogun,5467,FSV Mainz 05,Duel,21.2,69.7,1,11
63e4ab93-12d5-4951-b679-7e139d5fe384,00:12:26.867,Felix Klaus,8551,Hannover 96,Pass,120.0,0.1,1,12
3448be53-5beb-43cc-acf9-583d8b2a611d,00:12:27.582,Edgar Prib,24914,Hannover 96,Ball Receipt*,117.3,4.1,1,12
4b27e20d-94c7-4adf-9658-81f1aaeb281c,00:12:27.582,Edgar Prib,24914,Hannover 96,Carry,117.3,4.1,1,12
86926bed-5f3d-45db-b2db-d3f746d88560,00:12:27.662,Edgar Prib,24914,Hannover 96,Pass,116.6,4.1,1,12
e2aeaf73-12be-4943-a99e-e83c5cbe2c02,00:12:28.229,Felix Klaus,8551,Hannover 96,Ball Receipt*,118.5,4.5,1,12
1c718407-0b7a-4a86-8594-a0199dd6e3ce,00:12:28.229,Felix Klaus,8551,Hannover 96,Carry,118.5,4.5,1,12
1f88ca02-1382-4d00-ab2a-bff105db920c,00:12:28.309,Felix Klaus,8551,Hannover 96,Pass,118.3,4.0,1,12
678820ed-b641-4fb2-8a69-b547bde3b948,00:12:30.540,Christian Schulz,400614,Hannover 96,Ball Receipt*,111.5,58.5,1,12
3e8afc7e-ab0d-4901-8459-60725ec6b545,00:12:30.597,Christian Schulz,400614,Hannover 96,Pass,111.3,56.3,1,12
d68d8821-eb25-4f14-b0be-ccc237b0dfbc,00:12:32.249,Hiroki Sakai,3530,Hannover 96,Ball Receipt*,112.9,39.6,1,12
bec75a4d-a608-4900-ad0e-edd4c2a6d268,00:12:32.249,Julian Baumgartlinger,20037,FSV Mainz 05,Duel,7.2,40.5,1,12
8fcecbc6-39b5-464e-9193-7077bb8842f3,00:12:32.249,Hiroki Sakai,3530,Hannover 96,Shot,112.9,39.6,1,12
47c915c2-8d8d-4741-9aac-375719700c15,00:12:32.957,Loris Karius,3630,FSV Mainz 05,Goal Keeper,0.8,40.4,1,12
c2932b4d-122e-44a7-9dee-5632fa01415b,00:12:36.440,Loris Karius,3630,FSV Mainz 05,Pass,4.2,44.8,1,12
d9a17b90-8c7a-4ae6-9805-d3d34e10a9ac,00:12:41.728,Jairo Samperio Bustara,6925,FSV Mainz 05,Ball Receipt*,86.2,57.3,1,12
7f0db2f6-90d6-4266-a7f9-9cbc6a03a90c,00:12:41.728,Oliver Sorg,12316,Hannover 96,Pass,24.8,22.4,1,12
c6d5f132-34cb-4e20-a434-e7c532ec58ba,00:12:44.019,Edgar Prib,24914,Hannover 96,Ball Receipt*,37.0,7.1,1,12
18f56891-8703-42bd-b718-4379f805648d,00:12:44.019,Edgar Prib,24914,Hannover 96,Carry,37.0,7.1,1,12
d0c9a66d-fc16-4d4d-a630-285c36ea9146,00:12:45.657,Edgar Prib,24914,Hannover 96,Pass,40.5,6.9,1,12
40c2a457-dd44-4921-99a5-83b87481c539,00:12:49.781,Charlison Benschop,8558,Hannover 96,Pressure,105.8,11.8,1,12
36375d2b-15c6-4766-8e92-7f629de88d74,00:12:50.181,Charlison Benschop,8558,Hannover 96,Ball Receipt*,108.3,12.8,1,12
c9e88a60-21fc-499e-8f56-78c11fab1dcf,00:12:50.181,Loris Karius,3630,FSV Mainz 05,Goal Keeper,9.5,67.0,1,12
32d0729c-d736-4b93-8f8d-398943aa8705,00:13:07.998,Oliver Sorg,12316,Hannover 96,Pass,78.0,0.1,1,13
d1759dd5-2744-4f21-8925-39730ff750ff,00:13:13.282,Charlison Benschop,8558,Hannover 96,Ball Receipt*,101.0,8.2,1,13
e0e4f0d6-f9f9-4810-bb42-ea67f3e35199,00:13:18.907,Loris Karius,3630,FSV Mainz 05,Pass,6.0,44.0,1,13
332b2994-ec30-4d7c-849b-73ff912f1f49,00:13:21.385,Danny Latza,8539,FSV Mainz 05,Ball Receipt*,67.5,17.6,1,13
1fcad6b6-a7e5-40a7-96a2-96d46fb8d7d1,00:13:29.192,Danny Latza,8539,FSV Mainz 05,Pass,70.8,15.9,1,13
a2bf8d84-57af-4235-ac86-ec2b8b85cc52,00:13:33.783,Jairo Samperio Bustara,6925,FSV Mainz 05,Ball Receipt*,96.4,2.2,1,13
93f4b9ea-fb8d-40c8-af24-202dd54d92e9,00:13:33.783,Hiroki Sakai,3530,Hannover 96,Pass,9.8,73.8,1,13
5d8a8041-6b32-4a96-b7c1-9e5d3a82aefc,00:13:35.425,Ron-Robert Zieler,8947,Hannover 96,Ball Receipt*,8.2,49.1,1,13
9ee894f9-4fb0-4d17-87c7-e6231fff1e47,00:13:35.425,Ron-Robert Zieler,8947,Hannover 96,Carry,8.2,49.1,1,13
c4809a81-c69d-4703-8730-cf3d005535e4,00:13:39.604,Ron-Robert Zieler,8947,Hannover 96,Pass,15.8,51.2,1,13
77412c5a-59c2-4285-b0ca-e33bbd6bd8c3,00:13:40.558,Marcelo Antônio Guedes Filho,3164,Hannover 96,Ball Receipt*,22.5,64.7,1,13
4d5de675-e424-4913-ad01-4e7ee3a4abea,00:13:40.558,Marcelo Antônio Guedes Filho,3164,Hannover 96,Carry,22.5,64.7,1,13
6d2eb607-a4ad-4c39-9028-edcba8961e97,00:13:41.161,Marcelo Antônio Guedes Filho,3164,Hannover 96,Pass,19.1,66.7,1,13
4c084d36-fb35-47e0-8b4b-f8013d812d32,00:13:42.159,Hiroki Sakai,3530,Hannover 96,Ball Receipt*,33.7,76.0,1,13
577ceaae-c334-4b81-be36-6b9e4baa3e88,00:13:42.159,Hiroki Sakai,3530,Hannover 96,Carry,33.7,76.0,1,13
823de4d1-8ee9-4794-9b5a-4375cc3b8266,00:13:43.435,Hiroki Sakai,3530,Hannover 96,Pass,34.1,75.5,1,13
bcf50e11-b875-4aac-8474-eed8f0d01410,00:13:44.778,Marcelo Antônio Guedes Filho,3164,Hannover 96,Ball Receipt*,23.1,71.8,1,13
51a522a1-ad93-47ad-bc8e-8d85ce566df0,00:13:44.778,Marcelo Antônio Guedes Filho,3164,Hannover 96,Carry,23.1,71.8,1,13
46037a5b-679c-4f81-aad2-c164fbb6363b,00:13:45.580,Marcelo Antônio Guedes Filho,3164,Hannover 96,Pass,23.9,70.0,1,13
1754ddc3-48b2-4293-b35c-28985edd66fe,00:13:47.338,Ron-Robert Zieler,8947,Hannover 96,Ball Receipt*,16.2,38.2,1,13
5ef38837-aa68-45f7-8b6c-8c7f8cdf026f,00:13:47.338,Ron-Robert Zieler,8947,Hannover 96,Carry,16.2,38.2,1,13
514c4ed1-7180-402c-92f5-ffe7a60ea843,00:13:48.424,Ron-Robert Zieler,8947,Hannover 96,Pass,17.2,37.1,1,13
e5cc3fce-4fe0-4ee9-a3de-d3ff70485250,00:13:50.187,Christian Schulz,400614,Hannover 96,Ball Receipt*,29.4,11.5,1,13
86592ce0-25cc-4267-b469-f6b1d2e6c775,00:13:50.187,Christian Schulz,400614,Hannover 96,Carry,29.4,11.5,1,13
9de399b0-4ac2-450a-91db-d45f5806a194,00:13:50.484,Yoshinori Muto,6337,FSV Mainz 05,Pressure,85.8,68.6,1,13
a876f84e-f8a9-49eb-ad40-147de4ebbd3e,00:13:50.987,Christian Schulz,400614,Hannover 96,Pass,34.9,8.8,1,13
1571c8ac-a6d6-4cf4-8b33-b58cc172f57e,00:13:52.793,Edgar Prib,24914,Hannover 96,Ball Receipt*,51.7,22.8,1,13
1654019f-c0c8-4452-b3aa-ef2682e03563,00:13:52.793,Edgar Prib,24914,Hannover 96,Carry,51.7,22.8,1,13
cf7dfe75-27ee-4273-8566-89cb689da4c5,00:13:53.619,Edgar Prib,24914,Hannover 96,Pass,50.8,21.8,1,13
314be146-ffca-4e64-bb5b-5fd33bf6f9a8,00:13:54.234,Christian Schulz,400614,Hannover 96,Ball Receipt*,37.0,20.0,1,13
8f24d7f0-5961-4b9e-abf0-b85d0c430193,00:13:54.234,Christian Schulz,400614,Hannover 96,Carry,37.0,20.0,1,13
1c901ca2-b6ba-43cc-bf49-ed0394207eac,00:13:56.132,Christian Schulz,400614,Hannover 96,Pass,29.0,19.9,1,13
98d3e5f4-c42c-45fe-a242-04ddfe5d9f98,00:13:57.804,Ron-Robert Zieler,8947,Hannover 96,Ball Receipt*,23.5,28.9,1,13
102ad507-4592-4d8f-9640-9b75986c1c80,00:13:57.804,Ron-Robert Zieler,8947,Hannover 96,Carry,23.5,28.9,1,13
2565c0e2-1a65-4fd6-a2af-aad92488c2d4,00:13:58.328,Ron-Robert Zieler,8947,Hannover 96,Pass,23.1,29.8,1,13
c25865f9-c4f4-47f5-997e-c4b757dda213,00:14:01.380,Hiroki Sakai,3530,Hannover 96,Ball Receipt*,45.1,75.0,1,14
4b0f5a50-8a3a-4261-ae70-1ac00b3a078c,00:14:01.380,Hiroki Sakai,3530,Hannover 96,Carry,45.1,75.0,1,14
bc1af27a-9af6-4a1c-bfb7-6a5c457cd4de,00:14:01.493,Hiroki Sakai,3530,Hannover 96,Pass,42.5,74.6,1,14
1e5088ff-8025-492b-9bcf-827e36850255,00:14:02.520,Marcelo Antônio Guedes Filho,3164,Hannover 96,Ball Receipt*,31.0,73.3,1,14
e7e62e7b-ef3b-476e-a6a2-f68abadd6d15,00:14:02.520,Marcelo Antônio Guedes Filho,3164,Hannover 96,Carry,31.0,73.3,1,14
37cfe32a-a417-4861-9631-8e2bb272eb80,00:14:03.902,Marcelo Antônio Guedes Filho,3164,Hannover 96,Pass,30.7,69.7,1,14
b4fb0dfb-feb5-47ad-ab22-685d5f022d33,00:14:05.321,Edgar Prib,24914,Hannover 96,Ball Receipt*,35.4,61.4,1,14
a51b5253-97e4-4400-b8ff-cba7ef4aa1eb,00:14:05.321,Edgar Prib,24914,Hannover 96,Carry,35.4,61.4,1,14
63cbc261-243d-48a7-a360-ac24dc9486a6,00:14:06.781,Edgar Prib,24914,Hannover 96,Pass,37.2,58.1,1,14
6fbd517a-fc50-443a-b863-4952e68cd6fa,00:14:08.899,Christian Schulz,400614,Hannover 96,Ball Receipt*,38.4,13.9,1,14
6000dc4d-a58d-4003-bd69-1b5e60a0888f,00:14:08.899,Christian Schulz,400614,Hannover 96,Carry,38.4,13.9,1,14
485458cd-9f5c-44ce-aeda-8b3b297ed6b4,00:14:11.459,Christian Schulz,400614,Hannover 96,Pass,57.0,16.3,1,14
13fdec01-a86f-4fa4-a743-4b692425de5f,00:14:12.335,Uffe Manich Bech,24244,Hannover 96,Pressure,77.5,38.7,1,14
bc7bd679-399f-4c24-8535-781d49dc0f10,00:14:12.551,Uffe Manich Bech,24244,Hannover 96,Ball Receipt*,78.6,39.5,1,14
aa5afa2b-988b-4ba8-95d8-7748d65fbcca,00:14:12.551,Danny Latza,8539,FSV Mainz 05,Pass,43.2,41.4,1,14
2afd09fe-6070-4755-bc1a-5e67f6626ac9,00:14:13.197,Christian Clemens,9098,FSV Mainz 05,Ball Receipt*,50.5,72.3,1,14
ec5aebda-5451-488a-bded-54b7808d0915,00:14:13.197,Uffe Manich Bech,24244,Hannover 96,Foul Committed,75.9,39.1,1,14
007eeb6f-da25-4812-aa75-5b61e5ce7bc7,00:14:13.197,Danny Latza,8539,FSV Mainz 05,Foul Won,44.2,41.0,1,14
8c82d78f-5fa6-4791-9595-bdfc4310b77f,00:14:15.483,Felix Klaus,8551,Hannover 96,Pressure,64.3,15.3,1,14
fbcfbf3d-f642-4c89-a9e5-9066ac39178c,00:14:16.201,Christian Clemens,9098,FSV Mainz 05,Pass,65.6,63.3,1,14
fd6ff5c7-8d12-44a1-88f7-6ab3c2abdd4f,00:14:16.748,Yunus Mallı,8679,FSV Mainz 05,Ball Receipt*,83.1,49.6,1,14
85cebb91-493d-4825-b2a2-0dd39d4362bc,00:14:16.748,Christian Schulz,400614,Hannover 96,Interception,47.6,20.2,1,14
e6a72f74-9d0c-4b04-916e-d65065c1c253,00:14:18.696,Edgar Prib,24914,Hannover 96,Pass,29.0,33.2,1,14
db503de2-936e-4575-80b3-81c38d1e345e,00:14:21.054,Ron-Robert Zieler,8947,Hannover 96,Ball Receipt*,11.3,44.6,1,14
bf6e5d91-cae9-4bbb-a7de-c57dedeafc2d,00:14:21.054,Ron-Robert Zieler,8947,Hannover 96,Carry,11.3,44.6,1,14
f8ecce4d-aabf-4c82-976a-faf015684d5c,00:14:21.214,Ron-Robert Zieler,8947,Hannover 96,Pass,9.6,46.9,1,14
e26d43ac-f50f-4d3d-8287-1378fd3fbc0d,00:14:28.852,Christian Schulz,400614,Hannover 96,Ball Receipt*,99.6,6.5,1,14
4fa41f97-dd60-4a2a-a67c-ae77158f3bfd,00:14:28.852,Loris Karius,3630,FSV Mainz 05,Ball Recovery,15.7,73.2,1,14
8953dcb1-8c04-42ac-877b-a1dfd6cc1c06,00:14:29.769,Loris Karius,3630,FSV Mainz 05,Pass,16.9,73.0,1,14
b06590ca-8ef0-4ebf-bba0-60d36738dab7,00:14:31.005,Leon Aderemi Balogun,5467,FSV Mainz 05,Ball Receipt*,22.7,73.6,1,14
fe769094-47f2-48b0-8775-0da142d0e22f,00:14:31.801,Leon Aderemi Balogun,5467,FSV Mainz 05,Pass,28.1,71.7,1,14
120ab99c-543a-46d8-8a8d-094d146fc397,00:14:33.366,Julian Baumgartlinger,20037,FSV Mainz 05,Ball Receipt*,40.5,58.3,1,14
a94dc66e-1dd1-470a-aed7-cac9dc7492a7,00:14:33.366,Julian Baumgartlinger,20037,FSV Mainz 05,Carry,40.5,58.3,1,14
4d20a925-e07e-45cd-b3b0-ceb473175194,00:14:35.526,Julian Baumgartlinger,20037,FSV Mainz 05,Pass,40.8,57.1,1,14
9890adaf-57f0-4c55-8447-29bf1c01d421,00:14:38.318,Pierre Bengtsson,20871,FSV Mainz 05,Ball Receipt*,77.2,3.5,1,14
8939476a-0cf2-406c-b532-0d6896b23475,00:14:38.318,Pierre Bengtsson,20871,FSV Mainz 05,Carry,77.2,3.5,1,14
811d73b6-688f-42ab-89ab-bd7381025db0,00:14:40.051,Pierre Bengtsson,20871,FSV Mainz 05,Pass,90.7,3.9,1,14
5d1477c8-159a-44cf-b0dc-7edce3a75923,00:14:41.176,Jairo Samperio Bustara,6925,FSV Mainz 05,Ball Receipt*,96.4,20.7,1,14
d5a2e15f-8a3b-4754-9fdb-daecd4dd1463,00:14:41.176,Jairo Samperio Bustara,6925,FSV Mainz 05,Carry,96.4,20.7,1,14
03c72332-0f4c-4abd-a7d1-d849b89ad3ba,00:14:41.722,Jairo Samperio Bustara,6925,FSV Mainz 05,Pass,97.6,23.2,1,14
0e664441-9291-4c6e-ac81-cb65aaf8acb1,00:14:42.810,Yoshinori Muto,6337,FSV Mainz 05,Ball Receipt*,108.8,34.1,1,14
009834c3-d0ff-4e14-bb96-4d66c9afba41,00:14:42.970,Yoshinori Muto,6337,FSV Mainz 05,Shot,108.8,34.1,1,14
d6e2677e-8752-473b-96a5-a41df85ccb07,00:14:43.801,Ron-Robert Zieler,8947,Hannover 96,Goal Keeper,6.5,43.9,1,14
b9e157d9-4cf6-4503-b240-092e22540671,00:15:41.378,Edgar Prib,24914,Hannover 96,Pass,61.0,40.1,1,15
b3012c44-5ee5-43ee-a466-2b6d52c8f962,00:15:42.446,Manuel Schmiedebach,8543,Hannover 96,Ball Receipt*,54.3,41.8,1,15
85ec8a1c-62cf-4bb2-8d06-504fac1990d7,00:15:42.446,Manuel Schmiedebach,8543,Hannover 96,Carry,54.3,41.8,1,15
75800478-d467-4c2c-9cae-79162e1847de,00:15:43.792,Manuel Schmiedebach,8543,Hannover 96,Pass,49.8,50.2,1,15
a39fbd91-b608-4546-a96e-f21ae9509163,00:15:44.631,Marcelo Antônio Guedes Filho,3164,Hannover 96,Ball Receipt*,34.9,55.4,1,15
8672d06c-0d4a-4039-aead-4961a299c3df,00:15:44.631,Marcelo Antônio Guedes Filho,3164,Hannover 96,Carry,34.9,55.4,1,15
9e0217cc-b512-49fe-8681-b4cdc3ab4743,00:15:45.252,Marcelo Antônio Guedes Filho,3164,Hannover 96,Pass,34.7,55.6,1,15
2ecfa3da-f02f-488d-a4c7-6c38fbc5ae35,00:15:46.836,Christian Schulz,400614,Hannover 96,Ball Receipt*,35.2,31.2,1,15
23b211ae-da43-4395-b56f-d85ce7a80927,00:15:46.836,Christian Schulz,400614,Hannover 96,Carry,35.2,31.2,1,15
f3966648-ac0c-4ee7-8e43-c36a39036201,00:15:48.063,Christian Schulz,400614,Hannover 96,Pass,35.2,30.2,1,15
be20a7cb-2a87-4eed-8ba4-24894d475935,00:15:49.724,Ron-Robert Zieler,8947,Hannover 96,Ball Receipt*,13.3,40.6,1,15
cb384533-337c-4f6c-a45c-cd6f659e8725,00:15:49.724,Ron-Robert Zieler,8947,Hannover 96,Carry,13.3,40.6,1,15
e90db622-215f-4af9-b8dc-29ac598f639f,00:15:50.054,Ron-Robert Zieler,8947,Hannover 96,Pass,16.4,38.0,1,15
9823c1aa-d4b1-440c-99a3-b75af72d244e,00:15:51.744,Christian Schulz,400614,Hannover 96,Ball Receipt*,36.5,16.6,1,15
f948a946-7348-4b48-8394-8808ebcb6e9e,00:15:51.744,Christian Schulz,400614,Hannover 96,Carry,36.5,16.6,1,15
0bb994f0-f593-4f86-981b-ed6ce730e48d,00:15:53.923,Christian Schulz,400614,Hannover 96,Pass,44.7,12.9,1,15
767ac62b-144d-491d-80fb-03fdfbef7060,00:15:56.887,Charlison Benschop,8558,Hannover 96,Ball Receipt*,90.6,19.0,1,15
96834914-cd4d-466b-af7d-e17f80d6b9cb,00:15:56.887,Charlison Benschop,8558,Hannover 96,Carry,90.6,19.0,1,15
c885718f-1b18-4d9c-aafe-a0463fa5fc61,00:15:57.070,Charlison Benschop,8558,Hannover 96,Pass,91.0,18.8,1,15
576a4b45-71f7-45e8-8de4-ad12b188a7b8,00:15:58.414,Manuel Schmiedebach,8543,Hannover 96,Ball Receipt*,90.1,32.0,1,15
0c8e0140-9f9a-462a-a77a-1c64d928b5b6,00:15:58.414,Niko Bungert,13319,FSV Mainz 05,Pass,26.2,50.9,1,15
8d853fd2-0d66-4d64-83d3-38d404be0dd7,00:16:00.112,Yunus Mallı,8679,FSV Mainz 05,Ball Receipt*,55.4,58.3,1,16
bbea9bc3-3ac4-4ad1-a90c-35616cfb1a19,00:16:00.112,Manuel Schmiedebach,8543,Hannover 96,Interception,69.4,23.9,1,16
41032486-973c-4b79-8592-0b1f2d5a615b,00:16:01.287,Julian Baumgartlinger,20037,FSV Mainz 05,Ball Recovery,43.4,56.0,1,16
4f0db76f-0798-4116-a131-0ca6abd26f26,00:16:01.287,Julian Baumgartlinger,20037,FSV Mainz 05,Carry,43.4,56.0,1,16
2aaae577-42d0-4282-a7f5-f25c3eeaf18c,00:16:03.068,Julian Baumgartlinger,20037,FSV Mainz 05,Pass,42.8,57.3,1,16
5a3a6dd9-c638-4710-91c1-13b32a012c9a,00:16:04.050,Niko Bungert,13319,FSV Mainz 05,Ball Receipt*,33.6,50.7,1,16
25201e8b-9b8a-4bc8-9cf8-c01ccbcb5b93,00:16:04.050,Niko Bungert,13319,FSV Mainz 05,Carry,33.6,50.7,1,16
798855ce-e13b-4190-bb6a-d451a50f472a,00:16:05.179,Niko Bungert,13319,FSV Mainz 05,Pass,35.0,50.5,1,16
0d533fab-afed-4256-acbc-180cb64ede96,00:16:06.699,Stefan Bell,8559,FSV Mainz 05,Ball Receipt*,31.3,28.7,1,16
4aa97c22-3fa6-4660-b016-32865fcd81ae,00:16:06.699,Stefan Bell,8559,FSV Mainz 05,Carry,31.3,28.7,1,16
7dff7d5e-33a0-44c5-bc90-d37cfc21c5c1,00:16:08.636,Stefan Bell,8559,FSV Mainz 05,Pass,40.8,19.2,1,16
cbc691b8-d1ae-439a-9392-aef68c1f9023,00:16:09.822,Jairo Samperio Bustara,6925,FSV Mainz 05,Ball Receipt*,58.0,13.8,1,16
871ba1ca-fb64-4d1d-a8a2-8600311bebe8,00:16:09.822,Jairo Samperio Bustara,6925,FSV Mainz 05,Carry,58.0,13.8,1,16
9fb95286-ffcb-41e4-bc5c-0d2a13b452c9,00:16:09.902,Jairo Samperio Bustara,6925,FSV Mainz 05,Pass,59.5,14.9,1,16
9eecb5ca-4bce-4c1f-8f4c-f5f2af413fa6,00:16:11.179,Uffe Manich Bech,24244,Hannover 96,Pressure,49.8,73.3,1,16
b5e23476-2698-45b1-9e11-8d5141ddba17,00:16:11.567,Yunus Mallı,8679,FSV Mainz 05,Ball Receipt*,69.0,6.3,1,16
76f6ce44-b619-4b62-b788-67747d626bfc,00:16:11.567,Yunus Mallı,8679,FSV Mainz 05,Carry,69.0,6.3,1,16
07e55526-c81f-44e5-80c0-92dc7a0db3ae,00:16:11.687,Yunus Mallı,8679,FSV Mainz 05,Pass,71.7,5.7,1,16
1beca3b5-00cc-4fb0-9cc4-e8e45913eb67,00:16:13.094,Uffe Manich Bech,24244,Hannover 96,Pressure,32.7,76.8,1,16
4eb54b9e-120f-43ad-bef1-806941604d1c,00:16:13.660,Pierre Bengtsson,20871,FSV Mainz 05,Ball Receipt*,85.4,3.0,1,16
42d0793b-0424-4483-b44f-512ea67f0d45,00:16:13.660,Pierre Bengtsson,20871,FSV Mainz 05,Carry,85.4,3.0,1,16
b687f98d-1f7d-4c38-a4c6-33205908c0f3,00:16:13.828,Pierre Bengtsson,20871,FSV Mainz 05,Miscontrol,93.1,3.7,1,16
1ed28543-7dde-41d5-8a72-62c311e742d3,00:16:14.882,Pierre Bengtsson,20871,FSV Mainz 05,Pressure,98.8,5.9,1,16
b910eb0b-c3d0-4a9f-9e72-020d6c2f52a4,00:16:16.146,Uffe Manich Bech,24244,Hannover 96,Ball Recovery,10.9,73.0,1,16
db580b4d-4b5b-4a55-a28b-d1302c5cb378,00:16:16.146,Uffe Manich Bech,24244,Hannover 96,Carry,10.9,73.0,1,16
5588a4af-43cb-4b1d-a058-bf2e631bff5c,00:16:18.525,Yoshinori Muto,6337,FSV Mainz 05,Pressure,110.3,4.6,1,16
402da65b-d67e-4f5e-9f81-efe7cebe2805,00:16:18.917,Uffe Manich Bech,24244,Hannover 96,Pass,10.2,77.5,1,16
7c16aae0-d1dd-42ce-8548-24f6f5769adf,00:16:20.768,Manuel Schmiedebach,8543,Hannover 96,Pressure,38.6,63.0,1,16
0d268557-e607-4d96-93dc-e799eeecd194,00:16:20.776,Manuel Schmiedebach,8543,Hannover 96,Ball Receipt*,39.6,64.4,1,16
66ded4f5-3a6a-4904-9bf7-ac49ef923e5b,00:16:20.776,Julian Baumgartlinger,20037,FSV Mainz 05,Pass,80.3,14.9,1,16
df785ee7-c8e7-4a7d-97c6-1e50445baa9c,00:16:21.943,Yunus Mallı,8679,FSV Mainz 05,Ball Receipt*,83.1,29.7,1,16
3c7b9efe-5816-4917-950d-4d542c342d39,00:16:21.943,Yunus Mallı,8679,FSV Mainz 05,Carry,83.1,29.7,1,16
2ccc4710-eed4-44c3-8695-50b8d35aabc5,00:16:23.695,Yunus Mallı,8679,FSV Mainz 05,Pass,82.9,33.2,1,16
7536a132-490e-4a93-9eba-aacf68d6a02d,00:16:25.878,Christian Clemens,9098,FSV Mainz 05,Ball Receipt*,86.8,65.5,1,16
1996f327-67fa-4079-8df8-a929fd579af8,00:16:25.878,Christian Clemens,9098,FSV Mainz 05,Carry,86.8,65.5,1,16
84200e2d-5ad8-4148-b858-b202cf04880a,00:16:29.092,Christian Clemens,9098,FSV Mainz 05,Pass,98.6,68.8,1,16
b3604303-e073-4a1f-8a24-93930460d56c,00:16:29.951,Leon Aderemi Balogun,5467,FSV Mainz 05,Ball Receipt*,106.1,73.4,1,16
57c40624-06a6-4a88-8536-ec3a3f3a6b51,00:16:29.951,Leon Aderemi Balogun,5467,FSV Mainz 05,Carry,106.1,73.4,1,16
92e09da5-09e9-4b37-9318-7fbd6832e1be,00:16:31.496,Leon Aderemi Balogun,5467,FSV Mainz 05,Pass,112.7,73.2,1,16
0a9b766a-0adb-4ea6-a1e3-5429efd9f6a4,00:16:33.385,Yoshinori Muto,6337,FSV Mainz 05,Ball Receipt*,107.6,34.4,1,16
9b7cacce-7c39-4a30-b6f7-24a500fb4b09,00:16:33.385,Christian Schulz,400614,Hannover 96,Ball Recovery,7.2,34.5,1,16
e7b2cc5c-488d-47c0-8cc6-a530ee611e00,00:16:33.385,Christian Schulz,400614,Hannover 96,Carry,7.2,34.5,1,16
9e97c67c-1a63-4454-82c4-ed6cd590d136,00:16:35.390,Christian Schulz,400614,Hannover 96,Pass,4.7,24.1,1,16
7e133a91-f3cd-4739-b5cf-b4f1451dd31a,00:16:36.309,Oliver Sorg,12316,Hannover 96,Ball Receipt*,8.0,3.5,1,16
5c62f863-cf45-4b98-ac65-dd318e2d2fb9,00:16:36.309,Oliver Sorg,12316,Hannover 96,Carry,8.0,3.5,1,16
81bf6660-0f03-49c8-911f-80561ef59d60,00:16:38.491,Christian Clemens,9098,FSV Mainz 05,Pressure,105.0,70.1,1,16
b516b8d5-0d06-4382-99f4-02d985de8537,00:16:38.770,Oliver Sorg,12316,Hannover 96,Pass,19.7,6.7,1,16
ecc37c42-c6df-48db-a372-0fd57efbd7e6,00:16:39.774,Salif Sané,5664,Hannover 96,Ball Receipt*,22.9,21.2,1,16
8ce49c81-0dc5-4134-a1a7-66bc2c53800a,00:16:39.774,Salif Sané,5664,Hannover 96,Carry,22.9,21.2,1,16
77ca3f1d-2877-4664-a082-fb75952062ae,00:16:40.619,Yoshinori Muto,6337,FSV Mainz 05,Pressure,99.0,55.6,1,16
c5942930-de67-4eed-bbad-d3d9b500fb63,00:16:41.427,Yoshinori Muto,6337,FSV Mainz 05,Dribbled Past,97.8,56.7,1,16
c7374732-021c-429d-8b16-7758635d2145,00:16:41.427,Salif Sané,5664,Hannover 96,Dribble,22.3,23.4,1,16
97811090-a2ae-49fa-9d78-691734a7beea,00:16:41.427,Salif Sané,5664,Hannover 96,Carry,22.3,23.4,1,16
74a0316a-6173-46d9-b865-1c9bd5f4349a,00:16:42.478,Salif Sané,5664,Hannover 96,Pass,20.6,25.5,1,16
5dc3ccff-0d9f-4e98-a496-1b402e540c43,00:16:44.632,Hiroki Sakai,3530,Hannover 96,Ball Receipt*,30.7,66.5,1,16
5bbdd631-02c6-4815-8420-2ab35a334a7b,00:16:44.632,Hiroki Sakai,3530,Hannover 96,Carry,30.7,66.5,1,16
c6feb5e1-ecda-439f-b40d-c4d983e5184f,00:16:46.310,Hiroki Sakai,3530,Hannover 96,Pass,35.6,69.8,1,16
f1c9b492-d0f0-4e22-b887-29113e346766,00:16:47.319,Pierre Bengtsson,20871,FSV Mainz 05,Pressure,63.1,7.7,1,16
474f1cb4-5ed1-48f0-897e-a11c9ede660b,00:16:47.572,Edgar Prib,24914,Hannover 96,Ball Receipt*,55.1,73.3,1,16
deb41d7b-d0f8-43e7-9fe0-b96bd922bdb3,00:16:47.572,Edgar Prib,24914,Hannover 96,Carry,55.1,73.3,1,16
c8ca8452-a5c7-4844-b71a-f254d0dedcf2,00:16:47.700,Edgar Prib,24914,Hannover 96,Pass,54.5,74.4,1,16
4101cb06-5ad7-4bb3-98d6-156f123fa2e7,00:16:49.117,Hiroki Sakai,3530,Hannover 96,Ball Receipt*,44.5,76.8,1,16
b610a28d-282e-40af-858c-b4245fdbb662,00:16:49.117,Hiroki Sakai,3530,Hannover 96,Carry,44.5,76.8,1,16
375f24e4-fdf5-4c8e-9030-f4b722541b36,00:16:49.564,Hiroki Sakai,3530,Hannover 96,Pass,43.1,76.0,1,16
572ab1c3-745b-4047-9599-eb211bb06de2,00:16:50.926,Marcelo Antônio Guedes Filho,3164,Hannover 96,Ball Receipt*,32.7,70.2,1,16
8643eeca-166a-4321-bb99-a44dee60467b,00:16:50.926,Marcelo Antônio Guedes Filho,3164,Hannover 96,Carry,32.7,70.2,1,16
c823934b-453e-4424-837c-83644aec8ee0,00:16:51.784,Marcelo Antônio Guedes Filho,3164,Hannover 96,Pass,31.4,69.3,1,16
e3aaa427-5950-41aa-ab51-eead7ee3a2ab,00:16:53.997,Christian Schulz,400614,Hannover 96,Ball Receipt*,32.9,25.3,1,16
0a5e119e-3e01-4212-95fb-f28ec3f5ca6c,00:16:53.997,Christian Schulz,400614,Hannover 96,Carry,32.9,25.3,1,16
c43f0ded-43a0-4862-8d91-44a14df68279,00:16:54.086,Christian Schulz,400614,Hannover 96,Pass,35.2,20.8,1,16
b84ba205-f305-4134-ab1f-e920c258466b,00:16:55.015,Manuel Schmiedebach,8543,Hannover 96,Ball Receipt*,42.5,22.6,1,16
6547d129-03fa-4c33-821e-0b238ddad442,00:16:55.015,Manuel Schmiedebach,8543,Hannover 96,Carry,42.5,22.6,1,16
e9e152c5-11c5-4634-92e7-54e257ee8199,00:16:57.946,Manuel Schmiedebach,8543,Hannover 96,Pass,50.0,18.4,1,16
7f30976a-de4f-4892-a962-ddedd862eb25,00:16:58.529,Leon Aderemi Balogun,5467,FSV Mainz 05,Pressure,54.2,63.0,1,16
66facaeb-8ad9-445e-a276-7491a3dcacee,00:16:58.733,Uffe Manich Bech,24244,Hannover 96,Ball Receipt*,64.1,17.7,1,16
48ddf7f2-6967-43d6-ae87-c1ba9492595a,00:16:58.733,Uffe Manich Bech,24244,Hannover 96,Carry,64.1,17.7,1,16
8fd2384e-3fe5-4e82-8594-31d64b1b0887,00:16:58.893,Uffe Manich Bech,24244,Hannover 96,Pass,62.3,17.5,1,16
68c63ca7-5636-4d68-9e84-6e60ae6a6e12,00:17:00.534,Salif Sané,5664,Hannover 96,Ball Receipt*,47.3,42.4,1,17
0a5e2813-c952-451d-8503-be5840df07e4,00:17:00.534,Yoshinori Muto,6337,FSV Mainz 05,Ball Recovery,72.5,32.8,1,17
61e6691d-79f3-4899-9b61-89ee7ac3bb32,00:17:00.534,Yoshinori Muto,6337,FSV Mainz 05,Carry,72.5,32.8,1,17
9bdfd485-9363-4a6a-8708-10c35d2f17cd,00:17:03.749,Yoshinori Muto,6337,FSV Mainz 05,Pass,84.9,35.2,1,17
56bf1c68-24b9-4dc4-9c2c-ff3ca442141e,00:17:05.113,Danny Latza,8539,FSV Mainz 05,Ball Receipt*,97.0,14.3,1,17
0cfbbc69-f867-4b25-8ffa-59bd3a7a2533,00:17:05.113,Danny Latza,8539,FSV Mainz 05,Carry,97.0,14.3,1,17
6164e6da-f05a-4b1a-a778-e9265e23ad08,00:17:09.000,Danny Latza,8539,FSV Mainz 05,Pass,105.0,14.9,1,17
c1b878f5-3116-44bd-9607-279ca11d2faa,00:17:09.743,Jairo Samperio Bustara,6925,FSV Mainz 05,Ball Receipt*,98.8,24.7,1,17
5c97f5cd-742e-41cf-a820-b97648159c2e,00:17:09.743,Jairo Samperio Bustara,6925,FSV Mainz 05,Carry,98.8,24.7,1,17
c6d0c4f9-4596-41fa-9bd5-ebdc9a70ae45,00:17:09.963,Felix Klaus,8551,Hannover 96,Pressure,21.5,54.4,1,17
54475ef6-997a-44f2-9ada-7de016637ce6,00:17:10.517,Jairo Samperio Bustara,6925,FSV Mainz 05,Pass,99.0,27.7,1,17
aa34aa69-ed9a-4df1-bf1c-a3b1a12b42ec,00:17:10.927,Christian Schulz,400614,Hannover 96,Pressure,15.3,39.8,1,17
81b84fd2-2331-4d10-b65e-348f4f03122d,00:17:11.128,Yoshinori Muto,6337,FSV Mainz 05,Ball Receipt*,104.3,39.9,1,17
3551f3a4-81eb-48fa-8d14-c5ce500050f6,00:17:11.128,Yoshinori Muto,6337,FSV Mainz 05,Carry,104.3,39.9,1,17
96a84607-3e19-4d1f-ad53-ce61d164bd29,00:17:11.163,Yoshinori Muto,6337,FSV Mainz 05,Pass,103.1,38.3,1,17
d5ff4005-6d50-482c-af84-38ca60a9fd46,00:17:11.694,Jairo Samperio Bustara,6925,FSV Mainz 05,Ball Receipt*,98.4,30.8,1,17
300d6b52-107d-4f50-acee-9a74b7391ad8,00:17:11.694,Edgar Prib,24914,Hannover 96,Clearance,17.0,47.7,1,17
94b59bd2-1dc2-4593-abac-90dd5006a788,00:17:14.164,Leon Aderemi Balogun,5467,FSV Mainz 05,Pressure,92.3,51.1,1,17
b1bf3a58-8063-4323-8a22-6b32d1e5b682,00:17:14.238,Manuel Schmiedebach,8543,Hannover 96,Ball Recovery,30.3,29.2,1,17
79ae6b64-f4ed-4e6c-ba83-5cad45e16b50,00:17:14.238,Manuel Schmiedebach,8543,Hannover 96,Carry,30.3,29.2,1,17
1ce0f50a-1030-4c90-a9b5-449b3e9a275f,00:17:17.589,Leon Aderemi Balogun,5467,FSV Mainz 05,Pressure,103.7,69.1,1,17
1a0bac46-203f-4df3-bcb3-7de332aa2aa7,00:17:17.945,Manuel Schmiedebach,8543,Hannover 96,Pass,15.6,7.8,1,17
401fb440-e2ea-4f24-8fb4-480d0d687abd,00:17:20.294,Charlison Benschop,8558,Hannover 96,Ball Receipt*,43.9,14.6,1,17
84db9f84-875c-4a1c-95ae-925cdb46ed8a,00:17:20.294,Julian Baumgartlinger,20037,FSV Mainz 05,Pass,78.3,64.4,1,17
9d2ed3e6-cba2-422e-a1f5-73d6a88c3261,00:17:21.801,Danny Latza,8539,FSV Mainz 05,Ball Receipt*,74.6,44.8,1,17
84aa57a0-c32e-4b7f-9da0-15d18401e3b0,00:17:21.801,Danny Latza,8539,FSV Mainz 05,Carry,74.6,44.8,1,17
992b9475-3891-487c-8841-34f1d6d0e817,00:17:21.881,Danny Latza,8539,FSV Mainz 05,Pass,73.2,45.4,1,17
8096fc96-5f9d-4a72-aac6-977412c38217,00:17:23.015,Niko Bungert,13319,FSV Mainz 05,Ball Receipt*,63.5,61.5,1,17
8f7c5bcb-a21b-4662-aa6a-37ece70f7d6a,00:17:23.015,Niko Bungert,13319,FSV Mainz 05,Carry,63.5,61.5,1,17
127b1811-ada2-45f2-8f66-a7ecc8ab87c3,00:17:24.615,Niko Bungert,13319,FSV Mainz 05,Pass,61.3,62.4,1,17
f87769ec-2006-4e09-a95d-cd6365218178,00:17:26.548,Stefan Bell,8559,FSV Mainz 05,Ball Receipt*,55.8,29.5,1,17
bfa9c65b-b41d-4ec0-93d4-078b7d4dc919,00:17:26.548,Stefan Bell,8559,FSV Mainz 05,Carry,55.8,29.5,1,17
37b44504-e3a7-4170-864c-81ef47259a2c,00:17:28.625,Stefan Bell,8559,FSV Mainz 05,Pass,63.3,26.0,1,17
bf0b904c-10e2-4539-b396-4f09527fd409,00:17:29.777,Jairo Samperio Bustara,6925,FSV Mainz 05,Ball Receipt*,78.5,23.6,1,17
62781cb3-168e-433c-8f6b-3a713b8d2991,00:17:29.777,Jairo Samperio Bustara,6925,FSV Mainz 05,Carry,78.5,23.6,1,17
7459b4da-26b4-469e-94e7-5644de784519,00:17:30.940,Jairo Samperio Bustara,6925,FSV Mainz 05,Pass,83.1,22.2,1,17
b793d86e-3f62-49a5-95fe-bfdc651e6c1b,00:17:33.112,Yoshinori Muto,6337,FSV Mainz 05,Ball Receipt*,106.7,30.3,1,17
0fe1cc7c-55ff-4882-80f0-e2d7e24e3dee,00:17:33.257,Yoshinori Muto,6337,FSV Mainz 05,Shot,106.7,30.3,1,17
52e4ec3a-7f8a-433b-899b-c937a523a5fc,00:17:33.486,Ron-Robert Zieler,8947,Hannover 96,Goal Keeper,9.6,47.3,1,17
40c40291-dc0a-4f49-96cd-cd7e67d2704f,00:17:35.337,Hiroki Sakai,3530,Hannover 96,Ball Recovery,11.3,56.5,1,17
326d32c7-39d7-4179-a13b-0220b870c635,00:17:35.337,Hiroki Sakai,3530,Hannover 96,Carry,11.3,56.5,1,17
52046a44-4b85-4b82-8912-31a5170d3150,00:17:37.329,Hiroki Sakai,3530,Hannover 96,Pass,10.0,62.5,1,17
66a9d104-5683-4536-a911-1749bf9af686,00:17:41.207,Charlison Benschop,8558,Hannover 96,Ball Receipt*,66.3,63.4,1,17
9ae51ba9-83af-44f7-928e-03b38f571461,00:17:41.207,Stefan Bell,8559,FSV Mainz 05,Pass,50.7,13.8,1,17
524ce407-a6b4-4779-8595-9559f1ac3caa,00:17:42.058,Danny Latza,8539,FSV Mainz 05,Ball Receipt*,56.9,16.9,1,17
02957021-2353-4ed0-a3b1-477ddcd14198,00:17:42.058,Danny Latza,8539,FSV Mainz 05,Carry,56.9,16.9,1,17
8d699374-db0b-43ed-bc31-ae2614ff68d8,00:17:46.643,Danny Latza,8539,FSV Mainz 05,Pass,72.5,16.1,1,17
5741ee3b-cb84-4c81-9771-33f7fc970ae2,00:17:47.372,Julian Baumgartlinger,20037,FSV Mainz 05,Ball Receipt*,68.2,31.6,1,17
91da66ea-456e-4510-8062-1a9a74629f6d,00:17:47.372,Julian Baumgartlinger,20037,FSV Mainz 05,Carry,68.2,31.6,1,17
105d58b1-4670-471f-897e-91119af706f3,00:17:48.732,Julian Baumgartlinger,20037,FSV Mainz 05,Pass,66.6,34.8,1,17
cfd41894-5257-4078-bc3c-cbff31340ac2,00:17:49.456,Yunus Mallı,8679,FSV Mainz 05,Ball Receipt*,74.4,40.1,1,17
8d07f441-0de9-4645-ba46-7f2ba7d6afa7,00:17:49.456,Yunus Mallı,8679,FSV Mainz 05,Pass,75.4,40.8,1,17
8bd52f39-2aa7-4309-9ef3-848eccde7a66,00:17:50.318,Julian Baumgartlinger,20037,FSV Mainz 05,Ball Receipt*,66.6,35.3,1,17
5a7fef14-e254-4d4e-acf5-01073bd50bdb,00:17:50.318,Julian Baumgartlinger,20037,FSV Mainz 05,Carry,66.6,35.3,1,17
46816d72-0abe-4ced-81e7-1e2717a6dbc9,00:17:50.674,Manuel Schmiedebach,8543,Hannover 96,Pressure,51.0,48.8,1,17
8feb1314-3aa8-4948-a65e-ce00c2f10d33,00:17:51.903,Julian Baumgartlinger,20037,FSV Mainz 05,Pass,69.3,26.0,1,17
c6ee6eb6-4e83-4541-97df-1080d74f6c51,00:17:52.972,Pierre Bengtsson,20871,FSV Mainz 05,Ball Receipt*,88.4,5.0,1,17
d332e290-d7b4-4eb4-a8a9-2703552b550f,00:17:52.972,Pierre Bengtsson,20871,FSV Mainz 05,Carry,88.4,5.0,1,17
7c7fbfad-ec93-4dac-9084-e03c2110e177,00:17:56.636,Pierre Bengtsson,20871,FSV Mainz 05,Pass,100.8,5.9,1,17
56447ea7-ff3f-4fd0-a10c-634a66089ae9,00:17:57.216,Danny Latza,8539,FSV Mainz 05,Ball Receipt*,96.8,21.2,1,17
58034932-44e2-4db1-b025-80f092808575,00:17:57.216,Danny Latza,8539,FSV Mainz 05,Carry,96.8,21.2,1,17
aaf78327-8d67-4d72-9608-6efc4db1d41f,00:17:57.822,Marcelo Antônio Guedes Filho,3164,Hannover 96,Pressure,19.1,57.9,1,17
b96a9266-a61d-42f1-b807-017911ea97b0,00:17:58.879,Danny Latza,8539,FSV Mainz 05,Pass,103.7,20.5,1,17
db0d6fc3-c9c3-43c7-ab6f-ce061f5e61ae,00:17:59.964,Pierre Bengtsson,20871,FSV Mainz 05,Ball Receipt*,106.4,8.5,1,17
7607a999-d050-4217-b896-ce192ea95516,00:17:59.964,Pierre Bengtsson,20871,FSV Mainz 05,Carry,106.4,8.5,1,17
450f7a5a-561a-44d5-8360-41c3f61c3901,00:18:00.499,Pierre Bengtsson,20871,FSV Mainz 05,Pass,105.2,6.8,1,18
fb55d6e7-e567-4d02-a47e-873fd6a46732,00:18:01.855,Jairo Samperio Bustara,6925,FSV Mainz 05,Ball Receipt*,83.3,5.5,1,18
a32c94a1-5493-48fd-882d-c885e5ca2c99,00:18:01.855,Jairo Samperio Bustara,6925,FSV Mainz 05,Carry,83.3,5.5,1,18
d04ec49c-0ec8-4b38-a71d-596178ef2043,00:18:03.923,Jairo Samperio Bustara,6925,FSV Mainz 05,Pass,84.7,7.9,1,18
087065dc-5d8f-41e3-b021-fff65b94725f,00:18:05.038,Julian Baumgartlinger,20037,FSV Mainz 05,Ball Receipt*,78.5,15.7,1,18
aae9693f-57da-44ed-820a-d4161507ebb7,00:18:05.038,Julian Baumgartlinger,20037,FSV Mainz 05,Carry,78.5,15.7,1,18
529dfb82-1054-4906-b59b-47e61a3b617f,00:18:05.416,Edgar Prib,24914,Hannover 96,Pressure,39.0,62.2,1,18
7759be4f-90c8-4949-80f2-ad529025d86c,00:18:06.220,Julian Baumgartlinger,20037,FSV Mainz 05,Pass,77.6,16.5,1,18
eb7a6871-f41b-4b6b-8b19-91adc7169f98,00:18:07.226,Jairo Samperio Bustara,6925,FSV Mainz 05,Ball Receipt*,76.1,5.1,1,18
0b73a81e-8eb9-4879-aa47-2d927fe73d04,00:18:07.226,Jairo Samperio Bustara,6925,FSV Mainz 05,Carry,76.1,5.1,1,18
567d8898-1640-4431-9fa5-b6cf1899920e,00:18:08.305,Jairo Samperio Bustara,6925,FSV Mainz 05,Pass,74.8,5.9,1,18
f13e1896-1943-4689-a423-745058d4a91b,00:18:08.902,Danny Latza,8539,FSV Mainz 05,Ball Receipt*,82.9,10.3,1,18
ae27e17a-b8c7-4c96-b6d4-9e7c160e495c,00:18:08.902,Danny Latza,8539,FSV Mainz 05,Carry,82.9,10.3,1,18
df359ee5-43bb-4b14-bcb5-2675a093b77d,00:18:10.280,Danny Latza,8539,FSV Mainz 05,Pass,84.7,3.9,1,18
173b72d2-9465-4c05-9c7f-8df87b9325e1,00:18:11.688,Jairo Samperio Bustara,6925,FSV Mainz 05,Ball Receipt*,69.0,6.1,1,18
841af670-49a3-43bc-91b1-d77d33497d12,00:18:11.688,Jairo Samperio Bustara,6925,FSV Mainz 05,Carry,69.0,6.1,1,18
18abf27f-e0a5-4c37-8177-b081db0bd3df,00:18:12.546,Jairo Samperio Bustara,6925,FSV Mainz 05,Pass,69.9,6.5,1,18
57e98235-7f99-4fbf-99c6-2d977ef8625b,00:18:13.670,Stefan Bell,8559,FSV Mainz 05,Ball Receipt*,55.8,9.4,1,18
dc7066c2-833e-4bd1-b95e-75d2bd6413b5,00:18:13.670,Stefan Bell,8559,FSV Mainz 05,Carry,55.8,9.4,1,18
49ff38e5-39bc-4539-bc76-24379b65b925,00:18:15.252,Stefan Bell,8559,FSV Mainz 05,Pass,55.0,11.4,1,18
1ebf52ec-6632-40ff-b0a0-6bbf3b20fed9,00:18:16.937,Niko Bungert,13319,FSV Mainz 05,Ball Receipt*,46.3,55.2,1,18
9f324051-1e35-4a93-9154-bc6029c4c094,00:18:16.937,Niko Bungert,13319,FSV Mainz 05,Carry,46.3,55.2,1,18
148033bd-229c-41c3-8860-0221fb4c1740,00:18:20.715,Niko Bungert,13319,FSV Mainz 05,Pass,62.9,63.7,1,18
d4a59ce4-c726-44f3-91d3-9ff4cdce9f49,00:18:21.718,Christian Clemens,9098,FSV Mainz 05,Ball Receipt*,77.0,61.3,1,18
18d85c31-1af6-41fa-8cb2-1d1b14da2f27,00:18:21.718,Christian Clemens,9098,FSV Mainz 05,Carry,77.0,61.3,1,18
db7af2e4-467a-4954-aade-11c2c16edc03,00:18:23.175,Felix Klaus,8551,Hannover 96,Pressure,32.5,26.3,1,18
6d985f20-84bc-48ca-a6b0-86e56e1ac3ae,00:18:23.790,Felix Klaus,8551,Hannover 96,Foul Committed,30.3,27.2,1,18
d87d32e0-93fe-4b4b-9ac4-f3d4a2527087,00:18:23.790,Christian Clemens,9098,FSV Mainz 05,Foul Won,89.8,52.9,1,18
43fa57c9-d54e-4e97-ac56-78f482d2dbaa,00:19:16.953,Christian Clemens,9098,FSV Mainz 05,Pass,90.9,53.8,1,19
16546376-5a57-4916-bcd9-f528744057cc,00:19:18.373,Niko Bungert,13319,FSV Mainz 05,Ball Receipt*,110.3,33.5,1,19
ac454162-3abe-4d75-97f2-4f20ed2a97ad,00:19:18.373,Marcelo Antônio Guedes Filho,3164,Hannover 96,Clearance,10.7,46.7,1,19
b41f40f0-a56a-464e-aa87-7aab4aeffed9,00:19:46.894,Christian Clemens,9098,FSV Mainz 05,Pass,120.0,0.1,1,19
8af0fc2f-442b-47b7-97a5-d9083646eaeb,00:19:48.021,Niko Bungert,13319,FSV Mainz 05,Ball Receipt*,114.3,29.7,1,19
cadf545f-988e-4c9d-bccd-4eb4deb9f1c9,00:19:48.021,Hiroki Sakai,3530,Hannover 96,Clearance,5.4,52.2,1,19
60f2f59b-a440-4fcc-8ee0-c2623ea5201c,00:19:50.384,Charlison Benschop,8558,Hannover 96,Pressure,6.7,56.9,1,19
e03db653-2a70-40be-aaca-8b6ca5a9d5d1,00:19:50.773,Christian Clemens,9098,FSV Mainz 05,Pass,112.1,22.0,1,19
d5a27a75-2153-4892-99fc-144f07d308f4,00:19:50.934,Niko Bungert,13319,FSV Mainz 05,Ball Receipt*,112.7,26.5,1,19
8fa884bf-8817-444e-a8e4-2362001c5247,00:19:50.934,Charlison Benschop,8558,Hannover 96,Block,8.2,55.7,1,19
4cf905c0-3e3b-4bca-b46d-f5129e0b2628,00:19:51.914,Leon Aderemi Balogun,5467,FSV Mainz 05,Ball Recovery,103.5,37.5,1,19
287519eb-2add-407e-a4e4-5dad122a4201,00:19:55.190,Yunus Mallı,8679,FSV Mainz 05,Pass,91.3,60.2,1,19
50ebefaa-4b7f-415e-9368-e84fe97157cf,00:19:56.494,Julian Baumgartlinger,20037,FSV Mainz 05,Ball Receipt*,101.5,70.5,1,19
fe7572de-1049-4873-bc95-159886204585,00:19:56.494,Julian Baumgartlinger,20037,FSV Mainz 05,Carry,101.5,70.5,1,19
0651243e-0516-4919-8b51-afcf29d61643,00:19:58.220,Julian Baumgartlinger,20037,FSV Mainz 05,Pass,105.2,72.1,1,19
5406c565-c854-479a-aa60-5487d64ebf92,00:19:59.808,Christian Clemens,9098,FSV Mainz 05,Ball Receipt*,107.2,32.0,1,19
4f33ce6c-b608-4438-93d6-facfda4b780b,00:19:59.808,Manuel Schmiedebach,8543,Hannover 96,Clearance,17.2,41.4,1,19
ea856754-dcac-4df4-833c-d72b4fcbae68,00:20:01.570,Jairo Samperio Bustara,6925,FSV Mainz 05,Ball Recovery,86.8,16.1,1,20
320b2d74-ba51-442a-998d-1e3898e46ddb,00:20:01.570,Jairo Samperio Bustara,6925,FSV Mainz 05,Carry,86.8,16.1,1,20
2fde31cf-5ad2-4397-a6ea-2fdce9c20e4a,00:20:02.502,Jairo Samperio Bustara,6925,FSV Mainz 05,Pass,87.2,18.7,1,20
d3165b10-fbe8-4090-b191-311de1364944,00:20:03.362,Yoshinori Muto,6337,FSV Mainz 05,Ball Receipt*,95.8,22.7,1,20
fc986922-5ab0-419b-b925-1755fcbddc29,00:20:03.362,Manuel Schmiedebach,8543,Hannover 96,Interception,24.3,58.3,1,20
a6f63d35-2aca-42cf-863f-25b597232f5d,00:20:05.616,Yoshinori Muto,6337,FSV Mainz 05,Pressure,84.3,7.3,1,20
58a97340-dc96-40f7-97f5-87d451b14fab,00:20:06.313,Yoshinori Muto,6337,FSV Mainz 05,Foul Committed,84.5,6.7,1,20
cd9fd30e-6e4b-40b9-8ad5-7ef09ff619d5,00:20:06.313,Charlison Benschop,8558,Hannover 96,Foul Won,35.6,73.4,1,20
8212cd6d-368b-4006-8d10-0d4d10708ac1,00:20:21.439,Marcelo Antônio Guedes Filho,3164,Hannover 96,Pass,35.6,74.2,1,20
ce4330bb-506a-4148-801b-372632567d1a,00:20:22.950,Salif Sané,5664,Hannover 96,Ball Receipt*,35.6,36.0,1,20
040057d7-bf54-4ca9-a99f-8c1488975a12,00:20:24.238,Salif Sané,5664,Hannover 96,Pass,35.4,35.1,1,20
6813bd37-81d2-453f-bd3b-6698cfe8dbce,00:20:26.053,Christian Schulz,400614,Hannover 96,Ball Receipt*,42.5,7.6,1,20
81fd0af5-8b07-4107-8331-800e7520c1b7,00:20:26.053,Christian Schulz,400614,Hannover 96,Carry,42.5,7.6,1,20
5d6d16d2-95ff-49e5-88a1-4a9f7a3b4543,00:20:27.938,Christian Schulz,400614,Hannover 96,Pass,49.3,10.6,1,20
37b915c1-d81e-4d39-8761-bfa9ec34e826,00:20:29.258,Salif Sané,5664,Hannover 96,Ball Receipt*,40.9,32.0,1,20
867ebdc1-e3e0-4e46-918b-0e9d9f858033,00:20:29.258,Salif Sané,5664,Hannover 96,Carry,40.9,32.0,1,20
c0558cd3-6336-4bbc-b5a0-66129c989fb6,00:20:31.094,Salif Sané,5664,Hannover 96,Pass,40.9,32.7,1,20
88d7dfb9-4d28-4bec-b966-6d95a1bd6084,00:20:33.129,Marcelo Antônio Guedes Filho,3164,Hannover 96,Ball Receipt*,42.7,65.8,1,20
4fcb0f64-93e7-4f4a-9a01-db1ddfa3e457,00:20:33.129,Marcelo Antônio Guedes Filho,3164,Hannover 96,Carry,42.7,65.8,1,20
f7538024-2a03-444c-b462-ef1c5fde20a0,00:20:34.049,Marcelo Antônio Guedes Filho,3164,Hannover 96,Pass,43.3,66.0,1,20
5e056db8-2757-4c7e-8710-ac551b9c90ec,00:20:35.178,Hiroki Sakai,3530,Hannover 96,Ball Receipt*,50.4,78.3,1,20
12b76a0d-0a2c-4d60-8a83-98f9eea20a44,00:20:35.178,Hiroki Sakai,3530,Hannover 96,Carry,50.4,78.3,1,20
f61448a1-34e4-4e70-8411-549e736a9184,00:20:36.091,Hiroki Sakai,3530,Hannover 96,Pass,50.0,76.2,1,20
9a90ab9e-c736-4635-8495-d6fa670df041,00:20:36.666,Danny Latza,8539,FSV Mainz 05,Pressure,66.2,15.7,1,20
832521de-afda-4bcb-9dfc-18a7660062e3,00:20:36.969,Manuel Schmiedebach,8543,Hannover 96,Ball Receipt*,51.1,65.2,1,20
8cfe3fa1-f852-4b26-9382-cc5c0ab16bac,00:20:36.969,Manuel Schmiedebach,8543,Hannover 96,Carry,51.1,65.2,1,20
67539a95-7274-47a9-8256-d29a196fd557,00:20:37.345,Danny Latza,8539,FSV Mainz 05,Foul Committed,69.0,15.7,1,20
0dbc83c7-3976-4bd2-bd14-979ae9ceda10,00:20:37.345,Manuel Schmiedebach,8543,Hannover 96,Foul Won,51.1,64.4,1,20
a3cb462a-07c3-477b-a61e-953ad99bd0f1,00:20:57.860,Marcelo Antônio Guedes Filho,3164,Hannover 96,Pass,57.0,75.0,1,20
55c1f649-478c-495d-8308-d582c8da57ef,00:21:00.155,Christian Schulz,400614,Hannover 96,Ball Receipt*,55.9,27.6,1,21
0fa1c668-ca96-4cf1-be49-2ba4274f255d,00:21:00.155,Christian Schulz,400614,Hannover 96,Carry,55.9,27.6,1,21
eeb053cf-9d56-4d2f-bf03-d55d326439bb,00:21:02.020,Christian Schulz,400614,Hannover 96,Pass,63.5,18.8,1,21
ac44e5e7-a398-4327-ac1e-696607f5a272,00:21:03.276,Oliver Sorg,12316,Hannover 96,Ball Receipt*,73.1,4.1,1,21
972480d0-11f1-46b1-bc8d-124ce81970f2,00:21:03.276,Oliver Sorg,12316,Hannover 96,Carry,73.1,4.1,1,21
663d9329-1921-48e1-8941-da1304d48cd7,00:21:03.915,Christian Clemens,9098,FSV Mainz 05,Pressure,45.8,74.1,1,21
5d46cd17-00ff-442c-b7de-933eebe35135,00:21:12.256,Oliver Sorg,12316,Hannover 96,Pass,78.2,5.5,1,21
10aea828-37ca-4162-8d8f-69446eec8647,00:21:13.147,Charlison Benschop,8558,Hannover 96,Ball Receipt*,97.1,9.8,1,21
42b877de-9f64-4cd6-88a0-41cd58d8c47d,00:21:13.147,Julian Baumgartlinger,20037,FSV Mainz 05,Interception,26.5,69.7,1,21
6b15a1de-239b-4a67-92a8-9bac24bbd97b,00:21:13.147,Julian Baumgartlinger,20037,FSV Mainz 05,Carry,26.5,69.7,1,21
8d473857-d3e8-416b-9f50-93a0ab7c0197,00:21:14.583,Julian Baumgartlinger,20037,FSV Mainz 05,Pass,22.7,75.8,1,21
a6b33ced-34c5-4492-a572-6f22ba11f2a3,00:21:17.541,Yunus Mallı,8679,FSV Mainz 05,Ball Receipt*,38.1,67.9,1,21
e27a2a40-d1ee-47c2-9090-37386d214374,00:21:17.541,Christian Schulz,400614,Hannover 96,Ball Recovery,63.4,16.6,1,21
441ffcea-96ae-4209-a82f-7d8499dfceba,00:21:17.541,Christian Schulz,400614,Hannover 96,Carry,63.4,16.6,1,21
51469416-39d2-4af5-bc67-44f897e46948,00:21:18.157,Christian Schulz,400614,Hannover 96,Pass,64.3,18.4,1,21
c1c5d0d7-0439-483e-9cb9-bf0aec23429f,00:21:19.176,Marcelo Antônio Guedes Filho,3164,Hannover 96,Ball Receipt*,50.2,35.3,1,21
56690132-dcf4-431d-b4d4-92d69797c081,00:21:19.176,Marcelo Antônio Guedes Filho,3164,Hannover 96,Carry,50.2,35.3,1,21
4396c041-710a-4171-8dc9-abcaaa7bf58a,00:21:21.679,Marcelo Antônio Guedes Filho,3164,Hannover 96,Pass,54.1,43.3,1,21
3922d406-539e-4961-ae7d-018c47cc35c4,00:21:23.145,Hiroki Sakai,3530,Hannover 96,Ball Receipt*,56.4,73.3,1,21
b05d824f-af7e-4161-bc35-a6380d688a37,00:21:23.145,Hiroki Sakai,3530,Hannover 96,Carry,56.4,73.3,1,21
eaee7996-b50f-4076-8550-53346f2b49ae,00:21:25.052,Hiroki Sakai,3530,Hannover 96,Pass,53.1,76.4,1,21
b4690aa0-b818-4147-a777-ab239f8ed959,00:21:29.100,Uffe Manich Bech,24244,Hannover 96,Pressure,106.5,71.6,1,21
b75af6db-e247-46ed-bc04-4b2b2d8cd2e3,00:21:29.408,Uffe Manich Bech,24244,Hannover 96,Ball Receipt*,107.5,71.3,1,21
45f12376-c19b-4aba-8429-90c2e1d1d03b,00:21:29.408,Stefan Bell,8559,FSV Mainz 05,Pass,10.8,10.6,1,21
be058133-7b29-4c18-9c9f-6e9223c3f9ed,00:21:31.403,Uffe Manich Bech,24244,Hannover 96,Pressure,105.1,74.8,1,21
970bda0b-91a6-43d3-badf-7bee40863820,00:21:31.481,Pierre Bengtsson,20871,FSV Mainz 05,Ball Receipt*,18.3,3.7,1,21
49d7f3e2-eb69-4e0f-a3de-582620cf016e,00:21:31.481,Pierre Bengtsson,20871,FSV Mainz 05,Carry,18.3,3.7,1,21
3ef67f6c-6a80-4ab2-862a-da53d83d04ee,00:21:32.079,Pierre Bengtsson,20871,FSV Mainz 05,Pass,20.1,4.3,1,21
1c6f901f-c892-4aab-a2d0-bbf1f104be8a,00:21:32.800,Danny Latza,8539,FSV Mainz 05,Ball Receipt*,31.7,6.7,1,21
c96afb36-511f-4a02-959d-5072c82bc622,00:21:32.800,Danny Latza,8539,FSV Mainz 05,Carry,31.7,6.7,1,21
38b2afbc-34a5-4f3c-add5-eb3814c7f317,00:21:35.492,Uffe Manich Bech,24244,Hannover 96,Pressure,73.3,73.6,1,21
fa2d70fe-35dd-4b10-8277-ae1eb54cb6ee,00:21:36.038,Danny Latza,8539,FSV Mainz 05,Pass,50.9,4.1,1,21
93ee559d-a06c-4c8e-bbcc-5c0c48cd77fd,00:21:36.619,Jairo Samperio Bustara,6925,FSV Mainz 05,Ball Receipt*,53.8,3.0,1,21
b458e718-8b88-40e5-a985-61bfc4a7b7f8,00:21:36.619,Jairo Samperio Bustara,6925,FSV Mainz 05,Pass,53.8,1.5,1,21
74bf15a5-9a36-4eea-b70c-8ecae71ac62f,00:21:37.555,Edgar Prib,24914,Hannover 96,Pressure,76.7,75.3,1,21
8090c989-74c0-4f55-91eb-e509503b0ebe,00:21:37.983,Pierre Bengtsson,20871,FSV Mainz 05,Ball Receipt*,42.6,3.9,1,21
ff1d716e-3c5b-4751-92ab-8d9283fa9cf8,00:21:37.983,Pierre Bengtsson,20871,FSV Mainz 05,Carry,42.6,3.9,1,21
4630e742-8768-4e24-a85c-c5e2f314a787,00:21:39.226,Pierre Bengtsson,20871,FSV Mainz 05,Pass,42.8,3.0,1,21
ae1dcb39-0491-4f95-a531-2fb01408f33a,00:21:40.230,Stefan Bell,8559,FSV Mainz 05,Ball Receipt*,24.2,10.4,1,21
75041c78-ae97-429c-a8a2-d10af2ff341e,00:21:40.230,Stefan Bell,8559,FSV Mainz 05,Carry,24.2,10.4,1,21
09762069-1f9e-43a4-9129-778de140d5dd,00:21:41.217,Charlison Benschop,8558,Hannover 96,Pressure,98.1,67.5,1,21
56e28208-c3c4-4062-8f29-8a9dd2a3421d,00:21:42.482,Stefan Bell,8559,FSV Mainz 05,Pass,14.3,20.7,1,21
6f37bd93-b7a6-44db-813c-04a4341891e4,00:21:43.879,Loris Karius,3630,FSV Mainz 05,Ball Receipt*,5.0,37.5,1,21
a691adba-d10e-46da-a934-ce46ebb61f29,00:21:43.879,Loris Karius,3630,FSV Mainz 05,Carry,5.0,37.5,1,21
4c2b781b-bca7-4c4a-84f8-9b85da2710cf,00:21:46.639,Loris Karius,3630,FSV Mainz 05,Pass,4.4,41.0,1,21
f762eeb7-ec4d-4613-88e9-4bcdf18938ca,00:21:49.384,Leon Aderemi Balogun,5467,FSV Mainz 05,Ball Receipt*,53.4,75.8,1,21
5ceed4c3-986a-4a0a-aa84-ba48987dad82,00:21:49.799,Leon Aderemi Balogun,5467,FSV Mainz 05,Pass,53.8,75.8,1,21
03ef8030-eece-4d0b-8921-32f8352d9c56,00:21:50.830,Christian Clemens,9098,FSV Mainz 05,Ball Receipt*,63.3,75.8,1,21
027fab6d-e46b-4374-a694-2a785eb0d9f7,00:21:56.023,Oliver Sorg,12316,Hannover 96,Pass,49.8,0.1,1,21
b79170e3-920a-40c1-a4bb-8d32d752458c,00:21:57.194,Salif Sané,5664,Hannover 96,Ball Receipt*,42.3,15.3,1,21
fce345cc-3041-4130-8abd-9681e97c0d4c,00:22:01.471,Salif Sané,5664,Hannover 96,Pass,42.5,17.5,1,22
15fe479f-8af7-4505-9d99-3c96953359b0,00:22:02.444,Manuel Schmiedebach,8543,Hannover 96,Ball Receipt*,47.3,30.8,1,22
89320e0c-c804-446b-819e-fe9293d41083,00:22:02.444,Manuel Schmiedebach,8543,Hannover 96,Carry,47.3,30.8,1,22
ac44fe39-366a-4ba0-9336-b458a68170a7,00:22:04.306,Manuel Schmiedebach,8543,Hannover 96,Pass,43.1,37.1,1,22
8d67e508-d82f-4717-ad2c-ce7a63138f43,00:22:06.360,Marcelo Antônio Guedes Filho,3164,Hannover 96,Ball Receipt*,48.4,63.6,1,22
5f288308-0067-4c33-af2a-37df5d3e0a87,00:22:06.360,Marcelo Antônio Guedes Filho,3164,Hannover 96,Pass,47.6,63.0,1,22
bc9cf8ac-6b48-4893-ad1c-a81c0db43045,00:22:07.617,Manuel Schmiedebach,8543,Hannover 96,Ball Receipt*,42.3,50.8,1,22
8253a8be-ca3d-4aab-954e-c2554512ef30,00:22:07.617,Manuel Schmiedebach,8543,Hannover 96,Pass,44.3,46.6,1,22
e05cfa68-e003-467a-a845-f5f5e5eb605c,00:22:08.252,Christian Schulz,400614,Hannover 96,Ball Receipt*,38.7,29.4,1,22
a69977f3-af81-4f90-ba89-52f577c49102,00:22:08.252,Christian Schulz,400614,Hannover 96,Carry,38.7,29.4,1,22
426f2744-cf00-4265-866b-a9f47610a549,00:22:09.128,Christian Schulz,400614,Hannover 96,Pass,38.0,26.3,1,22
2d91db75-eb13-4181-bc7d-253291004662,00:22:10.587,Salif Sané,5664,Hannover 96,Ball Receipt*,49.0,11.8,1,22
6756e79a-9261-4ea9-a3f9-de9b5e0bc736,00:22:10.587,Salif Sané,5664,Hannover 96,Carry,49.0,11.8,1,22
23319906-2cc2-40d6-b17e-b0e864e14f9b,00:22:12.916,Salif Sané,5664,Hannover 96,Pass,49.2,11.1,1,22
055ec19e-0045-4548-b37b-08470b4f74f9,00:22:14.267,Manuel Schmiedebach,8543,Hannover 96,Ball Receipt*,47.5,27.6,1,22
608f827e-acc7-4fca-96af-ac7948bc9b1d,00:22:14.267,Manuel Schmiedebach,8543,Hannover 96,Carry,47.5,27.6,1,22
72dde68c-0bab-4fd0-89fd-86d479fa3fa4,00:22:14.797,Manuel Schmiedebach,8543,Hannover 96,Pass,49.0,28.5,1,22
8f52fdc4-7da1-46a8-b4a4-cf348104a5fb,00:22:15.755,Christian Schulz,400614,Hannover 96,Ball Receipt*,37.4,24.7,1,22
ee384883-2152-4582-981d-ef5e2550da1e,00:22:15.755,Christian Schulz,400614,Hannover 96,Carry,37.4,24.7,1,22
13b3dc3c-97d5-462a-821e-13154c50ac83,00:22:15.795,Christian Schulz,400614,Hannover 96,Pass,37.6,25.7,1,22
aef49fe5-c21f-43d8-9111-d5e9197b6c5d,00:22:17.808,Marcelo Antônio Guedes Filho,3164,Hannover 96,Ball Receipt*,37.4,62.2,1,22
0522184d-25ac-4ce2-aacf-3c5badc8fcca,00:22:17.808,Marcelo Antônio Guedes Filho,3164,Hannover 96,Carry,37.4,62.2,1,22
8321615f-7e35-4d66-8b0d-5752e67fbc0c,00:22:22.623,Marcelo Antônio Guedes Filho,3164,Hannover 96,Pass,50.2,61.4,1,22
df9c25d8-af37-409f-a088-fe00fa58eda7,00:22:25.893,Oliver Sorg,12316,Hannover 96,Ball Receipt*,88.3,4.7,1,22
5514b0fc-42e1-452b-9cd1-919e40dbc23a,00:22:25.893,Oliver Sorg,12316,Hannover 96,Carry,88.3,4.7,1,22
ed0f6bf9-bae3-4c9d-ad34-85ea4b153ab1,00:22:28.547,Oliver Sorg,12316,Hannover 96,Pass,89.4,10.4,1,22
09beb6e5-e629-4f45-a442-728d12c3ebf6,00:22:29.497,Felix Klaus,8551,Hannover 96,Ball Receipt*,105.1,8.6,1,22
1d216cf9-212a-4828-a912-636853a1fe9b,00:22:29.497,Felix Klaus,8551,Hannover 96,Carry,105.1,8.6,1,22
80723884-ae51-486b-9ed1-c7048386fd44,00:22:32.934,Leon Aderemi Balogun,5467,FSV Mainz 05,Pressure,13.2,63.0,1,22
8cd0583f-a1e3-4dbd-b5fd-5bd0c736ac5c,00:22:34.567,Felix Klaus,8551,Hannover 96,Shot,104.5,25.6,1,22
0427aca5-c10d-4469-95e0-698148f13353,00:22:34.791,Niko Bungert,13319,FSV Mainz 05,Block,13.6,52.4,1,22
4af6cd23-b389-44df-8c3c-77b6aed2fd7e,00:22:35.148,Loris Karius,3630,FSV Mainz 05,Goal Keeper,1.6,41.6,1,22
02a2a93a-7d91-4c3c-8885-f95e986b1968,00:22:38.048,Salif Sané,5664,Hannover 96,Pass,84.8,16.6,1,22
6c91bc7a-67d9-432e-9297-11f395c51e45,00:22:38.048,Yunus Mallı,8679,FSV Mainz 05,Duel,35.3,63.5,1,22
d8b9e0d1-d58c-4e1a-a661-8d598d83051c,00:22:39.250,Charlison Benschop,8558,Hannover 96,Ball Receipt*,93.8,13.3,1,22
9a7c5c88-8b66-4f46-a5eb-5f83a848eb25,00:22:39.250,Christian Clemens,9098,FSV Mainz 05,Ball Recovery,26.7,65.4,1,22
63ecb0c8-0a75-4cc9-838c-3feb1ed2ff09,00:22:41.833,Christian Clemens,9098,FSV Mainz 05,Ball Recovery,28.3,69.7,1,22
3412609c-c3c1-44ef-95e3-6f8c414aa0dd,00:22:41.833,Christian Clemens,9098,FSV Mainz 05,Carry,28.3,69.7,1,22
5d69236b-b1c9-4ebc-b070-16e3d9839a97,00:22:42.690,Christian Clemens,9098,FSV Mainz 05,Pass,30.0,71.3,1,22
f081ee0c-009d-42b2-8284-72e9207d8d0b,00:22:43.422,Yunus Mallı,8679,FSV Mainz 05,Ball Receipt*,39.1,73.6,1,22
a9d22f40-1edf-4ebe-b255-c2f7152ea451,00:22:43.422,Yunus Mallı,8679,FSV Mainz 05,Carry,39.1,73.6,1,22
eeea258d-1343-4e73-a3d8-3084de0d7f32,00:22:44.194,Edgar Prib,24914,Hannover 96,Pressure,80.4,8.2,1,22
a26f191a-69c6-4014-a17f-46c14772867c,00:22:47.113,Salif Sané,5664,Hannover 96,Pressure,53.3,8.6,1,22
b7af48ed-81e6-4ad0-879f-2a5fd517d8d3,00:22:48.135,Yunus Mallı,8679,FSV Mainz 05,Dribble,67.5,71.3,1,22
571ed049-81fa-4059-a39a-2116693411f8,00:22:48.135,Oliver Sorg,12316,Hannover 96,Duel,52.6,8.8,1,22
194e0bb4-9f44-4605-b7b1-d0f9a94d38f6,00:22:50.199,Felix Klaus,8551,Hannover 96,Pressure,57.7,12.0,1,22
de81cf46-b1ae-4af0-a0e7-419c4cb8722d,00:22:50.386,Yunus Mallı,8679,FSV Mainz 05,Ball Recovery,62.7,68.3,1,22
522adf1d-93ba-425a-99a7-ae08a4ff6229,00:22:50.386,Yunus Mallı,8679,FSV Mainz 05,Carry,62.7,68.3,1,22
db73393c-a386-4a09-943e-6a4963d0f668,00:22:50.661,Felix Klaus,8551,Hannover 96,Dribbled Past,58.2,11.5,1,22
911c54e0-55c2-4bbb-8f1a-2b65f70d7678,00:22:50.661,Yunus Mallı,8679,FSV Mainz 05,Dribble,61.9,68.6,1,22
d9695265-2e69-45c0-963b-879b3106b6ee,00:22:50.661,Yunus Mallı,8679,FSV Mainz 05,Carry,61.9,68.6,1,22
99c943c1-3e7b-4211-a070-13c8ab6e8763,00:22:51.560,Yunus Mallı,8679,FSV Mainz 05,Pass,61.7,66.6,1,22
c529cf5e-90a7-48d5-93ac-947114b0b51c,00:22:52.929,Julian Baumgartlinger,20037,FSV Mainz 05,Ball Receipt*,57.4,58.9,1,22
fa4615d2-4b26-4388-8780-ebcc2e12d912,00:22:52.929,Julian Baumgartlinger,20037,FSV Mainz 05,Carry,57.4,58.9,1,22
a273f6af-4492-4385-9b85-233351dd12cd,00:22:53.267,Julian Baumgartlinger,20037,FSV Mainz 05,Pass,55.0,56.5,1,22
d6ed49db-7a91-4b4c-9628-9c3962c06042,00:22:54.449,Danny Latza,8539,FSV Mainz 05,Ball Receipt*,63.8,40.6,1,22
d8998c6d-7f71-4b77-8bd0-47f0af6c2145,00:22:54.449,Danny Latza,8539,FSV Mainz 05,Carry,63.8,40.6,1,22
40006373-1b77-440a-9bdd-4769bbaeb745,00:22:55.418,Danny Latza,8539,FSV Mainz 05,Pass,66.2,34.8,1,22
cd47cf4f-3e82-4cdb-900d-f08985b7d0d8,00:22:58.649,Jairo Samperio Bustara,6925,FSV Mainz 05,Ball Receipt*,111.2,10.3,1,22
7090e803-5e5d-4022-9056-7fa8991d8a93,00:22:58.649,Jairo Samperio Bustara,6925,FSV Mainz 05,Carry,111.2,10.3,1,22
d338f704-abe3-414d-8bd6-bdf894d7f647,00:23:02.337,Hiroki Sakai,3530,Hannover 96,Dribbled Past,6.7,58.1,1,23
bab79200-89ce-48f1-818e-210c5e7bb94a,00:23:02.337,Jairo Samperio Bustara,6925,FSV Mainz 05,Dribble,113.4,22.0,1,23
d09dfc24-a948-41d1-b2e7-8aff58094059,00:23:02.337,Jairo Samperio Bustara,6925,FSV Mainz 05,Carry,113.4,22.0,1,23
bf43ae14-a5f5-4a40-8933-7641d80bc06f,00:23:03.596,Uffe Manich Bech,24244,Hannover 96,Pressure,13.5,57.2,1,23
5daa0b0b-f8a5-47aa-83d1-aab5097a7194,00:23:04.182,Jairo Samperio Bustara,6925,FSV Mainz 05,Pass,105.0,25.3,1,23
8ed7253d-f69a-41b5-9886-76cd1dc1e8a7,00:23:04.917,Edgar Prib,24914,Hannover 96,Pressure,19.5,40.2,1,23
a97e6450-23a1-4911-9b4a-d6ca88c1106f,00:23:05.029,Yunus Mallı,8679,FSV Mainz 05,Ball Receipt*,99.9,39.0,1,23
fa1e4703-9291-40e7-9613-2db5089a6f5f,00:23:05.029,Yunus Mallı,8679,FSV Mainz 05,Carry,99.9,39.0,1,23
2cf3909f-8e83-47e7-973a-ccdef8699981,00:23:05.504,Yunus Mallı,8679,FSV Mainz 05,Dispossessed,100.6,37.3,1,23
6f67e2d0-14ea-4b26-b1fc-8949066ee290,00:23:05.504,Edgar Prib,24914,Hannover 96,Duel,19.5,42.8,1,23
3aa047c0-0fdc-4532-9c4f-43715a7262ba,00:23:06.327,Danny Latza,8539,FSV Mainz 05,Pressure,97.0,28.1,1,23
30b21633-7be3-4f7c-a119-57f52864775e,00:23:06.533,Manuel Schmiedebach,8543,Hannover 96,Ball Recovery,24.8,52.4,1,23
c848c502-3900-4597-a277-0c21ab6f0f86,00:23:06.533,Manuel Schmiedebach,8543,Hannover 96,Carry,24.8,52.4,1,23
4668f079-635a-4a26-a715-3c797647b92b,00:23:06.876,Danny Latza,8539,FSV Mainz 05,Foul Committed,93.1,27.7,1,23
94d5631c-ad5a-4c48-a719-8ff4c8704346,00:23:06.876,Manuel Schmiedebach,8543,Hannover 96,Foul Won,27.0,52.4,1,23
7efa607a-c540-43bc-a147-e7accbacad92,00:23:34.358,Ron-Robert Zieler,8947,Hannover 96,Pass,24.6,52.4,1,23
6eb2c985-4b82-42dd-b704-764d1b33b03c,00:23:35.955,Christian Schulz,400614,Hannover 96,Ball Receipt*,37.8,29.0,1,23
f6ed0d5f-b55e-495f-bbc9-8ce083768419,00:23:35.955,Christian Schulz,400614,Hannover 96,Carry,37.8,29.0,1,23
91476d45-607f-4101-a528-32b03a4bc7b8,00:23:37.841,Christian Schulz,400614,Hannover 96,Pass,38.0,28.1,1,23
8a4c77a2-9e5f-49bb-a4b4-0277819a703a,00:23:39.131,Marcelo Antônio Guedes Filho,3164,Hannover 96,Ball Receipt*,37.6,55.7,1,23
32881d8b-4623-426a-a1b3-f06b0ab5d85c,00:23:39.131,Marcelo Antônio Guedes Filho,3164,Hannover 96,Carry,37.6,55.7,1,23
07c665b5-5ad4-43c9-af02-46c5c228eca3,00:23:40.207,Marcelo Antônio Guedes Filho,3164,Hannover 96,Pass,37.6,55.7,1,23
44c5dd0d-6d0c-4513-b021-f1883839e37f,00:23:41.609,Manuel Schmiedebach,8543,Hannover 96,Ball Receipt*,50.2,73.8,1,23
1d21f94d-8628-4999-8037-45d8b0062931,00:23:41.609,Manuel Schmiedebach,8543,Hannover 96,Carry,50.2,73.8,1,23
26179a4c-a39c-4920-85f9-bfecb95810dd,00:23:43.071,Manuel Schmiedebach,8543,Hannover 96,Pass,57.9,73.4,1,23
29671970-55fd-4cf6-adfd-6ba093e38131,00:23:46.792,Uffe Manich Bech,24244,Hannover 96,Ball Receipt*,99.8,52.8,1,23
7ecd3215-65ea-4fc5-8a66-8452b84442aa,00:23:46.792,Loris Karius,3630,FSV Mainz 05,Ball Recovery,10.1,34.4,1,23
ae19de70-2be6-410f-9a4f-f0246c4538b5,00:23:46.792,Loris Karius,3630,FSV Mainz 05,Carry,10.1,34.4,1,23
ad00b011-edb0-47e2-a7c0-190012de5475,00:23:48.070,Loris Karius,3630,FSV Mainz 05,Pass,10.4,35.7,1,23
3df9d527-8ab4-428f-aca9-29e0886b0edf,00:23:49.205,Niko Bungert,13319,FSV Mainz 05,Ball Receipt*,20.9,43.4,1,23
d9c93f29-faf3-4985-a805-80273e8e126b,00:23:49.205,Niko Bungert,13319,FSV Mainz 05,Carry,20.9,43.4,1,23
1ef635ba-97a5-4f81-988a-c6c4ee65af4e,00:23:51.531,Niko Bungert,13319,FSV Mainz 05,Pass,29.1,41.6,1,23
deea1e94-713a-465c-8a1d-105ca736d101,00:23:53.345,Stefan Bell,8559,FSV Mainz 05,Ball Receipt*,34.2,20.5,1,23
599230ad-d4ce-412c-8b7b-30001772c357,00:23:53.345,Stefan Bell,8559,FSV Mainz 05,Carry,34.2,20.5,1,23
85f9b3c5-1c52-4ba5-af4a-11c9e73a9cb5,00:23:55.680,Stefan Bell,8559,FSV Mainz 05,Pass,41.9,18.1,1,23
52acf672-da08-4b54-ae39-593f5928484c,00:23:56.955,Jairo Samperio Bustara,6925,FSV Mainz 05,Ball Receipt*,62.7,3.2,1,23
45f1de37-0153-4b77-bdd0-38387c79da6b,00:23:56.955,Jairo Samperio Bustara,6925,FSV Mainz 05,Carry,62.7,3.2,1,23
93450860-49d0-42d4-b460-d170041b5cce,00:23:57.900,Jairo Samperio Bustara,6925,FSV Mainz 05,Pass,71.1,6.3,1,23
18f574d4-f1f6-4913-a22d-f70845964bf7,00:24:00.501,Yoshinori Muto,6337,FSV Mainz 05,Pressure,104.1,4.1,1,24
773bcc35-9088-4b1a-9d57-7660717bfe74,00:24:01.228,Yoshinori Muto,6337,FSV Mainz 05,Ball Receipt*,104.1,3.7,1,24
746c4caa-a2f7-48b8-8ed6-babd5e46dd45,00:24:01.228,Marcelo Antônio Guedes Filho,3164,Hannover 96,Interception,16.2,76.9,1,24
9b7a3dbb-c66d-48b6-bba7-c492c92df2fc,00:24:09.546,Pierre Bengtsson,20871,FSV Mainz 05,Pass,104.3,0.1,1,24
8264bec6-c1b3-4326-abfc-ac9591845e9d,00:24:10.416,Danny Latza,8539,FSV Mainz 05,Ball Receipt*,92.3,7.3,1,24
1ad64356-7033-461f-bc87-ec356c8ef0c2,00:24:11.668,Danny Latza,8539,FSV Mainz 05,Pass,91.5,5.9,1,24
46576798-39bf-4571-abcd-185f8554bda5,00:24:12.789,Jairo Samperio Bustara,6925,FSV Mainz 05,Ball Receipt*,105.5,7.5,1,24
b167274c-39de-472c-8141-1c9cb8da135a,00:24:12.789,Jairo Samperio Bustara,6925,FSV Mainz 05,Carry,105.5,7.5,1,24
72b432b4-3d33-4cc1-9cef-f4404e4fa74d,00:24:13.261,Hiroki Sakai,3530,Hannover 96,Pressure,10.7,71.1,1,24
c90c0b96-ba5d-40ac-b4e5-13da666c48ff,00:24:14.416,Jairo Samperio Bustara,6925,FSV Mainz 05,Pass,110.3,10.1,1,24
32113a02-5ce5-45d8-8703-2c38c24af350,00:24:15.185,Yoshinori Muto,6337,FSV Mainz 05,Ball Receipt*,111.7,20.5,1,24
395246e8-29ac-43e1-8758-b42635a590df,00:24:15.185,Marcelo Antônio Guedes Filho,3164,Hannover 96,Ball Recovery,10.0,59.6,1,24
a75acc54-a7fd-4e25-ac64-41ebe8f1de2f,00:24:15.185,Marcelo Antônio Guedes Filho,3164,Hannover 96,Carry,10.0,59.6,1,24
7e993c1c-7108-4b9f-b430-defe48bea092,00:24:15.359,Yoshinori Muto,6337,FSV Mainz 05,Pressure,109.6,20.9,1,24
ae531e92-5250-47fb-b5c7-7b2f243b2a07,00:24:15.663,Marcelo Antônio Guedes Filho,3164,Hannover 96,Pass,9.8,60.5,1,24
08034559-55b9-4c94-b8ee-09c855344419,00:24:18.541,Manuel Schmiedebach,8543,Hannover 96,Ball Receipt*,23.9,74.4,1,24
b203025f-c4f9-4c75-91af-503aacc86e6d,00:24:22.647,Danny Latza,8539,FSV Mainz 05,Pass,85.0,0.1,1,24
884e296a-1b8f-43b7-95ac-96f4217abbf1,00:24:24.330,Stefan Bell,8559,FSV Mainz 05,Ball Receipt*,70.5,4.3,1,24
3653ea06-7723-4f3a-85ae-dc0a43d00800,00:24:24.330,Stefan Bell,8559,FSV Mainz 05,Carry,70.5,4.3,1,24
8552785f-8669-4825-ae33-91cbe1534a6b,00:24:25.262,Stefan Bell,8559,FSV Mainz 05,Pass,68.8,5.5,1,24
7497e936-47b5-40e4-b903-b7e75049cc42,00:24:26.253,Julian Baumgartlinger,20037,FSV Mainz 05,Ball Receipt*,67.3,13.0,1,24
bf0f2303-3e2f-405e-8f12-e69f8eaa18c6,00:24:26.253,Julian Baumgartlinger,20037,FSV Mainz 05,Carry,67.3,13.0,1,24
b65010bc-4393-4c01-b2ce-be2d1271bcb7,00:24:27.102,Julian Baumgartlinger,20037,FSV Mainz 05,Pass,65.0,15.2,1,24
e1ee861c-78d8-4990-a1d2-5e7686334f33,00:24:29.094,Stefan Bell,8559,FSV Mainz 05,Ball Receipt*,63.5,5.5,1,24
8314990f-c0a2-49e5-85c5-e28579bfda84,00:24:29.094,Stefan Bell,8559,FSV Mainz 05,Carry,63.5,5.5,1,24
b32a5e5f-7bb5-4d9f-b26e-c87719aadb16,00:24:30.558,Stefan Bell,8559,FSV Mainz 05,Pass,63.8,5.0,1,24
667f9b32-9e42-4867-9ea9-a51e8f0b6a77,00:24:31.526,Jairo Samperio Bustara,6925,FSV Mainz 05,Ball Receipt*,85.0,11.0,1,24
2ddffc35-6b6b-4e09-a3e6-ccf869074757,00:24:31.526,Jairo Samperio Bustara,6925,FSV Mainz 05,Carry,85.0,11.0,1,24
48e91871-19e1-4fb0-b875-8bbdbbed4419,00:24:31.646,Jairo Samperio Bustara,6925,FSV Mainz 05,Pass,85.4,10.4,1,24
ace87962-f6f6-4506-a3c8-220bfb9dae01,00:24:33.021,Pierre Bengtsson,20871,FSV Mainz 05,Ball Receipt*,90.5,3.2,1,24
2df8584e-2377-43b5-b61c-4a2d62acb373,00:24:33.021,Pierre Bengtsson,20871,FSV Mainz 05,Carry,90.5,3.2,1,24
d927fadf-0105-4fd3-b0fa-6fc7585df5a5,00:24:33.101,Pierre Bengtsson,20871,FSV Mainz 05,Pass,90.2,3.5,1,24
a4903749-1f91-4296-a312-bac1d217ba36,00:24:33.821,Yunus Mallı,8679,FSV Mainz 05,Ball Receipt*,81.1,8.1,1,24
6e151b63-99b5-4e19-ac2c-771d01a700f5,00:24:33.821,Yunus Mallı,8679,FSV Mainz 05,Carry,81.1,8.1,1,24
2b1aac5b-dda9-45b6-9ef7-af4013ba6f7c,00:24:37.582,Salif Sané,5664,Hannover 96,Pressure,22.8,56.2,1,24
e3bcbadf-141d-4b30-812b-c6d3d96926ca,00:24:38.394,Yunus Mallı,8679,FSV Mainz 05,Pass,104.6,22.4,1,24
961c82dc-53bc-4ffb-91d2-32ccb2452793,00:24:38.734,Yoshinori Muto,6337,FSV Mainz 05,Ball Receipt*,103.3,29.3,1,24
b4af5b56-9bc7-4bed-9b8a-1e0163d65cab,00:24:38.734,Yoshinori Muto,6337,FSV Mainz 05,Miscontrol,103.7,29.3,1,24
3f724d4b-32ff-4cdf-b0ce-0317e94050fb,00:24:39.844,Felix Klaus,8551,Hannover 96,Pass,15.3,41.6,1,24
455cb39b-c327-4b08-a89a-1d2e21aa8685,00:24:40.682,Edgar Prib,24914,Hannover 96,Ball Receipt*,23.7,44.3,1,24
8a730283-4299-40c8-8f9c-85fb3c07ab1d,00:24:40.682,Edgar Prib,24914,Hannover 96,Carry,23.7,44.3,1,24
5ed0b672-3191-4195-8ee2-58f62e6fdfbe,00:24:41.238,Danny Latza,8539,FSV Mainz 05,Pressure,92.2,35.7,1,24
4573b8cf-1853-4b23-b9e7-ad1b3d8e7141,00:24:41.353,Edgar Prib,24914,Hannover 96,Pass,25.9,43.8,1,24
eb118a5f-4990-411b-8731-37306482465f,00:24:44.495,Charlison Benschop,8558,Hannover 96,Ball Receipt*,68.9,9.1,1,24
929bb658-01b6-47ea-8f9f-b7705ed7c41d,00:24:44.495,Charlison Benschop,8558,Hannover 96,Carry,68.9,9.1,1,24
03033826-92b5-4a58-999e-00bb061314bd,00:24:45.481,Niko Bungert,13319,FSV Mainz 05,Pressure,52.1,67.5,1,24
2e775cf3-654c-429f-9cd0-81b79eacb728,00:24:46.371,Charlison Benschop,8558,Hannover 96,Pass,63.7,11.3,1,24
7c65c0d0-a3f3-4c1c-ba9b-9e1fe02f6d3a,00:24:47.656,Felix Klaus,8551,Hannover 96,Ball Receipt*,49.6,20.4,1,24
16be0568-6620-4cdf-8669-76111f87df7e,00:24:47.656,Felix Klaus,8551,Hannover 96,Carry,49.6,20.4,1,24
c661a540-a0ab-4f85-8826-d1daf1e41a72,00:24:48.573,Felix Klaus,8551,Hannover 96,Dribble,56.8,18.1,1,24
a2180015-3edc-4296-92b5-0c41a7c2b4e9,00:24:48.573,Julian Baumgartlinger,20037,FSV Mainz 05,Duel,63.3,62.0,1,24
ce3db50b-5147-4adb-8756-c95056adff4a,00:24:49.577,Christian Clemens,9098,FSV Mainz 05,Ball Recovery,55.4,63.3,1,24
447fc52b-77f2-42a6-841f-306b71760161,00:24:49.577,Christian Clemens,9098,FSV Mainz 05,Carry,55.4,63.3,1,24
30f7f071-f7cb-462b-963a-a016ca7c85c4,00:24:51.041,Christian Clemens,9098,FSV Mainz 05,Pass,50.7,61.3,1,24
037ca807-7cfe-4cfb-92ff-d8f8d9e57a12,00:24:52.541,Niko Bungert,13319,FSV Mainz 05,Ball Receipt*,40.3,54.9,1,24
7feada4d-d5b2-4f98-ba3f-1658bd441eec,00:24:52.541,Niko Bungert,13319,FSV Mainz 05,Carry,40.3,54.9,1,24
ef93e77f-1d05-4b8e-9e01-4e27ad24ffa3,00:24:53.521,Niko Bungert,13319,FSV Mainz 05,Pass,41.2,54.8,1,24
e5babd40-5e61-4a13-9f6b-465c3d4bddc9,00:24:54.267,Danny Latza,8539,FSV Mainz 05,Ball Receipt*,47.0,49.4,1,24
31defcec-81a5-4f19-8315-471faa973a24,00:24:54.267,Danny Latza,8539,FSV Mainz 05,Carry,47.0,49.4,1,24
04be840b-5201-4b7f-9b67-800a8a626b63,00:24:56.706,Danny Latza,8539,FSV Mainz 05,Pass,48.1,46.1,1,24
c69edd71-97b5-45a1-8ae9-4abb17426d48,00:24:58.205,Stefan Bell,8559,FSV Mainz 05,Ball Receipt*,44.8,26.0,1,24
48a2beb6-dc5d-4fb3-8e82-adbd04018fd2,00:24:58.205,Stefan Bell,8559,FSV Mainz 05,Carry,44.8,26.0,1,24
747d8398-7dbc-4765-9ec5-7874b81d0a19,00:24:58.325,Stefan Bell,8559,FSV Mainz 05,Pass,43.4,23.4,1,24
15d0cb62-5059-4efa-a1b9-2e51317acc07,00:25:00.109,Pierre Bengtsson,20871,FSV Mainz 05,Ball Receipt*,67.2,5.3,1,25
bc58fdf3-3d89-4b60-bfd4-1c051673f2c8,00:25:00.109,Pierre Bengtsson,20871,FSV Mainz 05,Carry,67.2,5.3,1,25
9f1a08a4-d1e8-425e-bd2c-7ee6de10bc34,00:25:01.608,Pierre Bengtsson,20871,FSV Mainz 05,Pass,84.7,3.2,1,25
fc7485a8-7cb0-4575-b184-4579648c5cfe,00:25:02.915,Yoshinori Muto,6337,FSV Mainz 05,Ball Receipt*,91.3,22.6,1,25
1da29535-72e9-4b3a-a26a-a5b03a873d38,00:25:04.766,Yoshinori Muto,6337,FSV Mainz 05,Pass,94.2,37.0,1,25
ab1783a5-f8cd-48a3-9aa4-69be278947bb,00:25:04.766,Christian Schulz,400614,Hannover 96,Duel,25.9,43.1,1,25
da20eb08-34af-480a-892c-39dd0b091fb8,00:25:05.062,Christian Clemens,9098,FSV Mainz 05,Ball Receipt*,93.3,60.9,1,25
53a6250b-7258-48b6-906e-061b4819f955,00:25:05.062,Christian Schulz,400614,Hannover 96,Block,25.0,40.2,1,25
834b0df7-d20d-4f55-949e-af0e413cbe74,00:25:07.350,Yoshinori Muto,6337,FSV Mainz 05,Duel,97.0,50.1,1,25
7d96c4c0-c831-484d-8148-f9e5df072b9a,00:25:07.350,Felix Klaus,8551,Hannover 96,Pass,23.1,30.0,1,25
c3e84c43-3fb5-4e33-8905-1f2227162750,00:25:08.084,Christian Schulz,400614,Hannover 96,Ball Receipt*,20.2,33.4,1,25
594c6c56-91f6-4c11-9c9b-1d22bb3ea34e,00:25:08.084,Christian Schulz,400614,Hannover 96,Carry,20.2,33.4,1,25
e9d498b3-bbf2-4905-9d14-f5e5a6bf0b45,00:25:09.131,Christian Schulz,400614,Hannover 96,Pass,19.1,29.0,1,25
2b0c1265-b7d2-479b-9ef0-0de2526cb806,00:25:14.134,Edgar Prib,24914,Hannover 96,Ball Receipt*,68.5,58.7,1,25
3971de60-b803-4888-a390-95783ca5bb7d,00:25:14.134,Stefan Bell,8559,FSV Mainz 05,Ball Recovery,41.0,20.0,1,25
94a04ef7-e181-4114-b227-4f29a7e3aa00,00:25:14.134,Stefan Bell,8559,FSV Mainz 05,Carry,41.0,20.0,1,25
6ec2fc65-ffb2-4369-9716-97737326cfaf,00:25:16.993,Stefan Bell,8559,FSV Mainz 05,Pass,42.1,5.7,1,25
6727259c-22a1-4c81-bf0f-89b81958c49b,00:25:19.459,Loris Karius,3630,FSV Mainz 05,Ball Receipt*,10.4,24.7,1,25
875fd907-0f44-4b88-a6b6-ad5c2d56d002,00:25:19.459,Loris Karius,3630,FSV Mainz 05,Carry,10.4,24.7,1,25
b085cef8-ce13-4480-830a-58242d945e69,00:25:22.037,Loris Karius,3630,FSV Mainz 05,Pass,13.8,34.8,1,25
fd060a4e-d052-439c-a433-3f1b5d6817a8,00:25:23.662,Niko Bungert,13319,FSV Mainz 05,Ball Receipt*,19.1,55.2,1,25
b4136f59-12a6-4b5b-b5e0-df316e997ab5,00:25:23.662,Niko Bungert,13319,FSV Mainz 05,Pass,20.7,55.8,1,25
f917efb9-6c11-4aec-b3f0-560eb9b72024,00:25:24.951,Loris Karius,3630,FSV Mainz 05,Ball Receipt*,10.8,42.6,1,25
f5f8ae33-538b-46fb-b36e-fdec5ad10771,00:25:24.951,Loris Karius,3630,FSV Mainz 05,Carry,10.8,42.6,1,25
249e896a-3863-4201-8779-b8b2307e8187,00:25:25.765,Loris Karius,3630,FSV Mainz 05,Pass,10.6,43.2,1,25
fb2d3577-f2aa-4ebe-82b0-a77610d4c034,00:25:28.236,Yoshinori Muto,6337,FSV Mainz 05,Ball Receipt*,65.5,41.4,1,25
35ac9de0-c712-4063-8259-10d61ec821a1,00:25:28.236,Marcelo Antônio Guedes Filho,3164,Hannover 96,Ball Recovery,57.9,45.7,1,25
8eaa7842-8fc0-4f4b-bb13-92ca5e92cdc0,00:25:29.680,Jairo Samperio Bustara,6925,FSV Mainz 05,Ball Recovery,54.2,21.4,1,25
3796d6d7-acc0-4a68-b8bc-dde018e2ef09,00:25:29.680,Jairo Samperio Bustara,6925,FSV Mainz 05,Carry,54.2,21.4,1,25
cff689f3-6d8c-46ab-89de-f4ad2b698382,00:25:30.311,Uffe Manich Bech,24244,Hannover 96,Pressure,65.9,57.5,1,25
ab9f50de-0ce1-46ba-a6c7-69784530ce36,00:25:30.531,Jairo Samperio Bustara,6925,FSV Mainz 05,Pass,54.6,24.7,1,25
18396b32-4216-497b-81a3-7a0f8a8578ac,00:25:31.136,Yoshinori Muto,6337,FSV Mainz 05,Ball Receipt*,54.4,33.2,1,25
824f91af-1e21-46e5-9452-c54f54384098,00:25:31.136,Yoshinori Muto,6337,FSV Mainz 05,Pass,55.4,34.6,1,25
785f323b-f7ee-4531-8a8a-dbd7a756920a,00:25:32.560,Pierre Bengtsson,20871,FSV Mainz 05,Ball Receipt*,51.4,9.6,1,25
d3ad50e2-750b-44f0-9bdb-558ab1aa6ce8,00:25:32.560,Pierre Bengtsson,20871,FSV Mainz 05,Carry,51.4,9.6,1,25
8305d4f0-ac83-4151-953a-5578da0d6578,00:25:38.335,Pierre Bengtsson,20871,FSV Mainz 05,Pass,75.2,6.8,1,25
5a24dddd-1f0f-4aba-b014-a1067ba95af4,00:25:40.116,Danny Latza,8539,FSV Mainz 05,Ball Receipt*,63.1,18.3,1,25
595b7024-ffef-4cb2-a993-9098c66e070c,00:25:40.116,Danny Latza,8539,FSV Mainz 05,Carry,63.1,18.3,1,25
2e3a07c5-940c-4098-89c7-ed9a273d2eca,00:25:40.749,Danny Latza,8539,FSV Mainz 05,Pass,62.9,21.2,1,25
b6127d0f-709c-44fc-8828-eace3e6807fe,00:25:41.733,Yunus Mallı,8679,FSV Mainz 05,Ball Receipt*,71.1,31.6,1,25
b252780d-317b-44c2-bdd5-ee4163e5a9d7,00:25:41.733,Yunus Mallı,8679,FSV Mainz 05,Carry,71.1,31.6,1,25
64e189e0-226f-4d06-8fa3-5c8c6c05e82f,00:25:45.943,Yunus Mallı,8679,FSV Mainz 05,Pass,74.8,33.4,1,25
9be474c7-abc1-486e-8b4d-0eb41db36220,00:25:47.726,Leon Aderemi Balogun,5467,FSV Mainz 05,Ball Receipt*,74.8,65.5,1,25
eac8a19d-11e0-4ab5-9b18-415f784d493d,00:25:47.726,Leon Aderemi Balogun,5467,FSV Mainz 05,Carry,74.8,65.5,1,25
0282e2c7-3421-40ff-8789-427c8970ad73,00:25:48.598,Leon Aderemi Balogun,5467,FSV Mainz 05,Pass,76.2,72.3,1,25
41c3dd1a-f681-486a-b2bf-15399ef26644,00:25:49.607,Christian Clemens,9098,FSV Mainz 05,Ball Receipt*,86.8,75.8,1,25
4e3ae7c5-83b3-4503-b3c9-b69a21f2fd30,00:25:49.607,Christian Clemens,9098,FSV Mainz 05,Carry,86.8,75.8,1,25
e8299501-f3e2-4473-80f7-a6d2045b20e4,00:25:52.224,Christian Clemens,9098,FSV Mainz 05,Pass,90.5,71.3,1,25
816cc081-0272-43ae-8dd1-02906ea35f8f,00:25:53.414,Julian Baumgartlinger,20037,FSV Mainz 05,Ball Receipt*,88.9,58.9,1,25
66278867-d58d-4d93-b748-3ef84d0ed2e8,00:25:53.414,Julian Baumgartlinger,20037,FSV Mainz 05,Carry,88.9,58.9,1,25
039eaf93-4109-4fd6-9ed1-83ac08ce9882,00:25:53.893,Julian Baumgartlinger,20037,FSV Mainz 05,Pass,91.7,58.5,1,25
732a9206-7122-4ca6-bd55-7b9e41c3195f,00:25:54.900,Yunus Mallı,8679,FSV Mainz 05,Ball Receipt*,96.8,46.5,1,25
8d8b0796-51eb-4944-a9b7-4515c1d1f97e,00:25:54.900,Yunus Mallı,8679,FSV Mainz 05,Carry,96.8,46.5,1,25
5323bc43-f6be-4731-9f06-38459188f3ba,00:25:55.050,Edgar Prib,24914,Hannover 96,Pressure,22.9,35.5,1,25
cada731a-97d8-4355-b7bb-ee933c5421b2,00:25:55.052,Yunus Mallı,8679,FSV Mainz 05,Pass,94.9,46.9,1,25
015c02ba-bae8-406e-97dc-e3dbbc924758,00:25:56.671,Danny Latza,8539,FSV Mainz 05,Ball Receipt*,79.4,53.4,1,25
4d2f2989-7887-49a9-9c7e-57f373bd9321,00:25:56.671,Danny Latza,8539,FSV Mainz 05,Carry,79.4,53.4,1,25
3a199cb5-c936-4a53-9514-47555a1e863c,00:25:57.723,Danny Latza,8539,FSV Mainz 05,Pass,82.7,59.7,1,25
dd2476b5-5dad-4fc7-b5e1-d884c7f75f39,00:25:59.852,Leon Aderemi Balogun,5467,FSV Mainz 05,Ball Receipt*,100.2,75.8,1,25
e393e5f0-2018-42d4-94d1-9795e8b359dc,00:25:59.852,Leon Aderemi Balogun,5467,FSV Mainz 05,Carry,100.2,75.8,1,25
41d1957e-48b7-477c-82b8-b09b3e9bcf77,00:26:00.452,Leon Aderemi Balogun,5467,FSV Mainz 05,Pass,98.2,73.0,1,26
d423cf6f-fa60-4db2-a755-7f1faeeedc9b,00:26:01.874,Julian Baumgartlinger,20037,FSV Mainz 05,Ball Receipt*,91.3,67.0,1,26
625a219c-dbd0-457a-8e0b-017cabc0d2b0,00:26:01.874,Julian Baumgartlinger,20037,FSV Mainz 05,Carry,91.3,67.0,1,26
93844263-f12a-4ce2-9303-595b3ee01da5,00:26:04.154,Julian Baumgartlinger,20037,FSV Mainz 05,Pass,91.1,60.1,1,26
50b5af7e-4c00-4ffb-93f3-22ef3a6744ca,00:26:04.844,Yunus Mallı,8679,FSV Mainz 05,Ball Receipt*,106.4,47.9,1,26
a8bb17b4-511d-4492-bcf9-cda1c8223e47,00:26:04.844,Christian Schulz,400614,Hannover 96,Pass,18.4,31.8,1,26
72db596a-24ee-4fdc-8ead-528b3cd4c992,00:26:05.508,Julian Baumgartlinger,20037,FSV Mainz 05,Pressure,94.0,57.3,1,26
3720d077-8387-4963-91e4-713c44014a39,00:26:05.831,Manuel Schmiedebach,8543,Hannover 96,Ball Receipt*,23.3,23.4,1,26
287c7e6a-dd30-4cb3-bc31-49db0ce7a49e,00:26:05.831,Manuel Schmiedebach,8543,Hannover 96,Pass,25.7,21.4,1,26
0755aeb0-2e8d-4e6c-9019-23bed2bfa0da,00:26:06.665,Oliver Sorg,12316,Hannover 96,Ball Receipt*,21.1,15.3,1,26
1d2a3533-1279-4229-a510-fa7da3ed4263,00:26:06.665,Oliver Sorg,12316,Hannover 96,Carry,21.1,15.3,1,26
2ae4b140-f3fe-4bcd-894b-b8e2ee911023,00:26:08.560,Christian Clemens,9098,FSV Mainz 05,Pressure,93.7,72.8,1,26
4808ea0e-e204-4033-ae2d-8bc880de727e,00:26:09.921,Oliver Sorg,12316,Hannover 96,Pass,29.4,6.2,1,26
beb655f6-3529-4973-b6af-a0b2c2851d85,00:26:11.935,Charlison Benschop,8558,Hannover 96,Ball Receipt*,48.8,27.2,1,26
79026d8b-f748-4276-af37-11c2d86c3356,00:26:11.935,Danny Latza,8539,FSV Mainz 05,Ball Recovery,68.4,62.4,1,26
5f2e0101-f519-491f-ab43-593c04542e4b,00:26:11.935,Danny Latza,8539,FSV Mainz 05,Carry,68.4,62.4,1,26
7fc29666-61ad-4a88-a937-ecb8bd97dd0e,00:26:13.185,Danny Latza,8539,FSV Mainz 05,Pass,69.9,60.2,1,26
85b11728-512d-448c-9897-444972db2f1b,00:26:14.601,Stefan Bell,8559,FSV Mainz 05,Ball Receipt*,52.7,48.7,1,26
077cc55d-4ca8-4afa-9989-292012687f20,00:26:14.601,Stefan Bell,8559,FSV Mainz 05,Carry,52.7,48.7,1,26
05f5248a-f394-4f29-b943-9dd0857e260a,00:26:15.587,Stefan Bell,8559,FSV Mainz 05,Pass,58.5,45.0,1,26
d69732bf-9be1-43b7-a865-cf27f60bd584,00:26:16.820,Jairo Samperio Bustara,6925,FSV Mainz 05,Ball Receipt*,78.1,25.5,1,26
99676e50-d460-4339-b309-293e1212b4ad,00:26:16.820,Jairo Samperio Bustara,6925,FSV Mainz 05,Carry,78.1,25.5,1,26
516b4b93-c254-40fb-a1c7-c152d68439a2,00:26:16.898,Jairo Samperio Bustara,6925,FSV Mainz 05,Miscontrol,78.5,26.0,1,26
9b99f77d-41ca-410b-879c-73e8feceb4c6,00:26:16.974,Hiroki Sakai,3530,Hannover 96,Pressure,43.3,56.3,1,26
01621bb8-7116-4259-b048-41fb6aba510e,00:26:17.219,Jairo Samperio Bustara,6925,FSV Mainz 05,Pressure,77.0,23.4,1,26
28e1607d-bf71-4f6c-9425-1c0fd9dfce64,00:26:18.153,Hiroki Sakai,3530,Hannover 96,Ball Recovery,43.7,60.5,1,26
8bb86e46-4748-4eb6-9882-19afd2f586d2,00:26:18.153,Hiroki Sakai,3530,Hannover 96,Carry,43.7,60.5,1,26
8514e9c2-b4f2-43bb-b46a-9cf247323f9e,00:26:21.326,Hiroki Sakai,3530,Hannover 96,Pass,49.0,68.3,1,26
6f5d921f-fa1b-4b94-bb9e-6fa5fb7a6e05,00:26:22.612,Edgar Prib,24914,Hannover 96,Ball Receipt*,55.7,58.9,1,26
af105bb9-85fa-4446-8522-3801c4b57215,00:26:22.612,Edgar Prib,24914,Hannover 96,Carry,55.7,58.9,1,26
12738926-b14c-4d83-8365-eba3539f5d73,00:26:23.891,Edgar Prib,24914,Hannover 96,Pass,56.1,58.5,1,26
69ef2dc3-53d4-49ff-89b1-1c5e4b2508ce,00:26:25.146,Salif Sané,5664,Hannover 96,Ball Receipt*,51.1,49.9,1,26
7c5309d3-7f99-4711-bbe7-a189d4245ea0,00:26:25.146,Salif Sané,5664,Hannover 96,Pass,50.6,50.4,1,26
f04754c9-a0d9-4b53-b06a-30c194dcf934,00:26:25.902,Uffe Manich Bech,24244,Hannover 96,Ball Receipt*,63.9,58.5,1,26
82b2461d-6444-48a4-9d45-47055ccea50d,00:26:25.902,Uffe Manich Bech,24244,Hannover 96,Pass,65.5,60.5,1,26
01211e82-b567-4842-9d3a-45fd7665e000,00:26:26.967,Edgar Prib,24914,Hannover 96,Ball Receipt*,56.8,70.5,1,26
87bc1db2-85c7-4779-86db-e8ac4c38dd8d,00:26:26.967,Edgar Prib,24914,Hannover 96,Carry,56.8,70.5,1,26
11ba81d3-88fc-4052-940a-eee452b3df4b,00:26:28.835,Edgar Prib,24914,Hannover 96,Pass,59.6,69.5,1,26
171baf8a-1bdf-47f2-aff7-67047355a234,00:26:30.186,Marcelo Antônio Guedes Filho,3164,Hannover 96,Ball Receipt*,48.0,64.0,1,26
8e5d87ab-0f23-4249-814e-e037e6452c74,00:26:30.186,Marcelo Antônio Guedes Filho,3164,Hannover 96,Carry,48.0,64.0,1,26
958f24e5-fa0e-43ee-985b-35b81e2b3625,00:26:32.886,Marcelo Antônio Guedes Filho,3164,Hannover 96,Pass,48.6,62.5,1,26
ce7da733-e4f4-48a1-b375-03cc4f507803,00:26:34.164,Edgar Prib,24914,Hannover 96,Ball Receipt*,56.3,76.0,1,26
5afb4018-8c71-4609-95aa-86e48b1fe65a,00:26:34.164,Edgar Prib,24914,Hannover 96,Carry,56.3,76.0,1,26
6c2aaed2-3f62-4799-9f58-55360016ed88,00:26:35.761,Edgar Prib,24914,Hannover 96,Pass,57.0,73.8,1,26
da8ad828-0a5a-44f1-9839-85dffbbeff03,00:26:39.739,Charlison Benschop,8558,Hannover 96,Ball Receipt*,104.9,67.3,1,26
a8900137-4fde-4416-be04-478543eac770,00:26:55.850,Loris Karius,3630,FSV Mainz 05,Pass,16.3,13.2,1,26
6c929d56-cdb6-4d2c-826a-696c3d486842,00:26:58.329,Julian Baumgartlinger,20037,FSV Mainz 05,Ball Receipt*,38.3,15.9,1,26
1c99a5fb-86cd-4577-a634-961ebbcd4afd,00:27:00.503,Julian Baumgartlinger,20037,FSV Mainz 05,Pass,36.4,24.9,1,27
51498f9e-a4c8-4e3c-9571-771fecccac5c,00:27:02.034,Leon Aderemi Balogun,5467,FSV Mainz 05,Ball Receipt*,62.2,69.9,1,27
f373fb4e-ba23-4ec8-acac-b15f4aab3d43,00:27:02.879,Felix Klaus,8551,Hannover 96,Pressure,48.6,8.4,1,27
a80695a8-d1de-4e1c-9e5f-8e39a39c9c7f,00:27:03.084,Leon Aderemi Balogun,5467,FSV Mainz 05,Pass,70.5,72.1,1,27
24bb4b35-bb8f-4db0-98d4-0e8386213d53,00:27:03.500,Yoshinori Muto,6337,FSV Mainz 05,Ball Receipt*,86.2,52.0,1,27
2e1a0a3b-07a2-4dce-a53f-d7bc51af1604,00:27:03.500,Felix Klaus,8551,Hannover 96,Block,46.9,8.4,1,27
2b5fd107-9d57-41c7-9b4b-02c4637a26b7,00:27:08.297,Leon Aderemi Balogun,5467,FSV Mainz 05,Pass,70.5,80.0,1,27
7491fd96-df73-4004-b62b-4b0445a402d5,00:27:10.370,Niko Bungert,13319,FSV Mainz 05,Ball Receipt*,44.6,64.8,1,27
e206415f-3164-40c3-99df-789ddc340db3,00:27:10.370,Niko Bungert,13319,FSV Mainz 05,Carry,44.6,64.8,1,27
4b8d6f61-78d3-4f00-9e1e-56cc44175f88,00:27:16.089,Niko Bungert,13319,FSV Mainz 05,Pass,49.7,60.1,1,27
fe5e7386-b5ff-4795-a40c-1a91b34c9e31,00:27:16.688,Julian Baumgartlinger,20037,FSV Mainz 05,Ball Receipt*,56.2,65.2,1,27
f1bd129e-93ac-48c1-b7c7-d96ff191c19f,00:27:16.688,Julian Baumgartlinger,20037,FSV Mainz 05,Carry,56.2,65.2,1,27
ea71e873-b98a-4272-b997-0da9a32d9f4f,00:27:20.729,Julian Baumgartlinger,20037,FSV Mainz 05,Pass,49.7,57.5,1,27
5b631ee9-8d15-4ece-be8f-e6a87a98a998,00:27:22.272,Niko Bungert,13319,FSV Mainz 05,Ball Receipt*,37.7,59.3,1,27
c4830d50-ccc4-45b3-8dc4-4d5eb617ad8e,00:27:22.272,Niko Bungert,13319,FSV Mainz 05,Carry,37.7,59.3,1,27
ce41ce81-4df5-4e8b-9fda-d9be03f211f5,00:27:24.149,Niko Bungert,13319,FSV Mainz 05,Pass,40.8,59.9,1,27
a77c35e1-d88c-46af-947b-212b29e533c3,00:27:27.263,Stefan Bell,8559,FSV Mainz 05,Ball Receipt*,47.6,9.9,1,27
2fe7f6df-68c2-458f-b8cc-cde5e106fb43,00:27:27.343,Uffe Manich Bech,24244,Hannover 96,Duel,71.2,70.5,1,27
b6b76e00-1ff0-4300-971c-f94eb2a36f0f,00:27:27.343,Stefan Bell,8559,FSV Mainz 05,Pass,48.9,9.6,1,27
6c2d99be-d0b5-4b9f-b6df-73993784153f,00:27:29.421,Pierre Bengtsson,20871,FSV Mainz 05,Ball Receipt*,65.5,4.6,1,27
04d8ae8f-ea88-4d4a-88c0-cbb27d2789b7,00:27:29.421,Pierre Bengtsson,20871,FSV Mainz 05,Carry,65.5,4.6,1,27
cffb335a-7b69-41a4-8b14-6c19a2916230,00:27:32.938,Pierre Bengtsson,20871,FSV Mainz 05,Pass,90.2,9.0,1,27
47042d92-0422-4dc8-b774-cf5de5c0ea60,00:27:34.286,Yoshinori Muto,6337,FSV Mainz 05,Ball Receipt*,101.9,26.3,1,27
d602957b-57a2-4c26-a97b-2d5137e9a534,00:27:34.286,Yoshinori Muto,6337,FSV Mainz 05,Carry,101.9,26.3,1,27
85c66386-1875-4f28-9526-87c7f0dbc51d,00:27:34.546,Yoshinori Muto,6337,FSV Mainz 05,Miscontrol,101.9,24.4,1,27
36306223-8a20-4711-97a7-115bff647b0e,00:27:34.872,Yoshinori Muto,6337,FSV Mainz 05,Pressure,103.7,23.4,1,27
63ac3e31-ceb7-4f7f-a13e-879ad06d1db1,00:27:34.929,Marcelo Antônio Guedes Filho,3164,Hannover 96,Ball Recovery,15.5,55.2,1,27
02e5a633-a25f-4ffa-932b-c58db9ed10f5,00:27:34.929,Marcelo Antônio Guedes Filho,3164,Hannover 96,Carry,15.5,55.2,1,27
b21843c6-2f83-4a90-b590-070b5108971e,00:27:35.477,Marcelo Antônio Guedes Filho,3164,Hannover 96,Dribble,14.6,54.4,1,27
142da778-6c8e-4ec3-9959-5697aeb07ba7,00:27:35.477,Yoshinori Muto,6337,FSV Mainz 05,Duel,105.5,25.7,1,27
e0aae6fb-918e-4fbb-b667-848de7bac07d,00:27:35.477,Yoshinori Muto,6337,FSV Mainz 05,Carry,105.5,25.7,1,27
1c1255d3-1652-47bb-90ac-c7c0c3e9819a,00:27:37.720,Christian Schulz,400614,Hannover 96,Dribbled Past,8.4,55.6,1,27
0798bd7d-e205-4143-ae79-7b0d07e13dc1,00:27:37.720,Yoshinori Muto,6337,FSV Mainz 05,Dribble,111.7,24.5,1,27
c14e38cd-f7ea-4a4f-8d97-67b27e0786f3,00:27:37.720,Yoshinori Muto,6337,FSV Mainz 05,Carry,111.7,24.5,1,27
b8cc7b99-b13c-468a-8fda-bff2c26d8e1d,00:27:39.145,Yoshinori Muto,6337,FSV Mainz 05,Pass,117.8,23.6,1,27
c20871a2-da44-4ebf-812f-9aa589ff4fd1,00:27:39.755,Oliver Sorg,12316,Hannover 96,Pressure,8.2,37.5,1,27
6c0952b4-a7b9-4e96-9eb1-c3cc6ff96c64,00:27:40.007,Christian Clemens,9098,FSV Mainz 05,Ball Receipt*,112.1,39.1,1,27
1342cbba-4cea-4f11-a330-b71a494d0586,00:27:40.047,Christian Clemens,9098,FSV Mainz 05,Shot,112.1,39.1,1,27
05b2975b-37bd-4afc-af5b-8bf4a8d4b587,00:27:40.195,Ron-Robert Zieler,8947,Hannover 96,Goal Keeper,1.8,44.1,1,27
14f82d6a-6ac5-48e5-a67c-b3068577101f,00:27:40.318,Marcelo Antônio Guedes Filho,3164,Hannover 96,Block,3.1,45.9,1,27
c9cba506-fbf3-4ece-a5c8-9c776d6dec86,00:28:08.562,Christian Clemens,9098,FSV Mainz 05,Pass,120.0,0.1,1,28
07e2dbe8-5921-40b2-9aa9-7fb7e6bd902b,00:28:10.531,Stefan Bell,8559,FSV Mainz 05,Ball Receipt*,116.5,47.5,1,28
08deb641-00b1-43f6-bbdc-fb857f68303f,00:28:10.531,Salif Sané,5664,Hannover 96,Duel,3.6,32.6,1,28
dcf0b942-5149-40b9-92f8-fa78abd9ac5c,00:28:10.531,Stefan Bell,8559,FSV Mainz 05,Shot,116.5,47.5,1,28
3d425b8b-14f7-4fce-b125-c6103a1bdfd7,00:28:10.564,Salif Sané,5664,Hannover 96,Block,3.3,33.6,1,28
5e175ce8-564c-4a2c-91e9-479941aa119c,00:28:11.317,Ron-Robert Zieler,8947,Hannover 96,Goal Keeper,2.2,37.6,1,28
a4dbfd5c-fb57-4625-b7f6-1d76c9eafc3e,00:28:11.583,Yoshinori Muto,6337,FSV Mainz 05,Ball Recovery,117.6,37.7,1,28
67d84737-5aec-468a-9340-aff55bd6cd4c,00:28:11.663,Yoshinori Muto,6337,FSV Mainz 05,Shot,118.5,39.5,1,28
51f8073e-0fa5-4a0a-9e89-1e7e65223cc7,00:28:11.810,Ron-Robert Zieler,8947,Hannover 96,Goal Keeper,0.2,37.5,1,28
72acf59d-716b-45df-8a62-98b97d4b295d,00:29:07.185,Charlison Benschop,8558,Hannover 96,Pass,61.0,40.1,1,29
da5defed-3bd8-4e6e-afbc-58d5afad75ce,00:29:09.573,Edgar Prib,24914,Hannover 96,Ball Receipt*,41.6,33.8,1,29
06c935c4-4e07-48fd-8461-144232427e44,00:29:10.144,Edgar Prib,24914,Hannover 96,Pass,41.8,33.8,1,29
788acc06-163d-42ef-8b1c-cf9f02022eee,00:29:13.491,Uffe Manich Bech,24244,Hannover 96,Ball Receipt*,99.1,74.4,1,29
0430db7c-458c-4db0-a30c-47884b7870f3,00:29:13.606,Pierre Bengtsson,20871,FSV Mainz 05,Block,22.2,6.7,1,29
dabd89f8-0ce8-48de-89bb-3371565df43d,00:29:13.607,Pierre Bengtsson,20871,FSV Mainz 05,Duel,21.6,7.9,1,29
e31b10af-ee93-4163-9490-9b0b21f710ed,00:29:13.607,Uffe Manich Bech,24244,Hannover 96,Miscontrol,98.5,72.2,1,29
073198e9-83e7-4b9c-b739-b5a9455b0eaa,00:29:15.770,Pierre Bengtsson,20871,FSV Mainz 05,Ball Recovery,15.0,5.7,1,29
9ebe78a9-0dab-40ee-8e39-791d0e536cdf,00:29:15.770,Pierre Bengtsson,20871,FSV Mainz 05,Carry,15.0,5.7,1,29
7838735f-7d80-4f74-95e6-ae0177e9d183,00:29:15.810,Uffe Manich Bech,24244,Hannover 96,Pressure,107.9,76.6,1,29
065ce850-7c42-456b-9dc0-8ceb6a32e981,00:29:18.255,Pierre Bengtsson,20871,FSV Mainz 05,Pass,7.1,3.3,1,29
8097571d-1d8a-41b4-ba2b-dcff5faf90cc,00:29:20.927,Danny Latza,8539,FSV Mainz 05,Ball Receipt*,34.6,2.0,1,29
735093c4-e1ad-4db6-bedd-7215a226e1e6,00:29:20.927,Danny Latza,8539,FSV Mainz 05,Pass,34.6,3.0,1,29
16e39238-f334-49c0-82fa-e988a5cae5f9,00:29:21.652,Jairo Samperio Bustara,6925,FSV Mainz 05,Ball Receipt*,45.4,18.1,1,29
ce7a4314-15f6-4cb3-8592-b2ccbc15558b,00:29:21.652,Edgar Prib,24914,Hannover 96,Ball Recovery,84.8,75.0,1,29
11e3dac0-0e39-4489-8b6b-ff35412c4268,00:29:21.652,Edgar Prib,24914,Hannover 96,Carry,84.8,75.0,1,29
885d9299-a186-4b52-a023-2642065b1855,00:29:22.521,Jairo Samperio Bustara,6925,FSV Mainz 05,Pressure,33.8,5.3,1,29
76c27530-046c-45c3-9950-cc2d51e7cb1d,00:29:24.475,Edgar Prib,24914,Hannover 96,Pass,78.0,72.4,1,29
ee892a96-3f6c-47c8-be85-e2ee921e6ddf,00:29:25.812,Marcelo Antônio Guedes Filho,3164,Hannover 96,Ball Receipt*,57.2,70.9,1,29
27fedb7c-2ace-4ab5-a95d-e6e15767e99b,00:29:25.812,Marcelo Antônio Guedes Filho,3164,Hannover 96,Carry,57.2,70.9,1,29
3da111da-7920-4d40-bc46-5ed10cc25daa,00:29:27.503,Marcelo Antônio Guedes Filho,3164,Hannover 96,Pass,56.6,69.1,1,29
30ae6e1a-dea8-4ee7-98fa-c5b23257976b,00:29:28.871,Christian Schulz,400614,Hannover 96,Ball Receipt*,55.7,40.6,1,29
5dc51e26-9488-443f-b263-f87fe07e9d34,00:29:28.871,Christian Schulz,400614,Hannover 96,Carry,55.7,40.6,1,29
6f4e3419-fff7-48a5-81d9-a4c96ef8046c,00:29:29.866,Christian Schulz,400614,Hannover 96,Pass,56.8,39.3,1,29
d92e6358-87e9-44a9-aea5-9f92592301a2,00:29:31.321,Manuel Schmiedebach,8543,Hannover 96,Ball Receipt*,72.7,25.9,1,29
7361931c-d3e3-469b-9d9e-9d3005e4af5a,00:29:31.321,Manuel Schmiedebach,8543,Hannover 96,Carry,72.7,25.9,1,29
171a2d18-b943-4879-a0ba-375cf42bcacf,00:29:32.058,Manuel Schmiedebach,8543,Hannover 96,Pass,69.4,24.1,1,29
0226e645-da9c-4516-ab49-f668dee6cb17,00:29:33.394,Oliver Sorg,12316,Hannover 96,Ball Receipt*,70.6,7.5,1,29
b01ea8c0-bcf2-42f5-b14f-3c56ae2f9589,00:29:33.394,Oliver Sorg,12316,Hannover 96,Carry,70.6,7.5,1,29
052daa94-8e9a-4464-a62e-e445692b32d6,00:29:37.293,Oliver Sorg,12316,Hannover 96,Pass,71.6,9.3,1,29
8bc80fe0-6d59-4cb3-8d32-043d356d0415,00:29:37.933,Felix Klaus,8551,Hannover 96,Ball Receipt*,80.2,4.3,1,29
1c433e21-3028-4349-960f-4aae52acee0c,00:29:37.933,Felix Klaus,8551,Hannover 96,Carry,80.2,4.3,1,29
a56b7799-37c7-492b-b187-dc468722fce2,00:29:38.860,Christian Clemens,9098,FSV Mainz 05,Pressure,37.7,72.8,1,29
8ab35a81-bd2c-4c95-8f20-db0dc87624cb,00:29:40.419,Julian Baumgartlinger,20037,FSV Mainz 05,Pressure,29.5,71.7,1,29
d973f468-d6ca-4019-a191-380b08edbd94,00:29:40.840,Felix Klaus,8551,Hannover 96,Pass,92.0,9.3,1,29
a49feb4b-cc61-4f45-8997-34bb5ac32cce,00:29:41.487,Leon Aderemi Balogun,5467,FSV Mainz 05,Pressure,25.1,64.8,1,29
0ce551a3-51c5-4432-a693-b5022b920289,00:29:41.547,Manuel Schmiedebach,8543,Hannover 96,Ball Receipt*,93.8,15.3,1,29
69adeca6-7e4a-40a2-8bd8-7e957f0cb80b,00:29:41.547,Manuel Schmiedebach,8543,Hannover 96,Carry,93.8,15.3,1,29
6f714581-f03d-4501-ba96-a88f84184586,00:29:41.877,Manuel Schmiedebach,8543,Hannover 96,Pass,95.6,13.7,1,29
d22dbbff-b672-4ace-8719-8e52efcc8aa4,00:29:41.912,Felix Klaus,8551,Hannover 96,Ball Receipt*,99.8,9.3,1,29
8e68384d-51b7-464f-9232-c1c4aabd42d7,00:29:41.912,Leon Aderemi Balogun,5467,FSV Mainz 05,Block,24.7,69.3,1,29
da45db2e-c259-4c7b-9ace-55f3c1bfa1de,00:29:42.322,Leon Aderemi Balogun,5467,FSV Mainz 05,Ball Recovery,24.9,69.0,1,29
19d982e5-48be-4992-ae62-a3b1cf492615,00:29:42.322,Leon Aderemi Balogun,5467,FSV Mainz 05,Carry,24.9,69.0,1,29
aabaf1d1-1851-48cb-8986-9f1cc142f24f,00:29:43.862,Oliver Sorg,12316,Hannover 96,Pressure,87.9,9.8,1,29
dd04cbb3-276d-4488-8252-478cb168fbba,00:29:44.109,Oliver Sorg,12316,Hannover 96,Foul Committed,85.7,9.4,1,29
20883d0f-21e1-455c-bd0b-bb74c31fd570,00:29:44.109,Leon Aderemi Balogun,5467,FSV Mainz 05,Foul Won,34.4,70.7,1,29
23466ebf-7274-4fe0-9989-da8450791877,00:29:44.109,Leon Aderemi Balogun,5467,FSV Mainz 05,Carry,34.4,70.7,1,29
3b4b2470-37da-4fce-9071-52746d8b2c6f,00:29:44.142,Leon Aderemi Balogun,5467,FSV Mainz 05,Pass,36.2,69.5,1,29
50da7730-dd89-41cb-9745-4841d56c976a,00:29:45.530,Yunus Mallı,8679,FSV Mainz 05,Ball Receipt*,42.1,64.4,1,29
30cf5689-82cd-41f2-8294-37944e2795b8,00:29:45.530,Yunus Mallı,8679,FSV Mainz 05,Carry,42.1,64.4,1,29
f8657d72-a375-4654-85ef-46fc26eb73e7,00:29:47.450,Yunus Mallı,8679,FSV Mainz 05,Pass,55.2,66.8,1,29
fa5954e6-925e-46bd-a1c8-875168101100,00:29:48.738,Yoshinori Muto,6337,FSV Mainz 05,Ball Receipt*,75.2,57.5,1,29
a159a3fd-c95d-4d07-9a10-eb35a51ee546,00:29:48.738,Yoshinori Muto,6337,FSV Mainz 05,Carry,75.2,57.5,1,29
ca2e3ea6-e547-4556-93dd-67eb3ec6dd39,00:29:49.678,Yoshinori Muto,6337,FSV Mainz 05,Pass,72.5,56.5,1,29
ccc67040-c2bc-491a-928a-f3bd289104dc,00:29:50.268,Yunus Mallı,8679,FSV Mainz 05,Ball Receipt*,72.6,51.8,1,29
3e58c209-203e-45b9-9eaa-8ecaf5bd5bbf,00:29:50.268,Yunus Mallı,8679,FSV Mainz 05,Carry,72.6,51.8,1,29
39992a6e-07cc-4504-bc9b-c44c397d87cc,00:29:50.859,Salif Sané,5664,Hannover 96,Pressure,43.3,32.7,1,29
90797cfd-68f9-4991-ab23-243f78d7a5e3,00:29:51.242,Edgar Prib,24914,Hannover 96,Pressure,42.9,34.9,1,29
f41876ea-786e-4ae2-b65e-6e3fb7f09fa0,00:29:51.582,Yunus Mallı,8679,FSV Mainz 05,Pass,77.9,40.5,1,29
5b094824-2d1a-414f-91e0-f37e66ded95f,00:29:53.058,Jairo Samperio Bustara,6925,FSV Mainz 05,Pressure,104.6,39.5,1,29
1b9d1283-1f33-485c-8c56-4b1d92fcb0cc,00:29:53.451,Jairo Samperio Bustara,6925,FSV Mainz 05,Ball Receipt*,102.3,38.1,1,29
ca4b7b5c-9e5c-428c-98db-ab11bff1f8cb,00:29:53.451,Hiroki Sakai,3530,Hannover 96,Interception,16.4,43.0,1,29
0fab2bd4-dd79-4558-9cdd-831cd539b3a0,00:31:09.449,Christian Clemens,9098,FSV Mainz 05,Pass,105.2,80.0,1,31
e2de3edd-c8ba-4653-8a62-50b1e6f8fcb3,00:31:10.074,Yunus Mallı,8679,FSV Mainz 05,Ball Receipt*,108.1,69.5,1,31
c2fbd707-33e5-42c0-afdc-22177eabb9b9,00:31:10.074,Manuel Schmiedebach,8543,Hannover 96,Interception,12.0,12.0,1,31
0945f3cb-77c8-48f5-af28-74b036830313,00:31:10.172,Yunus Mallı,8679,FSV Mainz 05,Miscontrol,107.2,69.9,1,31
d24216c1-9d0f-47d1-a843-bee364e72fcf,00:31:24.626,Oliver Sorg,12316,Hannover 96,Pass,18.0,0.1,1,31
12ff682a-37b4-4a61-ada6-39822f06cb41,00:31:27.394,Ron-Robert Zieler,8947,Hannover 96,Ball Receipt*,11.1,31.6,1,31
06187e72-5ae1-4884-a563-ab3f657c2f0b,00:31:30.563,Ron-Robert Zieler,8947,Hannover 96,Pass,16.0,37.1,1,31
c4b509e1-8269-49ae-ae45-7e96bb1c5d38,00:31:32.744,Salif Sané,5664,Hannover 96,Ball Receipt*,34.9,8.8,1,31
3544d000-9d16-4ea6-8212-4e1347a418e1,00:31:32.744,Salif Sané,5664,Hannover 96,Carry,34.9,8.8,1,31
1ddfc572-52fa-4ce0-9a34-50ab4ffea537,00:31:36.054,Salif Sané,5664,Hannover 96,Pass,55.9,7.3,1,31
d35c0094-43b3-4e4e-9202-9c8b5a135a18,00:31:38.753,Charlison Benschop,8558,Hannover 96,Ball Receipt*,67.1,11.5,1,31
cde3cab6-5eb4-4e8e-ac6c-561db4c46e07,00:31:38.753,Niko Bungert,13319,FSV Mainz 05,Ball Recovery,28.5,56.7,1,31
d7d4c5ce-c598-490c-9db9-25a0682a1099,00:31:38.753,Niko Bungert,13319,FSV Mainz 05,Carry,28.5,56.7,1,31
4739d3ab-2c01-42d7-84a1-22e64952b559,00:31:40.361,Niko Bungert,13319,FSV Mainz 05,Pass,33.4,59.3,1,31
b53c253d-9a6c-4f63-9d61-56d6c1646254,00:31:40.939,Leon Aderemi Balogun,5467,FSV Mainz 05,Ball Receipt*,26.3,70.1,1,31
9e00dc71-546a-4be6-8e97-2917f7c95d04,00:31:40.939,Leon Aderemi Balogun,5467,FSV Mainz 05,Carry,26.3,70.1,1,31
db031b25-0ad5-40fc-8419-c3438da7416c,00:31:41.099,Leon Aderemi Balogun,5467,FSV Mainz 05,Pass,28.3,69.1,1,31
87aa3269-6d2b-4be7-b019-5d060ee7df51,00:31:42.964,Yoshinori Muto,6337,FSV Mainz 05,Ball Receipt*,56.0,49.1,1,31
77b7cdd5-9a83-4f75-b53f-85d66579a414,00:31:42.964,Yoshinori Muto,6337,FSV Mainz 05,Carry,56.0,49.1,1,31
0e008bd9-bd12-47f0-97e0-8ab2ef33a01e,00:31:44.364,Salif Sané,5664,Hannover 96,Pressure,57.4,26.7,1,31
d502a1b6-3bf2-4873-9ed3-4fb4cd4b9fe2,00:31:45.931,Yoshinori Muto,6337,FSV Mainz 05,Pass,69.0,57.5,1,31
7e989c57-74c1-4deb-8668-82ba2433af58,00:31:47.861,Christian Clemens,9098,FSV Mainz 05,Ball Receipt*,89.8,71.7,1,31
5a9990f2-6cf1-42fa-a3c9-8df66edf5e79,00:31:47.861,Christian Clemens,9098,FSV Mainz 05,Carry,89.8,71.7,1,31
e356279c-6b0d-4e4a-90e5-a469dee807d7,00:31:48.955,Christian Clemens,9098,FSV Mainz 05,Pass,98.0,67.5,1,31
80d25f88-0b2c-45c0-ba8c-5d0899cb02ac,00:31:49.395,Yoshinori Muto,6337,FSV Mainz 05,Ball Receipt*,108.2,35.2,1,31
32e25a61-a682-4322-9bc8-cb6a6f4f23e4,00:31:49.395,Christian Schulz,400614,Hannover 96,Block,16.0,24.7,1,31
b5bdcc94-2c32-4cca-9fa3-85d1b4538fca,00:32:25.638,Christian Clemens,9098,FSV Mainz 05,Pass,120.0,80.0,1,32
ea22a29f-e31b-46fd-9de0-350d14341a4c,00:32:27.451,Stefan Bell,8559,FSV Mainz 05,Ball Receipt*,115.3,34.2,1,32
f5108468-bb66-4da1-b516-844c28744018,00:32:27.451,Christian Schulz,400614,Hannover 96,Clearance,4.7,42.2,1,32
df9a6e81-9d32-45f3-b7a8-ed45e6476269,00:32:27.666,Stefan Bell,8559,FSV Mainz 05,Block,115.4,34.8,1,32
c2deeff3-c6fd-44b0-9220-5f14423c0529,00:32:35.768,Ron-Robert Zieler,8947,Hannover 96,Pass,7.0,44.1,1,32
18fc2cdb-ec4c-4b95-acda-3deaf3b3c437,00:32:41.009,Felix Klaus,8551,Hannover 96,Ball Receipt*,70.6,2.7,1,32
3e6436fa-345f-4e8f-b077-c13cdbccda4b,00:32:51.167,Leon Aderemi Balogun,5467,FSV Mainz 05,Pass,40.1,80.0,1,32
9ed9a6e5-74e7-4a68-b0fd-c15d56feaf02,00:32:52.467,Julian Baumgartlinger,20037,FSV Mainz 05,Ball Receipt*,38.5,56.0,1,32
a5a8c6a8-02e2-4b66-a34b-2a5f5f3e90a0,00:32:52.467,Julian Baumgartlinger,20037,FSV Mainz 05,Carry,38.5,56.0,1,32
bed1ad34-955c-46bd-b9c3-0a90e0f391f9,00:32:53.574,Julian Baumgartlinger,20037,FSV Mainz 05,Pass,41.0,53.2,1,32
6bfdbc82-932d-4826-8159-706561a69452,00:32:56.057,Stefan Bell,8559,FSV Mainz 05,Ball Receipt*,36.8,17.9,1,32
361cf2da-8d19-4c29-81e0-283a939e29a6,00:32:56.057,Stefan Bell,8559,FSV Mainz 05,Carry,36.8,17.9,1,32
e933263f-5238-44e3-b6f7-ce446829d24c,00:32:57.257,Stefan Bell,8559,FSV Mainz 05,Pass,34.8,18.7,1,32
42b8affb-cc81-4f15-8355-444669574340,00:32:59.074,Niko Bungert,13319,FSV Mainz 05,Ball Receipt*,34.6,52.7,1,32
28b7a3cf-46f4-49ad-861c-2cbb109a0432,00:32:59.074,Niko Bungert,13319,FSV Mainz 05,Carry,34.6,52.7,1,32
7a37c8a0-eeba-4be4-a48d-7de7bd02b5fd,00:33:00.577,Niko Bungert,13319,FSV Mainz 05,Pass,34.6,53.0,1,33
341a325f-414d-42d9-9c50-bb854d09bdbb,00:33:02.902,Loris Karius,3630,FSV Mainz 05,Ball Receipt*,11.6,33.8,1,33
c62d48d6-0878-4dcf-b58e-0bddc568086f,00:33:02.902,Loris Karius,3630,FSV Mainz 05,Carry,11.6,33.8,1,33
63b3e7d9-cadd-4f24-aafe-4094e725a3ab,00:33:03.986,Loris Karius,3630,FSV Mainz 05,Pass,12.8,32.2,1,33
c97d473b-a311-494f-b62a-e0fd26d094ed,00:33:05.676,Niko Bungert,13319,FSV Mainz 05,Ball Receipt*,25.4,56.0,1,33
0e09fda4-822b-4e9a-94de-4caa12b7cffb,00:33:05.676,Niko Bungert,13319,FSV Mainz 05,Carry,25.4,56.0,1,33
8dc778f5-b73e-4db3-a42d-3e8e968a1d7d,00:33:07.036,Niko Bungert,13319,FSV Mainz 05,Pass,23.4,56.7,1,33
f3fb93cb-039e-4fae-af99-30552fbcf165,00:33:08.289,Julian Baumgartlinger,20037,FSV Mainz 05,Ball Receipt*,30.0,44.0,1,33
4fa5ade8-338a-4a9d-9f7a-212031b72637,00:33:08.289,Julian Baumgartlinger,20037,FSV Mainz 05,Carry,30.0,44.0,1,33
865bfd58-909e-4abc-83da-9d569da6d13f,00:33:08.369,Julian Baumgartlinger,20037,FSV Mainz 05,Pass,29.3,43.6,1,33
b443f4c5-7a59-4a3d-a745-e836ad5e560a,00:33:10.308,Loris Karius,3630,FSV Mainz 05,Ball Receipt*,9.9,35.7,1,33
cf6b0fbe-2fb7-4c50-b413-c0650ececb04,00:33:10.308,Loris Karius,3630,FSV Mainz 05,Carry,9.9,35.7,1,33
bd0ab3b1-7072-40b2-80fe-ed50349f19d9,00:33:10.405,Loris Karius,3630,FSV Mainz 05,Pass,14.5,34.4,1,33
cc8e9424-a6e3-4df1-8c80-560bedb435e9,00:33:12.066,Stefan Bell,8559,FSV Mainz 05,Ball Receipt*,28.7,9.0,1,33
66dd911e-f3b9-438c-9a3e-05f33067f25e,00:33:12.066,Stefan Bell,8559,FSV Mainz 05,Carry,28.7,9.0,1,33
c6c09504-2e19-49ab-b2f2-cb3934217c85,00:33:14.101,Stefan Bell,8559,FSV Mainz 05,Pass,32.2,5.9,1,33
34b75c93-84fc-4c96-ad89-0fe160501325,00:33:14.552,Edgar Prib,24914,Hannover 96,Pressure,86.1,77.5,1,33
dda7ee02-2941-409e-be0b-1ef8b92a326d,00:33:14.688,Danny Latza,8539,FSV Mainz 05,Ball Receipt*,32.8,2.0,1,33
8e9ab239-9809-4413-9c0d-82769fadbec5,00:33:14.688,Danny Latza,8539,FSV Mainz 05,Carry,32.8,2.0,1,33
e7b6a36c-20e9-42c4-bc06-ec197257a145,00:33:15.255,Danny Latza,8539,FSV Mainz 05,Pass,30.7,3.3,1,33
4f70d9a4-b608-4429-af24-8e7cf96826c8,00:33:17.426,Loris Karius,3630,FSV Mainz 05,Ball Receipt*,13.2,21.6,1,33
d40420eb-4d3f-4b0e-81c5-86a65a917537,00:33:17.426,Loris Karius,3630,FSV Mainz 05,Carry,13.2,21.6,1,33
e6a761d2-202e-4732-89da-4cc7a2ee1977,00:33:18.013,Loris Karius,3630,FSV Mainz 05,Pass,13.0,23.6,1,33
e31620a8-2cd9-4bfb-af60-7009a86881d8,00:33:19.893,Julian Baumgartlinger,20037,FSV Mainz 05,Ball Receipt*,33.8,25.1,1,33
6694dd1e-5577-4555-93ca-4c6f837da0c6,00:33:19.893,Julian Baumgartlinger,20037,FSV Mainz 05,Carry,33.8,25.1,1,33
3844c270-ad81-4f0e-b8e1-302410914272,00:33:24.380,Julian Baumgartlinger,20037,FSV Mainz 05,Pass,48.1,25.7,1,33
c49e7c6f-f805-4484-9ba3-9498a5a4cbd0,00:33:25.398,Danny Latza,8539,FSV Mainz 05,Ball Receipt*,52.7,21.0,1,33
0deecf4b-d9e7-4248-8713-b1ba52910642,00:33:25.398,Danny Latza,8539,FSV Mainz 05,Carry,52.7,21.0,1,33
6dace74a-4d49-478c-8d0a-e1b706c217d0,00:33:25.542,Danny Latza,8539,FSV Mainz 05,Pass,51.4,21.6,1,33
49a561ad-cb09-4a04-ab80-372239dc047f,00:33:27.435,Stefan Bell,8559,FSV Mainz 05,Ball Receipt*,40.3,8.5,1,33
f885beff-5a74-4454-87f5-de7f6a6e899b,00:33:27.435,Stefan Bell,8559,FSV Mainz 05,Carry,40.3,8.5,1,33
aa176d05-f8c1-4e16-ba15-be92e008859d,00:33:30.731,Stefan Bell,8559,FSV Mainz 05,Pass,37.1,7.3,1,33
de90d01c-4db6-486c-b2de-5c65f9bdaca4,00:33:32.255,Danny Latza,8539,FSV Mainz 05,Ball Receipt*,35.3,15.4,1,33
681ab61f-ac60-48f8-a527-e0dde93e1729,00:33:32.255,Danny Latza,8539,FSV Mainz 05,Carry,35.3,15.4,1,33
64533c2d-e058-4a97-9b55-94cdc519b354,00:33:36.460,Danny Latza,8539,FSV Mainz 05,Pass,41.9,17.6,1,33
b57a94e5-0fd4-485e-a773-5485338a5d98,00:33:38.127,Stefan Bell,8559,FSV Mainz 05,Ball Receipt*,48.1,5.7,1,33
5d9b280e-db44-4ef4-a836-dcd79616b546,00:33:38.127,Stefan Bell,8559,FSV Mainz 05,Carry,48.1,5.7,1,33
e0ca0e5d-705c-40ef-a0ce-b6874d919363,00:33:39.238,Edgar Prib,24914,Hannover 96,Pressure,61.9,72.2,1,33
e315bb74-3aa3-4da7-bd96-4a9fb91c66aa,00:33:39.802,Stefan Bell,8559,FSV Mainz 05,Pass,57.4,5.7,1,33
8d25535a-386b-42d3-ba5f-c083dd84fef8,00:33:42.998,Yoshinori Muto,6337,FSV Mainz 05,Ball Receipt*,112.1,9.6,1,33
8b7386d2-5243-4924-8f80-d562a584e684,00:34:12.034,Ron-Robert Zieler,8947,Hannover 96,Pass,6.6,70.0,1,34
470c3872-4eb8-41a9-95df-d51481f4c42e,00:34:17.370,Uffe Manich Bech,24244,Hannover 96,Ball Receipt*,85.1,67.8,1,34
24a07012-c024-4433-8e4a-449277dc11c9,00:34:17.370,Uffe Manich Bech,24244,Hannover 96,Duel,85.7,68.9,1,34
183276de-f012-4268-89ae-0924b68af518,00:34:17.370,Pierre Bengtsson,20871,FSV Mainz 05,Pass,34.4,11.2,1,34
1fd98e79-fd60-40aa-b440-8c83d34492ee,00:34:18.929,Danny Latza,8539,FSV Mainz 05,Ball Receipt*,38.1,6.7,1,34
10fc1596-5b4f-4024-8d98-191098168193,00:34:18.929,Danny Latza,8539,FSV Mainz 05,Carry,38.1,6.7,1,34
edb75682-2a55-448d-950d-36f98f2d6661,00:34:19.652,Uffe Manich Bech,24244,Hannover 96,Pressure,82.2,73.0,1,34
336ce1fa-6843-49a8-af44-1e17919b3366,00:34:20.880,Danny Latza,8539,FSV Mainz 05,Pass,37.0,6.1,1,34
23277e1a-239c-4b31-b979-c16b073d88ff,00:34:21.857,Pierre Bengtsson,20871,FSV Mainz 05,Ball Receipt*,25.4,7.1,1,34
dec6d7a5-a32c-4309-bafa-d4a076897729,00:34:21.857,Pierre Bengtsson,20871,FSV Mainz 05,Carry,25.4,7.1,1,34
1468dba2-612f-4c5b-898b-d6735a631e70,00:34:23.363,Pierre Bengtsson,20871,FSV Mainz 05,Pass,22.4,5.9,1,34
254adc25-bbb0-4168-92d1-1253a34a61ec,00:34:25.233,Yunus Mallı,8679,FSV Mainz 05,Ball Receipt*,50.7,17.9,1,34
925e9ff8-e31c-4115-9bf9-de9dbf2b7e54,00:34:25.233,Yunus Mallı,8679,FSV Mainz 05,Duel,50.7,17.3,1,34
d1d53876-06dd-4e00-af41-47abdd736675,00:34:25.233,Salif Sané,5664,Hannover 96,Pass,69.4,62.8,1,34
e0cc0c33-9e59-4394-9b12-536734b71431,00:34:26.876,Uffe Manich Bech,24244,Hannover 96,Ball Receipt*,86.7,73.6,1,34
bf08b6e0-d57c-4e01-ac6f-9b060cbe806c,00:34:26.876,Uffe Manich Bech,24244,Hannover 96,Carry,86.7,73.6,1,34
d666b2f3-8502-4644-87e4-3261e5cea9f4,00:34:30.165,Pierre Bengtsson,20871,FSV Mainz 05,Pressure,11.0,6.5,1,34
994fcd5f-74ef-4851-8797-6d0d6ff049cc,00:34:31.128,Uffe Manich Bech,24244,Hannover 96,Miscontrol,113.0,74.4,1,34
90c2596a-386f-48e9-ad62-55effe34fa53,00:34:41.417,Loris Karius,3630,FSV Mainz 05,Pass,6.0,44.0,1,34
41b85ce5-d7b5-427a-9dfc-0fdcb4bae6d6,00:34:43.594,Jairo Samperio Bustara,6925,FSV Mainz 05,Ball Receipt*,34.8,3.7,1,34
e1fb1b16-bfb9-4601-9b97-8d0eda020bb5,00:34:48.357,Jairo Samperio Bustara,6925,FSV Mainz 05,Pass,34.8,5.1,1,34
9224efc9-2d02-4bf3-b971-7c3bc4190cf5,00:34:49.485,Julian Baumgartlinger,20037,FSV Mainz 05,Ball Receipt*,41.0,22.6,1,34
f02875dd-a9ac-465a-b327-6e5951265ad2,00:34:49.485,Julian Baumgartlinger,20037,FSV Mainz 05,Carry,41.0,22.6,1,34
968e503f-5fec-4e6e-8001-e34e11018936,00:34:51.845,Julian Baumgartlinger,20037,FSV Mainz 05,Pass,43.0,24.7,1,34
228957e5-409c-42c9-b255-a5524d110103,00:34:54.429,Leon Aderemi Balogun,5467,FSV Mainz 05,Ball Receipt*,54.4,70.1,1,34
33310f11-2798-48b5-a23d-177c071b1278,00:34:54.429,Leon Aderemi Balogun,5467,FSV Mainz 05,Carry,54.4,70.1,1,34
bbf119e4-611d-4c4f-80ce-c8fa89588120,00:34:56.296,Leon Aderemi Balogun,5467,FSV Mainz 05,Pass,62.9,71.7,1,34
cf061cea-cf79-4797-8a70-ded27ef1835b,00:34:58.265,Niko Bungert,13319,FSV Mainz 05,Ball Receipt*,39.1,63.0,1,34
469591da-087e-434d-b8e2-d3c6dbd5eed0,00:34:58.265,Niko Bungert,13319,FSV Mainz 05,Carry,39.1,63.0,1,34
34d55e8c-113a-4675-9d8c-72e01b16c67f,00:35:00.188,Niko Bungert,13319,FSV Mainz 05,Pass,42.3,61.7,1,35
470130a4-e5f5-438c-87d5-907e06469237,00:35:01.756,Danny Latza,8539,FSV Mainz 05,Ball Receipt*,56.7,39.0,1,35
4299b9bd-3ace-4e42-bb2e-faed63e0cd6e,00:35:01.756,Danny Latza,8539,FSV Mainz 05,Carry,56.7,39.0,1,35
86e8d0c7-ae1c-4c50-a503-74889ea69784,00:35:02.460,Manuel Schmiedebach,8543,Hannover 96,Pressure,62.5,40.4,1,35
6aa076e3-8bdd-4e79-84af-d75bb3c06f90,00:35:02.727,Danny Latza,8539,FSV Mainz 05,Pass,55.8,39.7,1,35
42802e99-4ba2-4a0f-b5af-dfad8a4f4a1a,00:35:04.136,Niko Bungert,13319,FSV Mainz 05,Ball Receipt*,44.2,53.4,1,35
941edfb5-5523-45a4-bb86-d67d81301123,00:35:04.136,Niko Bungert,13319,FSV Mainz 05,Carry,44.2,53.4,1,35
840cce21-a4bb-4c5a-ae9b-ffc96fbc0081,00:35:05.005,Niko Bungert,13319,FSV Mainz 05,Pass,49.1,56.9,1,35
7a146bf8-9cd6-4a74-9f93-cb6cc3c2b600,00:35:06.603,Leon Aderemi Balogun,5467,FSV Mainz 05,Ball Receipt*,61.3,72.5,1,35
9cb6d12b-1802-4295-898a-66fe9f859004,00:35:06.603,Leon Aderemi Balogun,5467,FSV Mainz 05,Carry,61.3,72.5,1,35
57a4f8c6-c419-44bb-b311-ad14a088bb5c,00:35:07.399,Leon Aderemi Balogun,5467,FSV Mainz 05,Pass,62.9,72.5,1,35
42d4564d-53b2-4cff-969d-a608572ca80f,00:35:08.817,Edgar Prib,24914,Hannover 96,Pressure,50.2,18.2,1,35
088e600f-3a1e-4424-85a3-c55dc4aa7407,00:35:08.851,Julian Baumgartlinger,20037,FSV Mainz 05,Ball Receipt*,66.6,62.0,1,35
e77fc836-e6ad-4f10-970b-61a175bef1c6,00:35:08.851,Julian Baumgartlinger,20037,FSV Mainz 05,Carry,66.6,62.0,1,35
fbda3460-0a5e-43c9-827f-23edbd408b2e,00:35:09.032,Julian Baumgartlinger,20037,FSV Mainz 05,Pass,71.7,62.0,1,35
8d1d0766-950d-4e4e-8328-c63c06b0c0da,00:35:09.819,Leon Aderemi Balogun,5467,FSV Mainz 05,Ball Receipt*,66.2,69.1,1,35
f5674207-1cca-46a7-9a20-2d4a5e78b471,00:35:09.819,Leon Aderemi Balogun,5467,FSV Mainz 05,Carry,66.2,69.1,1,35
9b72902e-43e6-4816-8314-55ef48d3cdda,00:35:10.674,Leon Aderemi Balogun,5467,FSV Mainz 05,Pass,64.4,69.0,1,35
c85d28bb-7bbd-4956-94d1-1b7cfae8f0fa,00:35:12.845,Niko Bungert,13319,FSV Mainz 05,Ball Receipt*,43.8,62.2,1,35
88c33ac2-8eb3-4cfc-9b8b-c07349663831,00:35:12.845,Niko Bungert,13319,FSV Mainz 05,Carry,43.8,62.2,1,35
be30c3d5-ad88-4038-a65a-057fb731bd1a,00:35:12.885,Niko Bungert,13319,FSV Mainz 05,Pass,42.3,62.2,1,35
131deb46-6093-46f9-8002-d2565c0b89f1,00:35:14.593,Stefan Bell,8559,FSV Mainz 05,Ball Receipt*,48.7,19.8,1,35
91eec152-df01-46d1-a4c9-7161fa09c6fb,00:35:14.593,Stefan Bell,8559,FSV Mainz 05,Carry,48.7,19.8,1,35
be3ea5ae-9a9c-4047-af26-a97c55d89a47,00:35:17.390,Stefan Bell,8559,FSV Mainz 05,Pass,63.7,17.1,1,35
868ea212-0b8d-46bf-87bd-a1ec5fbcdc89,00:35:18.768,Pierre Bengtsson,20871,FSV Mainz 05,Ball Receipt*,89.4,4.8,1,35
e853abc7-1b0b-4adc-af1d-d615e36c4577,00:35:18.768,Pierre Bengtsson,20871,FSV Mainz 05,Carry,89.4,4.8,1,35
bc4c0b29-78bd-43fe-98cd-f6f78fc7c391,00:35:20.043,Hiroki Sakai,3530,Hannover 96,Pressure,27.8,74.8,1,35
69978ece-cf8f-4dfb-ac7c-e7671f4cfeb6,00:35:20.699,Pierre Bengtsson,20871,FSV Mainz 05,Pass,90.5,2.8,1,35
74149281-02be-46b8-b905-6f4d53a5de18,00:35:21.433,Jairo Samperio Bustara,6925,FSV Mainz 05,Ball Receipt*,101.3,5.7,1,35
04621c32-60fb-462c-b294-7b655b73b4f9,00:35:21.433,Jairo Samperio Bustara,6925,FSV Mainz 05,Carry,101.3,5.7,1,35
820adb80-65b2-43b8-806d-580407ca5a8a,00:35:21.638,Uffe Manich Bech,24244,Hannover 96,Pressure,18.8,73.4,1,35
71afc25d-7998-4842-b9c4-52cbbb74cf88,00:35:22.387,Jairo Samperio Bustara,6925,FSV Mainz 05,Dispossessed,103.7,5.5,1,35
6bb6aa78-ad23-4ed1-95e5-ebfc3129b723,00:35:22.387,Uffe Manich Bech,24244,Hannover 96,Duel,16.4,74.6,1,35
0db0761a-abae-44e9-ba26-39f4711a6838,00:35:54.840,Christian Clemens,9098,FSV Mainz 05,Pass,120.0,0.1,1,35
dfc7e890-39ba-4c95-a6c1-63355e0c42a0,00:35:56.595,Stefan Bell,8559,FSV Mainz 05,Ball Receipt*,111.8,40.3,1,35
2cc86dfb-4007-44d8-8b2f-9504ae82d577,00:35:56.595,Ron-Robert Zieler,8947,Hannover 96,Goal Keeper,6.4,39.1,1,35
c93f7c40-2bc3-45ea-9553-8a3a4b19c478,00:36:16.865,Leon Aderemi Balogun,5467,FSV Mainz 05,Pass,97.6,80.0,1,36
aec122e2-1ea4-43ee-a34d-6ccfc6ab4790,00:36:18.386,Julian Baumgartlinger,20037,FSV Mainz 05,Ball Receipt*,85.8,71.3,1,36
5fd96f26-d723-430f-91de-12846df3f7ab,00:36:18.386,Julian Baumgartlinger,20037,FSV Mainz 05,Carry,85.8,71.3,1,36
6626d05f-f1c4-4cee-a9c3-cf710464bf6e,00:36:21.696,Julian Baumgartlinger,20037,FSV Mainz 05,Pass,72.3,67.0,1,36
8812c1c3-8efd-4990-9f34-97840523518f,00:36:22.828,Danny Latza,8539,FSV Mainz 05,Ball Receipt*,84.1,51.8,1,36
b4353190-2b97-4dac-9a4b-d8661a5a6b43,00:36:22.828,Danny Latza,8539,FSV Mainz 05,Carry,84.1,51.8,1,36
ee4f58ef-b804-4d70-843f-3f8cdfd646a3,00:36:25.912,Danny Latza,8539,FSV Mainz 05,Pass,78.3,49.9,1,36
4777b8d0-99a4-44aa-b60b-abf02c87baf0,00:36:26.683,Christian Schulz,400614,Hannover 96,Pressure,27.9,35.5,1,36
222d1ef1-5a33-4b32-8f89-7b595d8c5db4,00:36:26.728,Yoshinori Muto,6337,FSV Mainz 05,Ball Receipt*,91.1,45.0,1,36
4174c8aa-7c37-476d-8d37-7f26075acae3,00:36:26.728,Yoshinori Muto,6337,FSV Mainz 05,Carry,91.1,45.0,1,36
1385d449-f890-4d27-93f7-79cf2325c5a4,00:36:30.073,Yoshinori Muto,6337,FSV Mainz 05,Pass,85.8,26.3,1,36
9d4dbed6-67ff-4da9-8a14-29bdca3deb45,00:36:30.804,Danny Latza,8539,FSV Mainz 05,Ball Receipt*,90.2,20.5,1,36
5c87a892-2027-4c68-96c7-07b3bc359f33,00:36:30.804,Danny Latza,8539,FSV Mainz 05,Carry,90.2,20.5,1,36
814ff008-f38f-4e12-add8-03b02b91edd4,00:36:31.710,Danny Latza,8539,FSV Mainz 05,Pass,91.5,13.9,1,36
c473db8c-0fbd-4b65-89b4-c6ecc01d7fb7,00:36:32.487,Pierre Bengtsson,20871,FSV Mainz 05,Ball Receipt*,108.1,18.7,1,36
de780d02-50e3-4be0-a9d7-3265daafb774,00:36:32.487,Hiroki Sakai,3530,Hannover 96,Ball Recovery,15.3,57.7,1,36
ee899362-4e16-409f-9834-1a12eda3327c,00:36:32.487,Hiroki Sakai,3530,Hannover 96,Carry,15.3,57.7,1,36
3a5fe69d-b8bc-4646-8811-c23ab88c6615,00:36:34.207,Hiroki Sakai,3530,Hannover 96,Pass,20.8,68.9,1,36
c99e8861-8128-4cd0-80ef-ecd4eb1dfe75,00:36:35.245,Stefan Bell,8559,FSV Mainz 05,Pressure,76.6,20.0,1,36
ff572600-8613-4b1e-9625-14c3f901dab0,00:36:35.455,Charlison Benschop,8558,Hannover 96,Ball Receipt*,43.9,60.7,1,36
ba4627b3-1527-445a-867c-8ae91e431e86,00:36:35.455,Charlison Benschop,8558,Hannover 96,Carry,43.9,60.7,1,36
0d43ca70-d7d1-4e0f-9782-f4e5fd172914,00:36:35.575,Charlison Benschop,8558,Hannover 96,Pass,43.5,60.1,1,36
9dad2a05-77c3-4154-bbfb-d561e00f36fe,00:36:36.988,Hiroki Sakai,3530,Hannover 96,Ball Receipt*,37.4,77.1,1,36
361bf63d-68fc-434f-9522-ab7110995907,00:36:36.988,Hiroki Sakai,3530,Hannover 96,Carry,37.4,77.1,1,36
fe7a8658-5fae-49b8-b777-0a48655ec933,00:36:38.029,Danny Latza,8539,FSV Mainz 05,Pressure,70.3,3.7,1,36
dfb761f4-c20b-4573-abd4-65da72483867,00:36:38.206,Hiroki Sakai,3530,Hannover 96,Pass,51.3,76.6,1,36
f1e55ba9-badf-4087-a751-c856f7a18688,00:36:38.448,Edgar Prib,24914,Hannover 96,Ball Receipt*,65.5,63.8,1,36
eab81a0e-6245-4761-b8fa-4c26d1da2d81,00:36:38.448,Danny Latza,8539,FSV Mainz 05,Block,67.0,4.3,1,36
1c6edd7f-0ca3-4904-9364-ae6af5681e99,00:36:53.312,Hiroki Sakai,3530,Hannover 96,Pass,64.5,80.0,1,36
d4f36995-73f4-4993-95d4-cb71171b9c28,00:36:54.912,Marcelo Antônio Guedes Filho,3164,Hannover 96,Ball Receipt*,43.5,71.3,1,36
d6beae06-1196-4604-86c4-d7dfc51081e4,00:36:54.912,Marcelo Antônio Guedes Filho,3164,Hannover 96,Carry,43.5,71.3,1,36
5a25f97f-4f73-44ea-b6e4-0af2f5ff9c14,00:36:56.054,Marcelo Antônio Guedes Filho,3164,Hannover 96,Pass,43.7,70.0,1,36
58155f38-0b91-4b3a-8a67-1066c1c8ffcf,00:36:57.419,Salif Sané,5664,Hannover 96,Ball Receipt*,54.3,44.6,1,36
3859c1e9-4a91-4e84-b37a-da9bc90f259f,00:36:57.419,Salif Sané,5664,Hannover 96,Carry,54.3,44.6,1,36
051a26e9-186e-496f-80df-2d28b80c154a,00:36:59.657,Salif Sané,5664,Hannover 96,Pass,52.6,40.0,1,36
b1eb1728-8b2f-4265-b481-1d837cef9adf,00:37:01.083,Christian Schulz,400614,Hannover 96,Ball Receipt*,43.7,26.1,1,37
a8ea5b80-46ff-4607-9652-ddfdbba2b77e,00:37:01.083,Christian Schulz,400614,Hannover 96,Carry,43.7,26.1,1,37
9a04d1fe-eee5-41b2-af98-fc4a12575733,00:37:03.518,Christian Schulz,400614,Hannover 96,Pass,42.3,25.5,1,37
461a7b30-ccb6-445a-82d9-c4fe1ba5e4a9,00:37:05.154,Ron-Robert Zieler,8947,Hannover 96,Ball Receipt*,24.8,38.7,1,37
fc40b025-7c02-4963-b576-3da395fca9f5,00:37:05.154,Ron-Robert Zieler,8947,Hannover 96,Carry,24.8,38.7,1,37
45e2b3ef-d596-4fcc-b0db-d3870f92ce12,00:37:05.525,Ron-Robert Zieler,8947,Hannover 96,Pass,24.6,38.2,1,37
e6b89333-f914-477e-81dd-d2f5d41ad1e6,00:37:07.213,Christian Schulz,400614,Hannover 96,Ball Receipt*,41.8,22.4,1,37
623af995-d0c0-4916-8381-ba8e18d620c1,00:37:07.213,Christian Schulz,400614,Hannover 96,Carry,41.8,22.4,1,37
0f7ccb9b-a1d3-4f91-8cc8-32f3064bd794,00:37:08.799,Christian Schulz,400614,Hannover 96,Pass,42.9,21.6,1,37
2acee7bb-28e0-44a2-9c90-cc4c77e9b4c0,00:37:10.093,Oliver Sorg,12316,Hannover 96,Ball Receipt*,56.6,8.2,1,37
2643b98a-8d04-4f96-909b-ed24df22f701,00:37:10.093,Oliver Sorg,12316,Hannover 96,Carry,56.6,8.2,1,37
1671682d-0e9e-4893-8bd4-19a29b57e455,00:37:11.579,Oliver Sorg,12316,Hannover 96,Pass,49.8,10.0,1,37
e6cdf054-44a8-47c2-a928-5dcf56e67b76,00:37:12.893,Christian Schulz,400614,Hannover 96,Ball Receipt*,37.6,14.9,1,37
d38d6ad7-ce79-4256-ba2f-66a51f6ff7d7,00:37:12.893,Christian Schulz,400614,Hannover 96,Carry,37.6,14.9,1,37
0b6e772e-27ca-4098-84f8-90444c26449b,00:37:14.169,Christian Schulz,400614,Hannover 96,Pass,34.9,15.7,1,37
118d1c26-f97e-4bda-86df-fc8e48bde870,00:37:15.409,Ron-Robert Zieler,8947,Hannover 96,Ball Receipt*,26.8,36.9,1,37
68a43b99-1f93-4342-8062-157015a7d37f,00:37:15.409,Ron-Robert Zieler,8947,Hannover 96,Carry,26.8,36.9,1,37
7de0278e-fd64-499d-a54b-bd8a691a1e0f,00:37:16.919,Ron-Robert Zieler,8947,Hannover 96,Pass,29.6,39.8,1,37
78a19e16-1377-4591-b8f1-f2b0b7d7170f,00:37:18.309,Marcelo Antônio Guedes Filho,3164,Hannover 96,Ball Receipt*,40.0,75.5,1,37
67e55f66-65a6-48c7-b524-09044d3d608e,00:37:18.309,Marcelo Antônio Guedes Filho,3164,Hannover 96,Carry,40.0,75.5,1,37
676235a8-4cfc-40f4-8cea-1e7677ad437f,00:37:18.781,Marcelo Antônio Guedes Filho,3164,Hannover 96,Pass,42.0,74.0,1,37
84f62922-fcee-4e12-a97a-5b1f99f8b7d5,00:37:20.601,Salif Sané,5664,Hannover 96,Ball Receipt*,44.9,61.0,1,37
327ad0fe-7897-49b6-b395-ae2a3f909e91,00:37:20.601,Salif Sané,5664,Hannover 96,Carry,44.9,61.0,1,37
54a63d02-202b-48e2-8c2a-91d565b3ea19,00:37:21.554,Yunus Mallı,8679,FSV Mainz 05,Pressure,71.9,19.8,1,37
fdc15ebf-ef3a-4270-bfec-7101a9a11571,00:37:22.328,Salif Sané,5664,Hannover 96,Pass,50.4,64.0,1,37
ce971f82-d9ca-41f9-a54a-19159c1783e9,00:37:27.082,Hiroki Sakai,3530,Hannover 96,Ball Receipt*,115.1,71.8,1,37
81812e8b-6458-44ce-9084-42782ec5c0b6,00:37:27.082,Hiroki Sakai,3530,Hannover 96,Carry,115.1,71.8,1,37
7eb0bb3d-b7e0-4a6c-97fc-2a385fbae5f9,00:37:27.947,Hiroki Sakai,3530,Hannover 96,Pass,116.4,71.5,1,37
f6053eae-8e49-4ba1-932e-0b446f7ace17,00:37:29.487,Uffe Manich Bech,24244,Hannover 96,Ball Receipt*,108.5,58.7,1,37
85f71eaf-c1e6-4915-a55d-fcf027365e9c,00:37:29.487,Jairo Samperio Bustara,6925,FSV Mainz 05,Interception,10.6,20.5,1,37
77222e71-d9ce-4e77-a7e7-64c311d02e21,00:37:29.487,Jairo Samperio Bustara,6925,FSV Mainz 05,Carry,10.6,20.5,1,37
f7f7f027-a5da-491b-9701-6574cb1855b0,00:37:29.603,Uffe Manich Bech,24244,Hannover 96,Pressure,108.3,58.5,1,37
26b2cbea-4d43-43ad-9d54-d893aeefa3b8,00:37:33.110,Jairo Samperio Bustara,6925,FSV Mainz 05,Pass,4.0,5.9,1,37
d8123fc9-96ce-41ba-b4de-91105dafca09,00:37:38.017,Hiroki Sakai,3530,Hannover 96,Pass,109.7,80.0,1,37
6b00cf9b-7260-4281-bfc8-9c6da0ffe402,00:37:39.111,Edgar Prib,24914,Hannover 96,Ball Receipt*,109.7,75.0,1,37
419ddb54-e385-49e8-b90e-79eb4ba14d25,00:37:39.111,Edgar Prib,24914,Hannover 96,Carry,109.7,75.0,1,37
f8e36ce4-02f4-49ce-a268-0a3b73dd56d3,00:37:40.004,Danny Latza,8539,FSV Mainz 05,Pressure,11.6,5.9,1,37
a7fc23c1-a2c4-47c4-a72c-a650ae810a57,00:37:43.769,Edgar Prib,24914,Hannover 96,Pass,78.0,76.2,1,37
cefb92e1-bb0b-4ced-8734-680b732fb71a,00:37:45.928,Christian Schulz,400614,Hannover 96,Ball Receipt*,56.4,46.6,1,37
ed0b18ef-fbad-4bd4-8cda-14abf333261c,00:37:45.928,Christian Schulz,400614,Hannover 96,Carry,56.4,46.6,1,37
b21fca3f-2052-4e76-b53a-b8835ef5a541,00:37:48.656,Christian Schulz,400614,Hannover 96,Pass,56.8,45.1,1,37
120a1f4b-a707-4934-964b-e6475c5bc3f0,00:37:50.544,Felix Klaus,8551,Hannover 96,Ball Receipt*,71.0,16.8,1,37
bd6b2f43-e4b9-4b3a-b084-0eefb1a2f8a1,00:37:50.544,Felix Klaus,8551,Hannover 96,Carry,71.0,16.8,1,37
8cd9ce4d-aee2-4836-926c-f9a9e064854b,00:37:51.527,Leon Aderemi Balogun,5467,FSV Mainz 05,Pressure,42.6,65.2,1,37
8907a6e0-4a79-42d9-96ed-486e0b99e812,00:37:52.360,Leon Aderemi Balogun,5467,FSV Mainz 05,Foul Committed,43.2,66.0,1,37
9ffbc0e5-066d-4b07-9755-bdeee16df3e5,00:37:52.360,Felix Klaus,8551,Hannover 96,Foul Won,76.9,14.1,1,37
06e81224-0c10-4be4-a6b7-2b532ec4e0f8,00:37:59.264,Manuel Schmiedebach,8543,Hannover 96,Pass,76.0,16.1,1,37
db34c7b0-59fb-437e-8551-ed30e283d083,00:38:00.955,Marcelo Antônio Guedes Filho,3164,Hannover 96,Ball Receipt*,58.1,44.4,1,38
8de0948d-2fa1-4100-90cd-1e67a9b1f5fc,00:38:02.149,Marcelo Antônio Guedes Filho,3164,Hannover 96,Pass,56.8,44.9,1,38
516ee324-63e7-4cdf-a301-6210dcf5a7e3,00:38:03.415,Hiroki Sakai,3530,Hannover 96,Ball Receipt*,71.0,70.9,1,38
6abab28e-e0f1-42cc-a1ab-265e09b19dec,00:38:03.415,Hiroki Sakai,3530,Hannover 96,Carry,71.0,70.9,1,38
311b7307-e28a-4deb-a422-12518bd1e889,00:38:04.302,Hiroki Sakai,3530,Hannover 96,Pass,70.6,71.5,1,38
ced8ceac-e8d6-4af3-aba0-758fcd34444e,00:38:05.186,Pierre Bengtsson,20871,FSV Mainz 05,Pressure,36.4,2.8,1,38
c3efa711-11f9-44d6-93b3-b9b14860eb8b,00:38:05.779,Uffe Manich Bech,24244,Hannover 96,Ball Receipt*,82.8,77.7,1,38
bd213ad1-f3b5-40b8-a366-feb29f98f6d2,00:38:05.779,Uffe Manich Bech,24244,Hannover 96,Carry,82.8,77.7,1,38
2c695d48-0dbd-4f35-805f-a73cbd28709e,00:38:05.819,Uffe Manich Bech,24244,Hannover 96,Pass,83.7,76.9,1,38
e4634751-5ec6-4daa-b9b7-2020eb7be9a0,00:38:07.532,Hiroki Sakai,3530,Hannover 96,Ball Receipt*,71.4,76.6,1,38
8f1b29bd-2682-468d-9dcb-81f11c34a24d,00:38:07.532,Hiroki Sakai,3530,Hannover 96,Carry,71.4,76.6,1,38
41ccc46a-0e58-42af-95cc-39f0b647f13f,00:38:08.233,Hiroki Sakai,3530,Hannover 96,Pass,69.4,76.2,1,38
ef9ed004-710e-4216-85e9-6b9c89dab49d,00:38:09.092,Danny Latza,8539,FSV Mainz 05,Pressure,48.7,14.3,1,38
33384bdd-58f9-41b6-8031-3ceee3b99e18,00:38:09.247,Edgar Prib,24914,Hannover 96,Ball Receipt*,74.2,66.5,1,38
fbe83e0a-f179-4bff-9e6e-29954b9b5d1b,00:38:09.247,Edgar Prib,24914,Hannover 96,Carry,74.2,66.5,1,38
8d02e539-09a0-4c0d-8491-07361e51f6bb,00:38:13.325,Danny Latza,8539,FSV Mainz 05,Foul Committed,53.2,17.3,1,38
6aa10593-42b5-4ab9-b12b-35c0119978c2,00:38:13.325,Edgar Prib,24914,Hannover 96,Foul Won,66.9,62.8,1,38
43c02b76-0ecc-4ec0-87c6-b470ca54583e,00:38:13.325,Edgar Prib,24914,Hannover 96,Carry,66.9,62.8,1,38
784ba249-7c8f-4311-bdd6-fdda7cd7f238,00:38:15.507,Yunus Mallı,8679,FSV Mainz 05,Pressure,54.2,34.0,1,38
cbeaa11c-0d66-444c-bd50-475eda1ff8a5,00:38:15.979,Edgar Prib,24914,Hannover 96,Pass,64.7,42.4,1,38
dea06978-f939-4ce0-903e-875112ac8f3c,00:38:18.343,Felix Klaus,8551,Hannover 96,Ball Receipt*,85.9,7.5,1,38
d243d022-54c6-4572-92a4-71bf1ff4e96d,00:38:18.343,Felix Klaus,8551,Hannover 96,Carry,85.9,7.5,1,38
deb2c996-7b08-4870-9e81-7225cc83ad8f,00:38:20.382,Felix Klaus,8551,Hannover 96,Pass,91.0,8.6,1,38
05a5bc6d-8802-425c-8275-4340dc141d3c,00:38:21.740,Oliver Sorg,12316,Hannover 96,Ball Receipt*,107.7,8.8,1,38
1bacf947-1d94-40bb-a488-9c6c86d784b1,00:38:21.740,Oliver Sorg,12316,Hannover 96,Carry,107.7,8.8,1,38
08308614-2de6-4d8f-a21d-68a16143ae27,00:38:22.056,Oliver Sorg,12316,Hannover 96,Pass,111.5,9.3,1,38
b15472fb-683f-4312-abcd-f8e1cc4515ac,00:38:24.397,Uffe Manich Bech,24244,Hannover 96,Ball Receipt*,112.2,44.8,1,38
33747e37-6131-43cb-8556-4b95144139bf,00:38:24.397,Uffe Manich Bech,24244,Hannover 96,Foul Committed,110.6,44.0,1,38
2866362d-f5f2-4a54-aaf4-722c20d5a884,00:38:24.397,Pierre Bengtsson,20871,FSV Mainz 05,Foul Won,9.5,36.1,1,38
dd0849ad-58cd-492f-9b50-86a4e932b4c6,00:39:04.049,Loris Karius,3630,FSV Mainz 05,Pass,6.8,36.1,1,39
68cbcc06-01a5-4094-98b3-e30001458f33,00:39:07.677,Yunus Mallı,8679,FSV Mainz 05,Ball Receipt*,69.7,29.3,1,39
aab93159-325a-4ede-a5d7-30803b7be6cc,00:39:07.677,Salif Sané,5664,Hannover 96,Pass,43.7,50.6,1,39
528b53b5-055e-4899-a422-e793aa9bc599,00:39:08.941,Charlison Benschop,8558,Hannover 96,Ball Receipt*,64.1,47.3,1,39
6841d237-19ec-41be-a88e-7a91ceb54e3a,00:39:08.941,Charlison Benschop,8558,Hannover 96,Carry,64.1,47.3,1,39
b3b7e61f-f00a-48d3-8f8c-b9981241ae4a,00:39:09.022,Charlison Benschop,8558,Hannover 96,Pass,63.0,46.9,1,39
043523cb-f0e6-4681-a484-482b55e80b9a,00:39:09.572,Manuel Schmiedebach,8543,Hannover 96,Ball Receipt*,57.4,47.7,1,39
b5b56f87-8b98-4b94-b6c7-a377604a9dc1,00:39:09.572,Manuel Schmiedebach,8543,Hannover 96,Carry,57.4,47.7,1,39
d468ca79-821a-461c-bab8-09b258c37e4e,00:39:09.652,Manuel Schmiedebach,8543,Hannover 96,Pass,57.4,47.5,1,39
2ac06915-4a65-432a-9136-5e69f3d10f34,00:39:10.912,Charlison Benschop,8558,Hannover 96,Ball Receipt*,65.7,51.0,1,39
6429269a-0fd5-4886-9fad-16030722470e,00:39:10.912,Stefan Bell,8559,FSV Mainz 05,Pass,52.1,30.4,1,39
34eb090f-5270-4164-add7-7ed9f43c9a65,00:39:11.805,Oliver Sorg,12316,Hannover 96,Pressure,51.5,36.3,1,39
5542fb0b-f3b0-4fe4-a0df-888972b86a06,00:39:11.869,Christian Clemens,9098,FSV Mainz 05,Ball Receipt*,67.5,43.8,1,39
02d59edb-778e-4ecd-8619-0fd4e13daa8b,00:39:11.869,Christian Clemens,9098,FSV Mainz 05,Carry,67.5,43.8,1,39
f3c12cca-0561-4c2d-b95b-1e9050467bc9,00:39:12.384,Christian Clemens,9098,FSV Mainz 05,Dispossessed,68.8,44.1,1,39
588a7b4e-76ee-4cee-bb5d-4de893cab096,00:39:12.384,Oliver Sorg,12316,Hannover 96,Duel,51.3,36.0,1,39
fad22c4b-2d5d-46e5-8b33-ff1df049e8cf,00:39:13.507,Julian Baumgartlinger,20037,FSV Mainz 05,Ball Recovery,67.2,42.1,1,39
6614d906-7735-4251-828d-060aba352a86,00:39:13.507,Julian Baumgartlinger,20037,FSV Mainz 05,Carry,67.2,42.1,1,39
23d4f247-be8c-4c9f-92bc-df1304d3bbff,00:39:14.762,Julian Baumgartlinger,20037,FSV Mainz 05,Pass,72.1,44.1,1,39
793272bc-cf08-41d6-87b2-c15c9260dac9,00:39:17.467,Christian Clemens,9098,FSV Mainz 05,Ball Receipt*,108.1,63.8,1,39
5525161a-4a2c-4128-a9b1-d31407111994,00:39:17.467,Christian Clemens,9098,FSV Mainz 05,Carry,108.1,63.8,1,39
7f940e92-1734-47fc-80f4-fb5234d90bdf,00:39:17.979,Christian Clemens,9098,FSV Mainz 05,Pass,109.9,63.7,1,39
fa46bb93-a471-4507-967f-4d96b2d7210e,00:39:19.456,Yunus Mallı,8679,FSV Mainz 05,Ball Receipt*,108.6,35.0,1,39
84036d17-0205-4c4b-94df-3606e8bc2d2e,00:39:19.456,Marcelo Antônio Guedes Filho,3164,Hannover 96,Clearance,8.9,43.8,1,39
88d663b3-6400-4c47-b4cb-95c1bd2a850b,00:39:42.361,Christian Clemens,9098,FSV Mainz 05,Pass,120.0,80.0,1,39
32aac180-02a7-42da-abb8-529de0d21a5e,00:39:43.825,Yoshinori Muto,6337,FSV Mainz 05,Ball Receipt*,111.7,39.0,1,39
1ccdcb14-4960-4122-a7e9-62a9319307ac,00:39:43.825,Yoshinori Muto,6337,FSV Mainz 05,Foul Committed,111.2,40.1,1,39
7343062f-4ce2-49d9-a54f-b8fb531ef823,00:39:43.825,Hiroki Sakai,3530,Hannover 96,Foul Won,8.9,40.0,1,39
fbafa99a-8fdf-415c-af69-eb5f80ec90fd,00:40:01.792,Ron-Robert Zieler,8947,Hannover 96,Pass,6.6,38.0,1,40
a66d6115-c9dc-4e61-9fef-745c4e6bbcc9,00:40:03.362,Christian Schulz,400614,Hannover 96,Ball Receipt*,23.3,10.0,1,40
20e286a0-5184-4e10-b66e-8d5fecf87192,00:40:04.909,Christian Schulz,400614,Hannover 96,Pass,23.3,10.4,1,40
a2f140e1-62a5-448e-89cb-f399cb795f0d,00:40:06.976,Salif Sané,5664,Hannover 96,Ball Receipt*,24.1,34.9,1,40
e9650da1-f2c6-43b4-84d0-14a3de796bee,00:40:08.508,Salif Sané,5664,Hannover 96,Pass,28.2,37.3,1,40
dc891ac6-fee5-48ea-a524-8d60fda4dd08,00:40:10.626,Marcelo Antônio Guedes Filho,3164,Hannover 96,Ball Receipt*,42.5,68.3,1,40
c6a69371-56e9-4f91-aeb2-2f628833aecf,00:40:10.626,Marcelo Antônio Guedes Filho,3164,Hannover 96,Carry,42.5,68.3,1,40
643e1c67-cbeb-46d2-bbe1-e0bb842a577f,00:40:12.144,Marcelo Antônio Guedes Filho,3164,Hannover 96,Pass,42.9,67.5,1,40
68e21237-0bcd-4188-ac7a-6703a977f617,00:40:13.461,Hiroki Sakai,3530,Hannover 96,Ball Receipt*,49.8,76.9,1,40
7b699a34-e133-48bc-9f37-3db60646a1a4,00:40:13.461,Hiroki Sakai,3530,Hannover 96,Pass,49.6,76.4,1,40
68f2e388-f2e0-4cc5-afb7-b44fe29fda06,00:40:15.076,Marcelo Antônio Guedes Filho,3164,Hannover 96,Ball Receipt*,38.7,69.1,1,40
0cc1bd86-2a3f-4561-a88e-9a1ad9570b48,00:40:15.076,Marcelo Antônio Guedes Filho,3164,Hannover 96,Carry,38.7,69.1,1,40
282a37dd-f10c-444c-90eb-6cdf0d540e0e,00:40:16.287,Marcelo Antônio Guedes Filho,3164,Hannover 96,Pass,36.7,68.1,1,40
d217b0d8-4ae5-4314-888b-1849935dd4e4,00:40:18.840,Christian Schulz,400614,Hannover 96,Ball Receipt*,34.5,15.1,1,40
7c23594b-5eb7-4050-96a6-b885aad883ef,00:40:18.840,Christian Schulz,400614,Hannover 96,Carry,34.5,15.1,1,40
c9d7248e-91d9-4ae4-88ac-7e55207ebda7,00:40:21.155,Christian Schulz,400614,Hannover 96,Pass,35.8,13.3,1,40
ba5184c9-642b-4e2f-830c-2eed1da57a5b,00:40:22.595,Manuel Schmiedebach,8543,Hannover 96,Ball Receipt*,55.7,5.8,1,40
4547fd82-4663-4342-a28c-2401bfe94d92,00:40:22.595,Manuel Schmiedebach,8543,Hannover 96,Carry,55.7,5.8,1,40
e0c67b11-8a0f-42c0-a695-1c1e9587c8a4,00:40:23.857,Manuel Schmiedebach,8543,Hannover 96,Pass,55.9,7.8,1,40
2ebaea96-0069-4171-9488-69f3a7fb3dd7,00:40:24.807,Niko Bungert,13319,FSV Mainz 05,Pressure,40.6,56.9,1,40
02457d21-81f5-4783-bef8-604c8fdaed5c,00:40:25.225,Charlison Benschop,8558,Hannover 96,Ball Receipt*,77.7,23.0,1,40
899c8886-4418-4412-9920-cdcbda5f0b19,00:40:25.225,Charlison Benschop,8558,Hannover 96,Pass,77.5,21.8,1,40
06d3ba85-c56e-4f36-9db5-201b9c82c8a4,00:40:25.602,Oliver Sorg,12316,Hannover 96,Pressure,77.5,7.6,1,40
1df9ea03-262b-452f-b593-44a15118493c,00:40:25.978,Oliver Sorg,12316,Hannover 96,Ball Receipt*,78.6,9.1,1,40
f3abb886-a0bb-449f-a90a-8b4d40cd7ab8,00:40:25.978,Leon Aderemi Balogun,5467,FSV Mainz 05,Pass,40.8,69.1,1,40
1d6b3a9f-f137-4757-9651-86db186f27c0,00:40:27.922,Yunus Mallı,8679,FSV Mainz 05,Ball Receipt*,64.8,66.2,1,40
6037a059-2a1a-4800-85a9-cfae31b6c41e,00:40:27.922,Yunus Mallı,8679,FSV Mainz 05,Carry,64.8,66.2,1,40
aae6b9b0-c9d7-4a58-a1c5-f94bf2c1ad5c,00:40:27.926,Yunus Mallı,8679,FSV Mainz 05,Pass,64.4,67.9,1,40
a2c55cb8-48f0-468e-ab12-db48e1e0da3f,00:40:29.099,Christian Clemens,9098,FSV Mainz 05,Ball Receipt*,69.3,75.0,1,40
a070fcfb-4d8a-42bd-a747-18cee8401c1f,00:40:29.099,Christian Clemens,9098,FSV Mainz 05,Carry,69.3,75.0,1,40
200eec00-bd82-4984-a7b8-41a0b92de084,00:40:29.476,Christian Clemens,9098,FSV Mainz 05,Pass,70.8,76.0,1,40
8ab98cbf-1afd-4fee-9312-6d5fb209df8d,00:40:32.907,Marcelo Antônio Guedes Filho,3164,Hannover 96,Pressure,11.9,18.1,1,40
1a62b34d-53ca-4c78-bd9f-629cecad3c82,00:40:33.061,Yoshinori Muto,6337,FSV Mainz 05,Ball Receipt*,107.2,61.7,1,40
ea7f325e-5d27-4720-8bd0-0b9f2dd48ec1,00:40:33.061,Yoshinori Muto,6337,FSV Mainz 05,Carry,107.2,61.7,1,40
9f1921c3-6c36-402e-9c2a-7cffd7acdde3,00:40:33.324,Yoshinori Muto,6337,FSV Mainz 05,Miscontrol,109.9,63.5,1,40
0a531010-541c-46ee-8461-24088701f7a7,00:40:33.663,Yoshinori Muto,6337,FSV Mainz 05,Pressure,110.3,66.6,1,40
76d4e35f-e5d5-4043-a943-c2b3e714c9eb,00:40:34.644,Marcelo Antônio Guedes Filho,3164,Hannover 96,Ball Recovery,8.9,10.4,1,40
6302d594-61e7-4ee0-b45f-bd234092fa2f,00:40:34.644,Marcelo Antônio Guedes Filho,3164,Hannover 96,Carry,8.9,10.4,1,40
199851fa-a4d3-4df5-af06-277722bc7dc1,00:40:36.137,Marcelo Antônio Guedes Filho,3164,Hannover 96,Pass,10.0,8.6,1,40
c65ecd1f-6035-447e-af11-241a077368e1,00:40:38.211,Charlison Benschop,8558,Hannover 96,Ball Receipt*,46.0,12.8,1,40
8d61717e-a292-469a-a550-c15101976c0b,00:40:38.211,Julian Baumgartlinger,20037,FSV Mainz 05,Pass,75.4,68.3,1,40
63bdf1d5-9415-46f8-82c4-c0b21e2c6a39,00:40:39.576,Leon Aderemi Balogun,5467,FSV Mainz 05,Ball Receipt*,76.2,75.8,1,40
47a34a2e-6e55-4e49-b76b-c7dbf0641a0a,00:40:39.576,Leon Aderemi Balogun,5467,FSV Mainz 05,Carry,76.2,75.8,1,40
5bf49f78-7c40-44af-8861-90f8accaa9e7,00:40:40.044,Charlison Benschop,8558,Hannover 96,Pressure,43.7,5.1,1,40
63c1a6f6-b6d8-4584-a271-d432e3e2ad5e,00:40:41.148,Manuel Schmiedebach,8543,Hannover 96,Pressure,42.7,5.1,1,40
0a1456ba-4543-4efb-9773-64a420e77c9f,00:40:41.488,Leon Aderemi Balogun,5467,FSV Mainz 05,Pass,84.3,73.4,1,40
43f4b005-1cc9-4765-9a88-26476cc63615,00:40:41.695,Yunus Mallı,8679,FSV Mainz 05,Ball Receipt*,88.2,69.1,1,40
8da3742d-1a15-4290-95b8-7f1436170181,00:40:41.695,Manuel Schmiedebach,8543,Hannover 96,Block,33.3,7.8,1,40
27f44b02-6342-4f0c-bdb2-ce0010bc5906,00:40:52.367,Leon Aderemi Balogun,5467,FSV Mainz 05,Pass,85.0,80.0,1,40
2abc2737-a472-49e3-8155-a7e03863c09e,00:40:54.574,Niko Bungert,13319,FSV Mainz 05,Ball Receipt*,56.7,70.5,1,40
c1657ed7-09a5-43b6-bde5-781381f534de,00:40:54.574,Niko Bungert,13319,FSV Mainz 05,Carry,56.7,70.5,1,40
ca12c2ac-31d1-4560-80cf-569b11e8e2ff,00:40:56.393,Niko Bungert,13319,FSV Mainz 05,Pass,55.2,69.7,1,40
8802c63d-9bdd-4b3a-a222-b9ec1a866c70,00:40:59.388,Stefan Bell,8559,FSV Mainz 05,Ball Receipt*,53.8,35.2,1,40
7cb49af1-bce1-49bf-928a-8f71bf38c7cc,00:40:59.388,Stefan Bell,8559,FSV Mainz 05,Carry,53.8,35.2,1,40
d7abaf7d-df71-468e-9f6a-bb2d138fa7d2,00:41:02.083,Stefan Bell,8559,FSV Mainz 05,Pass,62.9,39.5,1,41
13831db6-0d01-4ac5-b5ba-01db9c955e46,00:41:05.706,Pierre Bengtsson,20871,FSV Mainz 05,Ball Receipt*,114.9,4.8,1,41
cb6b73d9-f31d-4698-b8cf-8c30a0b04b5e,00:41:27.987,Ron-Robert Zieler,8947,Hannover 96,Pass,6.7,72.6,1,41
0d07a4aa-79db-40a5-9cda-91c4348809d5,00:41:31.811,Charlison Benschop,8558,Hannover 96,Ball Receipt*,83.0,66.5,1,41
819168b2-ca13-46ce-bfa5-2ae36ec982c3,00:41:31.811,Charlison Benschop,8558,Hannover 96,Pass,82.4,65.6,1,41
89c9e08d-a864-42f1-b09c-87ae36356147,00:41:33.591,Manuel Schmiedebach,8543,Hannover 96,Ball Receipt*,71.4,64.0,1,41
cd494b85-0637-44fa-ab09-d8c9e4057479,00:41:33.671,Manuel Schmiedebach,8543,Hannover 96,Pass,71.0,62.7,1,41
57fd184c-6ff5-453d-b3ac-44ba6d86ba6f,00:41:34.573,Danny Latza,8539,FSV Mainz 05,Pressure,40.5,24.5,1,41
0aa8d771-2c45-48e3-97f5-7b3ceca6d082,00:41:35.149,Charlison Benschop,8558,Hannover 96,Ball Receipt*,80.0,56.7,1,41
a49337ee-9d33-45ad-b58c-39b06685fc18,00:41:35.149,Charlison Benschop,8558,Hannover 96,Carry,80.0,56.7,1,41
ab2efdb1-a71d-41fd-89d4-e49c4bc5032e,00:41:36.047,Charlison Benschop,8558,Hannover 96,Pass,77.3,55.0,1,41
c5c3813d-59b3-46dc-830d-948ba84ba67b,00:41:37.623,Oliver Sorg,12316,Hannover 96,Ball Receipt*,63.4,41.4,1,41
7f828a27-aaba-4116-848b-211a612e5034,00:41:37.623,Oliver Sorg,12316,Hannover 96,Carry,63.4,41.4,1,41
f6f941dd-a9a5-4cf9-9808-c150b24e625a,00:41:39.929,Oliver Sorg,12316,Hannover 96,Pass,64.1,39.3,1,41
09123fb6-9118-44d5-8ae2-fc2cebd48b74,00:41:40.924,Christian Schulz,400614,Hannover 96,Ball Receipt*,48.4,40.0,1,41
d74746f4-072e-4a0b-90a3-dcade95c2c12,00:41:40.924,Christian Schulz,400614,Hannover 96,Carry,48.4,40.0,1,41
4c3b5ee1-557b-4b6a-b725-30ea250d9cb1,00:41:42.243,Christian Schulz,400614,Hannover 96,Pass,48.4,40.4,1,41
8d20f757-618c-4276-b154-00b7566135c8,00:41:44.022,Jairo Samperio Bustara,6925,FSV Mainz 05,Pressure,52.1,10.8,1,41
5aff229a-9ca2-4e5e-952b-a199ccb706c7,00:41:44.528,Hiroki Sakai,3530,Hannover 96,Ball Receipt*,64.7,69.1,1,41
c46b4812-49fc-46c7-b30a-7d1ea302ecf8,00:41:44.528,Hiroki Sakai,3530,Hannover 96,Pass,64.3,68.5,1,41
3eae1236-031a-45db-a69e-0b4ec7a4cc73,00:41:48.470,Uffe Manich Bech,24244,Hannover 96,Ball Receipt*,82.8,69.1,1,41
b59bae1b-d9d2-4f35-9f39-1311ec8a99a4,00:41:48.470,Stefan Bell,8559,FSV Mainz 05,Ball Recovery,19.2,7.7,1,41
48ecfd99-f5b4-476b-a2d2-79cb00f3cf74,00:41:48.470,Stefan Bell,8559,FSV Mainz 05,Carry,19.2,7.7,1,41
c49fa8f1-7b3d-495f-9621-261c4e8def55,00:41:49.337,Stefan Bell,8559,FSV Mainz 05,Pass,16.5,8.5,1,41
d221f9af-4a73-4ecf-b365-0f8f4b8fb5be,00:41:51.771,Loris Karius,3630,FSV Mainz 05,Ball Receipt*,9.2,31.6,1,41
a65e26d5-7ab6-45ce-98bf-836c86e56f04,00:41:51.771,Loris Karius,3630,FSV Mainz 05,Carry,9.2,31.6,1,41
d7cd26a4-3840-4f62-b8cf-2ee7066e3b28,00:41:53.851,Manuel Schmiedebach,8543,Hannover 96,Pressure,106.5,50.2,1,41
343081da-9a28-42ca-9a07-c5873eccf24c,00:41:53.862,Loris Karius,3630,FSV Mainz 05,Pass,9.0,32.6,1,41
de82be79-2239-4d33-93e6-160e991a532a,00:41:57.121,Leon Aderemi Balogun,5467,FSV Mainz 05,Ball Receipt*,56.7,68.3,1,41
837fdf10-6021-4ee3-bf58-c276e1294409,00:41:57.121,Leon Aderemi Balogun,5467,FSV Mainz 05,Pass,58.9,70.3,1,41
639d2bff-eb88-4369-a6a0-129cd6e6b3d3,00:41:57.121,Felix Klaus,8551,Hannover 96,Duel,61.2,9.8,1,41
95bc5f8f-a259-4257-b280-59833d4ce709,00:42:00.071,Christian Clemens,9098,FSV Mainz 05,Ball Receipt*,65.8,71.5,1,42
b7950daf-a8b0-4f19-a3ff-3f25c687d6c9,00:42:00.071,Oliver Sorg,12316,Hannover 96,Ball Recovery,42.7,17.5,1,42
cae38d8a-29de-46b7-b15f-4c52e7151071,00:42:00.071,Oliver Sorg,12316,Hannover 96,Carry,42.7,17.5,1,42
c61ed4fa-0d32-4ebf-bc58-b715d8d43265,00:42:03.081,Oliver Sorg,12316,Hannover 96,Pass,50.0,21.0,1,42
a8137946-bba8-4087-979e-eff42a1a6b19,00:42:04.127,Salif Sané,5664,Hannover 96,Ball Receipt*,43.9,31.0,1,42
4c8dac2b-a43a-42ce-b158-897bb898f412,00:42:04.127,Salif Sané,5664,Hannover 96,Carry,43.9,31.0,1,42
1406d068-b384-42b0-a63d-f658e9650a5e,00:42:05.751,Salif Sané,5664,Hannover 96,Pass,48.8,32.9,1,42
fa0c88e0-7e9e-4fb1-b0f4-1d75dec4a701,00:42:08.078,Uffe Manich Bech,24244,Hannover 96,Ball Receipt*,91.2,50.6,1,42
9e3e38ee-2a61-49c6-8ef4-0e4f3d47ab98,00:42:08.078,Uffe Manich Bech,24244,Hannover 96,Duel,91.2,51.6,1,42
86db4774-36f2-45d0-95d3-57880f749bf1,00:42:08.078,Pierre Bengtsson,20871,FSV Mainz 05,Pass,28.9,28.5,1,42
920ed455-e7a4-4f06-a1ed-7d17e05434c7,00:42:08.954,Stefan Bell,8559,FSV Mainz 05,Ball Receipt*,33.8,26.2,1,42
844e1953-3b67-45a5-ba31-eae640623929,00:42:08.954,Stefan Bell,8559,FSV Mainz 05,Carry,33.8,26.2,1,42
9ea04bea-9095-4149-9b9f-8bf42cb75d1c,00:42:12.107,Stefan Bell,8559,FSV Mainz 05,Pass,48.5,18.1,1,42
c4f1e4fe-0a7c-4bc6-8bc3-ab93b05bae21,00:42:13.549,Yoshinori Muto,6337,FSV Mainz 05,Ball Receipt*,70.3,14.3,1,42
503c4d71-6455-4f71-9d2f-41147961f516,00:42:13.549,Yoshinori Muto,6337,FSV Mainz 05,Carry,70.3,14.3,1,42
8989773f-0ca1-42ac-b3d9-4704a3a867c7,00:42:15.914,Yoshinori Muto,6337,FSV Mainz 05,Pass,63.5,15.9,1,42
42af05b3-856c-48b1-9a2c-cc4522861893,00:42:20.495,Christian Clemens,9098,FSV Mainz 05,Ball Receipt*,112.7,72.6,1,42
bf0b818a-5812-48c2-a66b-826687415d29,00:42:30.438,Ron-Robert Zieler,8947,Hannover 96,Pass,7.0,36.1,1,42
ab85e750-74c3-4a50-b90d-c9f6ec204df8,00:42:32.205,Marcelo Antônio Guedes Filho,3164,Hannover 96,Ball Receipt*,18.6,58.3,1,42
9c860582-5b01-4aa1-9c78-3cf349afb582,00:42:33.274,Marcelo Antônio Guedes Filho,3164,Hannover 96,Pass,21.5,59.9,1,42
a069e072-783f-438b-b8ad-4b5eed94d241,00:42:34.720,Salif Sané,5664,Hannover 96,Ball Receipt*,28.6,49.9,1,42
9b8cd1c2-e727-47a3-8f62-5306b2cd6b7d,00:42:34.720,Salif Sané,5664,Hannover 96,Carry,28.6,49.9,1,42
91355f2e-279a-4eea-b60f-3de4cd335b8c,00:42:36.342,Salif Sané,5664,Hannover 96,Pass,35.6,45.5,1,42
6c16dfde-0ef3-4485-a2f2-f10f946421e1,00:42:36.864,Danny Latza,8539,FSV Mainz 05,Pressure,73.5,39.5,1,42
c024f07a-bfff-48c3-aaa2-6d7b20e9c5cc,00:42:37.163,Edgar Prib,24914,Hannover 96,Ball Receipt*,44.0,42.8,1,42
407fe353-2afc-4b71-8b50-910f6b35b0c9,00:42:37.163,Edgar Prib,24914,Hannover 96,Pass,43.5,41.6,1,42
0939cc74-b273-4d44-a265-54763c43bc29,00:42:38.119,Salif Sané,5664,Hannover 96,Ball Receipt*,31.5,50.8,1,42
2f6bc83e-589e-4b9a-a25d-b5b093f50952,00:42:38.119,Salif Sané,5664,Hannover 96,Carry,31.5,50.8,1,42
3a4fedb5-2005-440e-8939-e49ef4dfddbf,00:42:39.446,Salif Sané,5664,Hannover 96,Pass,34.3,49.9,1,42
48e62a53-7e13-4a62-b778-4fb6c6383d44,00:42:41.367,Hiroki Sakai,3530,Hannover 96,Ball Receipt*,51.9,75.3,1,42
3394a29d-45b1-406d-af2c-b2063f8fcedb,00:42:41.367,Hiroki Sakai,3530,Hannover 96,Pass,51.7,75.1,1,42
b9007608-d77d-4ffd-abd1-84b3bf9e799a,00:42:42.313,Manuel Schmiedebach,8543,Hannover 96,Ball Receipt*,51.3,69.3,1,42
3b55ceca-2c7b-4e75-93b1-cd2a14019fa1,00:42:42.313,Manuel Schmiedebach,8543,Hannover 96,Carry,51.3,69.3,1,42
a851dcab-94b3-483e-b2df-2241546a9a09,00:42:42.629,Manuel Schmiedebach,8543,Hannover 96,Pass,49.8,69.1,1,42
47f8750c-9afe-4412-8fb2-bbfa5919913d,00:42:43.292,Pierre Bengtsson,20871,FSV Mainz 05,Pressure,56.4,6.8,1,42
6b0370cd-2db2-40ea-831c-409400d6c7d3,00:42:43.562,Uffe Manich Bech,24244,Hannover 96,Ball Receipt*,62.7,74.8,1,42
fc21a116-5f6f-4b93-a635-2047bf07682c,00:42:43.562,Uffe Manich Bech,24244,Hannover 96,Carry,62.7,74.8,1,42
d0297f42-f969-4c60-8df5-a0514c9ba62f,00:42:43.642,Uffe Manich Bech,24244,Hannover 96,Pass,65.1,72.2,1,42
bd142345-0384-4fb7-8568-93339a9d9524,00:42:43.750,Christian Schulz,400614,Hannover 96,Ball Receipt*,68.7,77.5,1,42
f82ecea1-690d-4e67-9b9f-4e48130aff17,00:42:43.750,Pierre Bengtsson,20871,FSV Mainz 05,Block,55.4,5.1,1,42
76f28991-2fe8-4d66-94c9-8f8a70e6faa7,00:42:43.830,Pierre Bengtsson,20871,FSV Mainz 05,Foul Committed,54.6,4.3,1,42
e45835d3-343f-4641-a8f3-aeaa126e055a,00:42:51.476,Manuel Schmiedebach,8543,Hannover 96,Pass,63.0,75.5,1,42
de4aeecf-ad52-4ee0-99ad-d13e8940ed05,00:42:54.684,Marcelo Antônio Guedes Filho,3164,Hannover 96,Ball Receipt*,49.2,71.8,1,42
c075fc79-8dc5-4bdb-94ad-1fdda83735cb,00:42:55.222,Marcelo Antônio Guedes Filho,3164,Hannover 96,Pass,43.3,70.0,1,42
a105cb2e-fe6b-4a3c-be13-9c78e222f94d,00:42:57.003,Salif Sané,5664,Hannover 96,Ball Receipt*,42.9,43.8,1,42
de2d4d66-a46a-4cd8-a1ca-96895708bdbc,00:42:57.003,Salif Sané,5664,Hannover 96,Carry,42.9,43.8,1,42
3ecc3c65-08bb-4a07-8b16-5690020423a5,00:43:02.802,Salif Sané,5664,Hannover 96,Pass,56.3,46.1,1,43
b580d347-ff78-4059-8f34-4b6f6d314807,00:43:03.586,Stefan Bell,8559,FSV Mainz 05,Pressure,37.0,33.5,1,43
ab657294-4dce-4a36-af5c-bdeafe166e3d,00:43:03.876,Charlison Benschop,8558,Hannover 96,Ball Receipt*,82.2,46.1,1,43
c75e22dc-826a-4892-bcf8-1337fcc4e840,00:43:03.876,Charlison Benschop,8558,Hannover 96,Carry,82.2,46.1,1,43
093d7e7c-2880-4cdc-a240-eeb6a9f9d6dc,00:43:03.980,Charlison Benschop,8558,Hannover 96,Dispossessed,83.1,46.3,1,43
35f0148a-cdf3-477c-b6f8-b9bafa140a0c,00:43:03.980,Stefan Bell,8559,FSV Mainz 05,Duel,37.0,33.8,1,43
e6384982-6004-48bc-a6fa-e2a43e6bc131,00:43:03.980,Stefan Bell,8559,FSV Mainz 05,Carry,37.0,33.8,1,43
2a7aede8-18fb-48c3-a479-0a27255fb807,00:43:04.661,Edgar Prib,24914,Hannover 96,Pressure,83.5,44.0,1,43
2ec19e6e-5fd2-49ad-90aa-ff03f449e2fd,00:43:05.552,Edgar Prib,24914,Hannover 96,Foul Committed,84.1,44.2,1,43
70f026ab-d444-4fe0-bba3-92fc66e1f869,00:43:05.552,Stefan Bell,8559,FSV Mainz 05,Foul Won,36.0,35.9,1,43
347c9e9b-e435-4ad2-bf3d-745e7b6026a5,00:43:21.432,Loris Karius,3630,FSV Mainz 05,Pass,24.4,35.5,1,43
65009222-796e-4fc5-a17a-689f1463b148,00:43:22.901,Niko Bungert,13319,FSV Mainz 05,Ball Receipt*,28.5,46.7,1,43
17c354c6-5b13-419c-8ed7-374467b400e4,00:43:22.901,Niko Bungert,13319,FSV Mainz 05,Carry,28.5,46.7,1,43
4beafe0c-f990-4417-977b-2e4829df4e35,00:43:26.887,Niko Bungert,13319,FSV Mainz 05,Pass,27.5,44.1,1,43
5ba7a646-2e75-489a-b152-8168d329ceda,00:43:28.527,Loris Karius,3630,FSV Mainz 05,Ball Receipt*,12.4,35.7,1,43
671400e7-a52f-4530-bfce-67f466b049c3,00:43:28.527,Loris Karius,3630,FSV Mainz 05,Carry,12.4,35.7,1,43
b6754c0f-b5a1-48d4-bc2a-943fa9f80b97,00:43:31.312,Loris Karius,3630,FSV Mainz 05,Pass,15.4,36.3,1,43
49deaa7d-3b55-43f2-87f1-00c19ce986fb,00:43:34.580,Jairo Samperio Bustara,6925,FSV Mainz 05,Ball Receipt*,73.7,16.3,1,43
1b58cd65-b975-465c-bddd-2046665abb81,00:43:34.580,Hiroki Sakai,3530,Hannover 96,Pass,45.5,64.2,1,43
14682b29-f32d-4c4f-9699-0955420b5607,00:43:34.580,Jairo Samperio Bustara,6925,FSV Mainz 05,Duel,74.6,15.9,1,43
d3b9f2d3-5617-4432-ab04-5ed17328045d,00:43:35.211,Edgar Prib,24914,Hannover 96,Pressure,56.1,63.6,1,43
0bddac33-322d-4fd6-8704-a9ba59cf3df0,00:43:35.688,Edgar Prib,24914,Hannover 96,Ball Receipt*,56.3,63.8,1,43
951141cc-3a97-4027-b815-352010f05ed8,00:43:35.688,Danny Latza,8539,FSV Mainz 05,Pass,64.6,16.3,1,43
d221f2a3-cf3f-44e2-a9c3-83a688494477,00:43:36.409,Pierre Bengtsson,20871,FSV Mainz 05,Ball Receipt*,63.8,11.4,1,43
64a614e0-9c75-4c37-879f-415c4afffab5,00:43:36.409,Pierre Bengtsson,20871,FSV Mainz 05,Carry,63.8,11.4,1,43
2a58f429-ab44-4de8-bdeb-32cf6a306e62,00:43:37.590,Pierre Bengtsson,20871,FSV Mainz 05,Pass,64.4,9.6,1,43
53ca0496-9f1f-46eb-869d-2c7c850bc6ba,00:43:38.452,Yunus Mallı,8679,FSV Mainz 05,Ball Receipt*,65.2,27.1,1,43
bea95389-141e-4f9d-855f-dce5bdbd7cab,00:43:38.452,Yunus Mallı,8679,FSV Mainz 05,Carry,65.2,27.1,1,43
991f2af5-e01f-47b1-852c-a84820bbabcf,00:43:38.735,Felix Klaus,8551,Hannover 96,Pressure,53.5,50.8,1,43
2a996811-b75d-40c1-b24b-e144ce9e4f05,00:43:40.807,Yunus Mallı,8679,FSV Mainz 05,Pass,79.0,20.7,1,43
9b181c1c-fb49-4a5d-bfaa-1c324a747bbb,00:43:41.689,Jairo Samperio Bustara,6925,FSV Mainz 05,Ball Receipt*,94.4,20.2,1,43
f9c8dfed-cb33-4927-8028-775c7345f73e,00:43:57.161,Ron-Robert Zieler,8947,Hannover 96,Pass,24.4,59.4,1,43
d42e1d2b-5a1c-4b18-9706-8d44e692c95c,00:44:00.008,Marcelo Antônio Guedes Filho,3164,Hannover 96,Ball Receipt*,35.8,74.0,1,44
1326bce5-2e69-4489-ae5c-d11cf4801fe3,00:44:02.383,Marcelo Antônio Guedes Filho,3164,Hannover 96,Pass,35.6,73.8,1,44
d2604157-10e8-4fdb-bb33-42c7e4e5186e,00:44:03.890,Ron-Robert Zieler,8947,Hannover 96,Ball Receipt*,22.6,59.1,1,44
8b87189c-a017-43d2-a8e1-a5d957a17514,00:44:03.890,Ron-Robert Zieler,8947,Hannover 96,Carry,22.6,59.1,1,44
6c7cf79c-2782-46bb-abb9-db185e90e072,00:44:06.313,Ron-Robert Zieler,8947,Hannover 96,Pass,26.6,59.4,1,44
86fd6c74-12b3-4174-9610-0e022e76c4d6,00:44:07.192,Marcelo Antônio Guedes Filho,3164,Hannover 96,Ball Receipt*,37.8,69.7,1,44
616c6395-ef96-40b8-b47c-956074ff0c05,00:44:07.192,Marcelo Antônio Guedes Filho,3164,Hannover 96,Carry,37.8,69.7,1,44
8c679f41-4ae5-49cb-8ad5-4604f5e6cf1f,00:44:08.871,Marcelo Antônio Guedes Filho,3164,Hannover 96,Pass,42.5,72.0,1,44
45772b28-707a-4705-b6b1-895a70c10f20,00:44:09.903,Hiroki Sakai,3530,Hannover 96,Ball Receipt*,55.7,77.5,1,44
7a96329b-18b7-4fb6-b74c-939fcc605ef5,00:44:09.903,Hiroki Sakai,3530,Hannover 96,Carry,55.7,77.5,1,44
074090ef-3f54-4bc8-b4bd-22661b73c615,00:44:10.529,Hiroki Sakai,3530,Hannover 96,Pass,54.3,77.1,1,44
2d31bc52-769f-49fa-98b5-ff81b35ff506,00:44:11.581,Marcelo Antônio Guedes Filho,3164,Hannover 96,Ball Receipt*,42.7,74.0,1,44
f4e2e8be-b2a5-4fde-8058-e618043ec4e0,00:44:11.581,Marcelo Antônio Guedes Filho,3164,Hannover 96,Carry,42.7,74.0,1,44
17d4bc85-e7ec-44c4-8b00-41946ba65f14,00:44:13.671,Marcelo Antônio Guedes Filho,3164,Hannover 96,Pass,37.8,72.0,1,44
83d6071e-e167-4dc5-a500-6098b1e419c4,00:44:15.580,Christian Schulz,400614,Hannover 96,Ball Receipt*,34.3,28.7,1,44
2bee3ac4-e47b-492f-a35d-f238fefd2a9c,00:44:15.580,Christian Schulz,400614,Hannover 96,Carry,34.3,28.7,1,44
5eb5643a-ec2c-4bf0-a201-46c7a2823d74,00:44:18.346,Christian Schulz,400614,Hannover 96,Pass,38.4,29.0,1,44
942d1bf9-87b3-42c2-bc26-5664a11cd33b,00:44:20.882,Marcelo Antônio Guedes Filho,3164,Hannover 96,Ball Receipt*,46.6,65.8,1,44
35e91a74-5d32-4b6f-8c7a-c5a647b0d804,00:44:20.882,Marcelo Antônio Guedes Filho,3164,Hannover 96,Carry,46.6,65.8,1,44
73ceb511-2c02-407b-81a6-c1826d153084,00:44:22.496,Marcelo Antônio Guedes Filho,3164,Hannover 96,Pass,49.0,68.3,1,44
52656177-6aca-4055-aab3-05392132865b,00:44:24.166,Hiroki Sakai,3530,Hannover 96,Ball Receipt*,77.3,77.3,1,44
423ab47f-7bb7-4915-824e-dd23baa5fe98,00:44:24.166,Hiroki Sakai,3530,Hannover 96,Carry,77.3,77.3,1,44
b61057fc-1373-4573-b533-d83f9f5fd800,00:44:25.244,Hiroki Sakai,3530,Hannover 96,Miscontrol,77.3,76.4,1,44
5b5f9d3e-2ba8-47fd-91ca-a519964a04ed,00:44:26.137,Hiroki Sakai,3530,Hannover 96,Pressure,82.8,76.2,1,44
80b3ca19-78b4-4e34-bc65-a1da7b94940c,00:44:26.583,Jairo Samperio Bustara,6925,FSV Mainz 05,Pass,35.2,5.3,1,44
89aa4953-9444-41e3-b905-df55c7a9e643,00:44:27.464,Danny Latza,8539,FSV Mainz 05,Ball Receipt*,39.3,11.4,1,44
1ad30664-f38f-4e3e-b04f-d434073853f8,00:44:27.464,Danny Latza,8539,FSV Mainz 05,Carry,39.3,11.4,1,44
85a64d33-453a-47a2-be55-f7b4976cc14a,00:44:29.575,Danny Latza,8539,FSV Mainz 05,Pass,48.9,17.1,1,44
76cdac49-2c5d-4f5e-8255-321dcd27259c,00:44:35.605,Christian Clemens,9098,FSV Mainz 05,Ball Receipt*,91.1,40.6,1,44
f3ec4885-4ecf-4945-9cbb-1d8272749bbb,00:44:35.605,Ron-Robert Zieler,8947,Hannover 96,Ball Recovery,3.2,11.5,1,44
d561e8db-890a-42f2-9650-1b8beb42bac8,00:44:35.605,Ron-Robert Zieler,8947,Hannover 96,Carry,3.2,11.5,1,44
36e5bb57-c058-4b7a-85c5-d58d7a9bac26,00:44:40.262,Ron-Robert Zieler,8947,Hannover 96,Pass,8.5,28.3,1,44
99752927-c313-4313-9a7a-e6ceff71a8f7,00:44:43.358,Marcelo Antônio Guedes Filho,3164,Hannover 96,Ball Receipt*,27.6,64.7,1,44
38b5c997-7be8-4ded-b4ce-4c303360d315,00:44:43.358,Marcelo Antônio Guedes Filho,3164,Hannover 96,Carry,27.6,64.7,1,44
f2ae20e8-478d-4b97-9e18-3bf704c0a259,00:44:44.251,Marcelo Antônio Guedes Filho,3164,Hannover 96,Pass,30.3,66.0,1,44
5078ed7b-6e38-4605-ac59-1a115feae05f,00:44:45.276,Manuel Schmiedebach,8543,Hannover 96,Ball Receipt*,42.7,76.0,1,44
d37b6a2b-0611-41ed-a79c-b5976ee82dcf,00:44:45.276,Manuel Schmiedebach,8543,Hannover 96,Carry,42.7,76.0,1,44
4a699289-3cea-4d0a-b0cd-31d359329981,00:44:47.255,Manuel Schmiedebach,8543,Hannover 96,Pass,42.9,75.3,1,44
1bfdcdc5-ce3b-4ccb-bc32-f544e15e6b3b,00:44:48.455,Marcelo Antônio Guedes Filho,3164,Hannover 96,Ball Receipt*,34.3,67.5,1,44
08390221-ed27-4ba8-ba83-4e2f12359305,00:44:48.455,Marcelo Antônio Guedes Filho,3164,Hannover 96,Carry,34.3,67.5,1,44
c1542d0b-ae23-4507-a5da-7b9d66bafdc8,00:44:52.893,Marcelo Antônio Guedes Filho,3164,Hannover 96,Pass,48.0,67.1,1,44
f44cdf24-a35d-4ba3-9d41-5e5d3454ec56,00:44:53.988,Manuel Schmiedebach,8543,Hannover 96,Ball Receipt*,48.8,75.8,1,44
7e5682e5-11b1-48cc-bf7e-c0adf713d3ee,00:44:53.988,Manuel Schmiedebach,8543,Hannover 96,Carry,48.8,75.8,1,44
535c2625-cc2b-4b88-966a-4344eb30980f,00:44:55.930,Jairo Samperio Bustara,6925,FSV Mainz 05,Pressure,70.8,4.3,1,44
ce33f7f0-3bf1-40e0-8cd9-4413087443cd,00:44:56.507,Manuel Schmiedebach,8543,Hannover 96,Pass,48.4,74.2,1,44
a5bbc332-782e-4d83-ae86-2e4cdd4dd4ac,00:44:58.337,Marcelo Antônio Guedes Filho,3164,Hannover 96,Ball Receipt*,68.3,58.7,1,44
60da6808-7c28-4cf9-afc9-c1ca3081d86c,00:44:58.337,Marcelo Antônio Guedes Filho,3164,Hannover 96,Carry,68.3,58.7,1,44
75f0ad27-d63a-45bc-95e3-ed12e81b2a41,00:44:59.169,Marcelo Antônio Guedes Filho,3164,Hannover 96,Pass,70.4,59.1,1,44
856a9867-62df-4d1b-897b-9b47f7c22a4a,00:45:00.176,Uffe Manich Bech,24244,Hannover 96,Ball Receipt*,79.5,58.1,1,45
555a306e-e86e-4255-8e07-509fb05ea511,00:45:00.176,Uffe Manich Bech,24244,Hannover 96,Carry,79.5,58.1,1,45
a477c712-d6dc-494f-a0ae-ff33977a181b,00:45:00.334,Uffe Manich Bech,24244,Hannover 96,Pass,79.5,57.7,1,45
2860abe1-3f95-4fe9-a075-4b77a1b6cd93,00:45:00.990,Salif Sané,5664,Hannover 96,Ball Receipt*,78.4,53.6,1,45
133c593e-1889-4184-8666-604d58bcc048,00:45:00.990,Salif Sané,5664,Hannover 96,Carry,78.4,53.6,1,45
e94ce8f3-1899-47f0-8d7a-e2a108c9cd1c,00:45:02.630,Salif Sané,5664,Hannover 96,Shot,91.5,37.8,1,45
970b037b-acd6-4ad8-8575-f276aa306b69,00:45:03.966,Loris Karius,3630,FSV Mainz 05,Goal Keeper,5.0,40.1,1,45
2fc1da59-9ce8-400f-8967-f9582b49a0b6,00:00:00.200,Allan Saint-Maximin,3016,Hannover 96,Pass,60.0,40.0,2,45
b7e4697f-71ef-485c-922e-7d1041d95347,00:00:00.628,Charlison Benschop,8558,Hannover 96,Ball Receipt*,59.3,38.4,2,45
74b0184e-c5ee-4a94-b445-6230b41167b2,00:00:00.628,Charlison Benschop,8558,Hannover 96,Carry,59.3,38.4,2,45
d25d3d43-d571-420c-b051-5c55ee6d002d,00:00:00.736,Charlison Benschop,8558,Hannover 96,Pass,59.0,37.9,2,45
b2d5bf51-6b25-4204-832d-d8adff352d1d,00:00:02.899,Marcelo Antônio Guedes Filho,3164,Hannover 96,Ball Receipt*,39.9,50.5,2,45
ddfc21dc-2f08-40c0-b988-c03afa37a6da,00:00:02.899,Marcelo Antônio Guedes Filho,3164,Hannover 96,Carry,39.9,50.5,2,45
2fadf22b-6d8b-45b8-b196-713d78a185ea,00:00:03.642,Marcelo Antônio Guedes Filho,3164,Hannover 96,Pass,39.9,50.2,2,45
6977611b-5a79-4b1c-9743-a867d2823426,00:00:05.865,Hiroki Sakai,3530,Hannover 96,Ball Receipt*,69.5,57.6,2,45
c9767630-a20f-4c98-b0e8-20842c8b8fc2,00:00:05.945,Hiroki Sakai,3530,Hannover 96,Pass,69.5,57.6,2,45
5aab733b-09d5-4bb1-b989-4b7d5c1bcc39,00:00:05.945,Danny Latza,8539,FSV Mainz 05,Duel,50.6,22.5,2,45
da26bf48-e562-4b13-aded-713eb519eda2,00:00:07.847,Allan Saint-Maximin,3016,Hannover 96,Ball Receipt*,72.9,50.2,2,45
23631215-7c67-4266-91e3-948fdf817c56,00:00:07.847,Allan Saint-Maximin,3016,Hannover 96,Duel,73.4,49.9,2,45
e2a4f786-6227-49d2-85d3-6969bb0261b5,00:00:07.847,Julian Baumgartlinger,20037,FSV Mainz 05,Pass,46.7,30.2,2,45
2ff874bf-6e98-4320-9d5c-bd54f2ecdaf4,00:00:09.065,Salif Sané,5664,Hannover 96,Pressure,61.1,51.0,2,45
769f50c2-8d77-456f-ae9a-825ee9958176,00:00:09.138,Yunus Mallı,8679,FSV Mainz 05,Ball Receipt*,56.5,27.3,2,45
bb97a098-6b42-4eae-a1ca-a7884133acc9,00:00:09.138,Yunus Mallı,8679,FSV Mainz 05,Carry,56.5,27.3,2,45
9ac2cd0a-219e-4a3d-a573-1714577fabd7,00:00:12.764,Yunus Mallı,8679,FSV Mainz 05,Dispossessed,70.5,55.0,2,45
cf42c9d1-c7e1-429c-a1c7-78ae77105eb2,00:00:12.764,Salif Sané,5664,Hannover 96,Duel,49.6,25.1,2,45
cf65b836-36d9-470d-8505-dfbefbc297fa,00:00:13.464,Edgar Prib,24914,Hannover 96,Ball Recovery,50.9,22.1,2,45
a47aab5f-8f3b-428f-9ac3-5adc5feeabd6,00:00:13.464,Edgar Prib,24914,Hannover 96,Carry,50.9,22.1,2,45
2c1ad726-e89d-4666-813a-91753e34f814,00:00:18.836,Edgar Prib,24914,Hannover 96,Pass,81.0,14.7,2,45
e342bf76-a7a4-470b-aeef-4d600f73e20d,00:00:19.466,Manuel Schmiedebach,8543,Hannover 96,Ball Receipt*,84.4,27.2,2,45
2505e1c2-6990-40d3-b38f-ff92e668444b,00:00:19.466,Manuel Schmiedebach,8543,Hannover 96,Carry,84.4,27.2,2,45
3e2d6d6a-758b-4c6b-9594-b124b8da1fb9,00:00:20.248,Julian Baumgartlinger,20037,FSV Mainz 05,Pressure,33.2,57.8,2,45
b94813f0-9a96-46a3-a725-fc6d70c28dbf,00:00:20.548,Manuel Schmiedebach,8543,Hannover 96,Pass,89.8,27.8,2,45
7f648a6d-bdf2-40bc-bd87-5fed076e408f,00:00:21.584,Edgar Prib,24914,Hannover 96,Ball Receipt*,97.9,12.2,2,45
09534874-c08b-47e9-87d0-a9bfff0875af,00:00:21.584,Edgar Prib,24914,Hannover 96,Carry,97.9,12.2,2,45
1e0d20e2-d40f-450a-a68d-0f0fdc0fb67a,00:00:24.425,Edgar Prib,24914,Hannover 96,Pass,112.7,13.1,2,45
4c711c0b-b3e7-41b6-9b9c-71b0be202f63,00:00:24.643,Charlison Benschop,8558,Hannover 96,Ball Receipt*,113.5,38.4,2,45
88d201ae-00a2-475c-97ea-903e2c811fc1,00:00:24.643,Leon Aderemi Balogun,5467,FSV Mainz 05,Block,6.9,63.1,2,45
10e515b9-a815-4d60-ab59-c85e33bae3a5,00:00:26.963,Danny Latza,8539,FSV Mainz 05,Clearance,16.3,41.9,2,45
0c074f98-519c-47e5-bb66-bf1189e25418,00:00:42.650,Oliver Sorg,12316,Hannover 96,Pass,74.5,0.1,2,45
dea7624c-b9dc-4e20-b6b6-3d0f1edef7f7,00:00:43.875,Edgar Prib,24914,Hannover 96,Ball Receipt*,86.8,1.9,2,45
06bef6d6-4b04-428b-8bf0-0e43a3b0230d,00:00:43.875,Edgar Prib,24914,Hannover 96,Carry,86.8,1.9,2,45
d5302dfc-9a69-4291-ace6-3b026001011d,00:00:43.993,Edgar Prib,24914,Hannover 96,Pass,88.7,2.7,2,45
c90b7b21-e5ff-4ae0-ac27-b689d6eaba10,00:00:44.583,Niko Bungert,13319,FSV Mainz 05,Pressure,29.6,72.3,2,45
907aa5aa-04e1-4b6f-a895-dc9da4a385da,00:00:44.591,Christian Clemens,9098,FSV Mainz 05,Pressure,31.9,75.7,2,45
c7f27095-5c9e-4c68-a1c5-ee9b899f67a9,00:00:44.694,Manuel Schmiedebach,8543,Hannover 96,Ball Receipt*,88.7,8.3,2,45
6574dd26-e8e1-4eb4-810d-c27d21a46c76,00:00:44.694,Manuel Schmiedebach,8543,Hannover 96,Carry,88.7,8.3,2,45
93392e2a-6955-4128-8e12-f27d5a76acb0,00:00:45.101,Manuel Schmiedebach,8543,Hannover 96,Pass,89.7,6.5,2,45
7eadd861-b8fc-46ce-8e58-915e3579cb84,00:00:45.766,Edgar Prib,24914,Hannover 96,Ball Receipt*,93.3,1.6,2,45
ef7451ca-7e9a-4c70-aa29-2266b72ca917,00:00:45.766,Edgar Prib,24914,Hannover 96,Carry,93.3,1.6,2,45
7f407ccd-23d4-4c47-bb9f-c277405de182,00:00:45.824,Leon Aderemi Balogun,5467,FSV Mainz 05,Pressure,24.8,78.7,2,45
a3e61b17-aa25-4323-9e58-c68e0a6d36ac,00:00:46.522,Edgar Prib,24914,Hannover 96,Dispossessed,93.3,0.9,2,45
3d5e6f6e-24ee-4e94-83fe-249304527b3d,00:00:46.522,Leon Aderemi Balogun,5467,FSV Mainz 05,Duel,26.8,79.2,2,45
3b7d8218-a4a5-4bdc-85ef-92ea55c55090,00:00:50.278,Edgar Prib,24914,Hannover 96,Pass,95.9,0.1,2,45
b22f9750-7878-41d0-b12a-7fa5c6e1e174,00:00:51.173,Manuel Schmiedebach,8543,Hannover 96,Ball Receipt*,97.4,10.1,2,45
0db81224-d974-4360-b33a-9e1ad837eb37,00:00:51.173,Manuel Schmiedebach,8543,Hannover 96,Carry,97.4,10.1,2,45
46e1376c-e3c4-44bb-b77d-068947b0d962,00:00:51.870,Manuel Schmiedebach,8543,Hannover 96,Pass,96.1,8.8,2,45
e030b400-9c28-4395-8c7e-7ea0d0e11ef6,00:00:53.027,Oliver Sorg,12316,Hannover 96,Ball Receipt*,84.1,2.7,2,45
9ea73445-f18e-4539-9c22-516cd75f4b6f,00:00:53.027,Oliver Sorg,12316,Hannover 96,Carry,84.1,2.7,2,45
d1645e17-501c-43d6-a911-8c71ec51f9f0,00:00:54.223,Oliver Sorg,12316,Hannover 96,Pass,81.0,6.7,2,45
f104a086-ad53-43b4-a910-c1f88f03bbc9,00:00:56.282,Christian Schulz,400614,Hannover 96,Ball Receipt*,56.5,13.9,2,45
68699a6c-72bc-4b4e-a1d1-bf6bb003de6c,00:00:56.282,Christian Schulz,400614,Hannover 96,Carry,56.5,13.9,2,45
b4034e04-c686-4e48-955e-3c311f629736,00:00:57.545,Christian Schulz,400614,Hannover 96,Pass,57.3,18.2,2,45
72339586-3568-4f9d-8df2-d0ffe9d47f43,00:00:58.998,Marcelo Antônio Guedes Filho,3164,Hannover 96,Ball Receipt*,54.7,47.9,2,45
8a267f66-6429-4097-b511-a20969c5536b,00:00:58.998,Marcelo Antônio Guedes Filho,3164,Hannover 96,Carry,54.7,47.9,2,45
0fe87fd6-c018-4ddd-a67b-ddafe669ad77,00:01:02.832,Marcelo Antônio Guedes Filho,3164,Hannover 96,Pass,50.6,53.8,2,46
3e11369e-cf44-4583-8c1e-85c824abd7ef,00:01:04.702,Christian Schulz,400614,Hannover 96,Ball Receipt*,46.5,27.2,2,46
57b6b600-335c-4fc9-8415-0530141a781e,00:01:04.702,Christian Schulz,400614,Hannover 96,Carry,46.5,27.2,2,46
6da87e0b-6dca-4284-abaf-addbaf38c17a,00:01:04.782,Christian Schulz,400614,Hannover 96,Pass,46.5,26.7,2,46
f69adde5-08f5-47ed-8b4c-947fedb399b8,00:01:06.732,Ron-Robert Zieler,8947,Hannover 96,Ball Receipt*,25.3,37.7,2,46
f750d2ee-19f5-4979-8a1f-ae55436795e6,00:01:06.732,Ron-Robert Zieler,8947,Hannover 96,Carry,25.3,37.7,2,46
8c445c53-21f4-499e-b73c-64a20d04e27b,00:01:07.920,Ron-Robert Zieler,8947,Hannover 96,Pass,26.8,42.8,2,46
2cb18d49-9ba1-4f7a-add8-05f44b6ec81d,00:01:10.024,Marcelo Antônio Guedes Filho,3164,Hannover 96,Ball Receipt*,46.5,73.5,2,46
c9a9e757-7784-4888-aff7-6462f8b29925,00:01:10.024,Marcelo Antônio Guedes Filho,3164,Hannover 96,Carry,46.5,73.5,2,46
1abff71a-aed2-44c6-9c4f-72b2ac3a4f35,00:01:10.938,Yoshinori Muto,6337,FSV Mainz 05,Pressure,67.7,9.2,2,46
ec468d00-d1db-4341-ad97-cc690329f847,00:01:14.025,Marcelo Antônio Guedes Filho,3164,Hannover 96,Error,45.9,72.4,2,46
e08ce916-a2a1-49b9-9070-7df1403a5016,00:01:14.043,Marcelo Antônio Guedes Filho,3164,Hannover 96,Error,45.2,68.1,2,46
c976c39b-9386-4213-af51-26b8cd8a537a,00:01:14.138,Marcelo Antônio Guedes Filho,3164,Hannover 96,Pass,45.2,68.6,2,46
70c187b8-aa2f-47d6-a307-6fdacebde44c,00:01:16.326,Salif Sané,5664,Hannover 96,Ball Receipt*,21.7,44.6,2,46
8d8e85d1-f7e7-49c2-8926-84e1e9ebe3ef,00:01:16.326,Yunus Mallı,8679,FSV Mainz 05,Ball Recovery,84.8,31.4,2,46
93802472-a20b-4515-a2f7-b8c2eb5abc6f,00:01:16.326,Yunus Mallı,8679,FSV Mainz 05,Carry,84.8,31.4,2,46
d95b55f7-8371-4eb5-82ba-8b97277d0460,00:01:18.778,Ron-Robert Zieler,8947,Hannover 96,Dribbled Past,15.8,50.5,2,46
f912952a-eb7d-4a43-add9-02dc340b5843,00:01:18.778,Yunus Mallı,8679,FSV Mainz 05,Dribble,104.3,29.6,2,46
f1809016-db8c-4ae5-8569-e05d1bbb0ba9,00:01:18.778,Yunus Mallı,8679,FSV Mainz 05,Carry,104.3,29.6,2,46
e7b5d23f-8f07-4db6-a36f-abbfb1ebbda9,00:01:19.547,Yunus Mallı,8679,FSV Mainz 05,Shot,108.9,27.1,2,46
09c4b583-3c24-4a2f-9687-20a2ce749f12,00:01:20.831,Ron-Robert Zieler,8947,Hannover 96,Goal Keeper,12.5,51.2,2,46
5f02bfad-2358-4c52-81be-c004b1d656ba,00:02:11.065,Charlison Benschop,8558,Hannover 96,Pass,60.0,40.0,2,47
3adfbda6-970d-4e99-9feb-de99916b080f,00:02:14.530,Oliver Sorg,12316,Hannover 96,Ball Receipt*,53.2,9.3,2,47
18eb0c7f-2a88-4fd8-88cc-452219e85be4,00:02:14.950,Oliver Sorg,12316,Hannover 96,Pass,54.4,8.5,2,47
dc910e2f-167c-4ce5-884b-5a3ffeea889e,00:02:15.896,Edgar Prib,24914,Hannover 96,Ball Receipt*,64.7,1.1,2,47
5e80ab7b-0a99-40f7-a26a-c6ca1c6c8ab8,00:02:15.896,Edgar Prib,24914,Hannover 96,Carry,64.7,1.1,2,47
061c72f9-cb79-47b0-b490-5b8641421684,00:02:16.582,Edgar Prib,24914,Hannover 96,Pass,64.4,1.1,2,47
49cc2398-e8cd-4590-aa81-699f374eb2b5,00:02:17.097,Oliver Sorg,12316,Hannover 96,Ball Receipt*,62.1,8.3,2,47
5dc81752-9e0d-451f-8282-04de9b26d2ea,00:02:17.097,Oliver Sorg,12316,Hannover 96,Carry,62.1,8.3,2,47
2bf9172a-155d-41c7-b7ca-ffbaed3ebc10,00:02:17.532,Oliver Sorg,12316,Hannover 96,Pass,62.6,7.0,2,47
718064c5-4b05-4659-819e-355ff8c09fa8,00:02:19.025,Christian Schulz,400614,Hannover 96,Ball Receipt*,42.7,11.9,2,47
b919613d-8b04-4d4a-b636-0681afd893d6,00:02:19.025,Christian Schulz,400614,Hannover 96,Carry,42.7,11.9,2,47
bf86e248-b0ad-4659-8ee0-b1b1e71f38b5,00:02:20.747,Christian Schulz,400614,Hannover 96,Pass,42.9,19.8,2,47
1f0ff5e0-d247-418d-a0b2-5556dd7bb630,00:02:22.522,Marcelo Antônio Guedes Filho,3164,Hannover 96,Ball Receipt*,39.9,39.7,2,47
6326e636-dd2e-43c9-a6cc-129ff298f683,00:02:22.522,Marcelo Antônio Guedes Filho,3164,Hannover 96,Carry,39.9,39.7,2,47
579cabca-db00-4567-850e-fd782928a7db,00:02:22.920,Marcelo Antônio Guedes Filho,3164,Hannover 96,Pass,39.9,43.8,2,47
26405841-6870-4870-bd78-ffc8c721efe2,00:02:24.545,Hiroki Sakai,3530,Hannover 96,Ball Receipt*,40.1,71.2,2,47
2a46a32d-a9f7-4a76-9217-db2c206201a2,00:02:24.545,Hiroki Sakai,3530,Hannover 96,Carry,40.1,71.2,2,47
94302421-5617-49ee-87f4-371dc0934e79,00:02:25.190,Hiroki Sakai,3530,Hannover 96,Pass,41.9,71.2,2,47
b6ce05b6-f01c-4d4b-97ba-a04935b93cbf,00:02:26.894,Manuel Schmiedebach,8543,Hannover 96,Ball Receipt*,79.8,75.0,2,47
38d679bd-7499-4beb-9ba3-8e6aef6dcd62,00:02:26.894,Pierre Bengtsson,20871,FSV Mainz 05,Pass,41.6,10.2,2,47
647b49e3-5189-4156-bad3-26f2f58f849a,00:02:28.472,Danny Latza,8539,FSV Mainz 05,Ball Receipt*,50.1,14.0,2,47
957dd438-6fc0-472f-9169-c1e31ecdb7bf,00:02:28.472,Manuel Schmiedebach,8543,Hannover 96,Ball Recovery,70.6,69.1,2,47
98af9492-9f1e-4e49-9d99-45ce152b51cc,00:02:28.472,Manuel Schmiedebach,8543,Hannover 96,Carry,70.6,69.1,2,47
b803de12-8488-4a36-b296-961f34421737,00:02:29.257,Manuel Schmiedebach,8543,Hannover 96,Pass,78.7,68.9,2,47
eddb25f6-ae84-4cfa-9c0f-84f7bebd906f,00:02:33.013,Charlison Benschop,8558,Hannover 96,Ball Receipt*,116.3,56.3,2,47
0b77ebbc-96a6-4e7e-acfc-b6bbf79ea545,00:02:33.013,Charlison Benschop,8558,Hannover 96,Carry,116.3,56.3,2,47
926cb987-1822-488c-9180-42bab4a80d2e,00:02:34.004,Charlison Benschop,8558,Hannover 96,Pass,117.8,54.5,2,47
c522c9b5-019b-4d67-9582-a0efd255bfba,00:02:36.306,Edgar Prib,24914,Hannover 96,Pressure,98.9,34.6,2,47
c6575fb6-b612-47bc-a6a3-ab01831dc688,00:02:36.638,Edgar Prib,24914,Hannover 96,Ball Receipt*,108.1,47.4,2,47
2de3515a-2b46-423b-a9d7-45c43e112d5f,00:02:36.638,Julian Baumgartlinger,20037,FSV Mainz 05,Pass,22.7,41.9,2,47
b50a2a17-d3ba-40ed-a2c3-e41996fa733d,00:02:37.588,Christian Clemens,9098,FSV Mainz 05,Ball Receipt*,31.9,51.6,2,47
0910bb4f-58a1-410e-a56d-4d4266359346,00:02:37.588,Christian Clemens,9098,FSV Mainz 05,Carry,31.9,51.6,2,47
ccd9df08-86d5-4f66-bd59-021deb4d5335,00:02:37.676,Christian Clemens,9098,FSV Mainz 05,Pass,31.9,51.1,2,47
00606ad8-0a00-46df-8fad-5fba33efd376,00:02:38.548,Julian Baumgartlinger,20037,FSV Mainz 05,Pressure,25.5,57.5,2,47
4b3e3e5e-412b-4af8-82e7-9d6b2f3073ab,00:02:38.701,Julian Baumgartlinger,20037,FSV Mainz 05,Ball Receipt*,25.3,54.7,2,47
dc82bd80-8fda-462b-b5b8-80b8cb8b94ba,00:02:38.701,Oliver Sorg,12316,Hannover 96,Interception,92.5,21.8,2,47
1186edcd-c958-45ab-bad7-3cfa4a60bbaa,00:02:38.701,Oliver Sorg,12316,Hannover 96,Carry,92.5,21.8,2,47
93eda621-a3a6-4bbe-83d8-9d3b836a3417,00:02:40.308,Oliver Sorg,12316,Hannover 96,Miscontrol,105.6,17.7,2,47
b84605b8-b6b3-41a7-8e09-b1b394544bb2,00:02:41.735,Christian Clemens,9098,FSV Mainz 05,Ball Recovery,15.3,64.7,2,47
9d00f5a8-9a23-44ff-871c-d31c27fb9d7b,00:02:41.735,Christian Clemens,9098,FSV Mainz 05,Carry,15.3,64.7,2,47
a1b7280b-cff8-424d-b0e1-cbaaea847b94,00:02:45.095,Edgar Prib,24914,Hannover 96,Foul Committed,85.6,2.7,2,47
2a89d4d9-dafb-4100-a958-548e5566d880,00:02:45.095,Christian Clemens,9098,FSV Mainz 05,Foul Won,34.5,77.4,2,47
7bae8dd3-63bf-421e-abad-c5ada146dba0,00:02:59.653,Leon Aderemi Balogun,5467,FSV Mainz 05,Pass,34.7,75.1,2,47
1a7dc578-8562-47ab-93bc-d9c8f27bc35b,00:03:01.850,Yunus Mallı,8679,FSV Mainz 05,Ball Receipt*,76.6,64.9,2,48
08548674-5e73-47c9-b78c-f85c6ec3dbe3,00:03:01.850,Edgar Prib,24914,Hannover 96,Ball Recovery,56.5,5.5,2,48
6375a926-a2cf-45db-ab4c-2019dcce6465,00:03:03.450,Edgar Prib,24914,Hannover 96,Pass,57.3,17.5,2,48
dde608e2-71e5-42ba-ba89-c29a58b513bd,00:03:05.621,Oliver Sorg,12316,Hannover 96,Ball Receipt*,57.3,6.0,2,48
59b77125-dfdc-4825-b1c2-e18602d1ad0b,00:03:07.597,Oliver Sorg,12316,Hannover 96,Pass,57.3,7.0,2,48
51415b56-9193-454b-b1da-d71e658b12c8,00:03:08.307,Manuel Schmiedebach,8543,Hannover 96,Ball Receipt*,58.5,15.4,2,48
d5b0c974-e22f-47e5-9330-52eab801e45a,00:03:08.307,Manuel Schmiedebach,8543,Hannover 96,Pass,58.5,15.4,2,48
7d8d083d-58ef-4f0c-a192-97663c35ff41,00:03:09.797,Christian Schulz,400614,Hannover 96,Ball Receipt*,37.6,22.8,2,48
0475e98b-3038-4258-a4c1-783119e24e6d,00:03:09.797,Christian Schulz,400614,Hannover 96,Carry,37.6,22.8,2,48
efabc483-3725-4b6d-be23-2d7126c5b211,00:03:10.230,Christian Schulz,400614,Hannover 96,Pass,41.7,26.4,2,48
c549e847-2c13-4171-a1fe-b908b1a759a8,00:03:11.265,Marcelo Antônio Guedes Filho,3164,Hannover 96,Ball Receipt*,42.2,45.3,2,48
988c3a53-3010-4751-9894-fb5f145b1267,00:03:11.265,Marcelo Antônio Guedes Filho,3164,Hannover 96,Carry,42.2,45.3,2,48
cd13ade2-4f2d-4bde-8ca4-313b0a9d0d76,00:03:13.257,Marcelo Antônio Guedes Filho,3164,Hannover 96,Pass,44.0,51.7,2,48
84951e83-23fb-44c5-b03d-e498988e7304,00:03:14.663,Hiroki Sakai,3530,Hannover 96,Ball Receipt*,51.1,75.3,2,48
7ed5f85b-35b5-43b8-a8f5-1a70c17af68b,00:03:14.663,Hiroki Sakai,3530,Hannover 96,Carry,51.1,75.3,2,48
e343f3b6-fe6d-43ff-a9b0-32707e4089b6,00:03:15.965,Hiroki Sakai,3530,Hannover 96,Pass,53.7,75.0,2,48
3eeef327-5b77-40c2-999b-01bcc0ba7f57,00:03:17.652,Kenan Karaman,8541,Hannover 96,Ball Receipt*,70.8,76.8,2,48
b0f8cb50-3ae8-4502-a24f-56c38709b88c,00:03:30.943,Pierre Bengtsson,20871,FSV Mainz 05,Pass,48.0,0.1,2,48
30f81305-a476-4c27-a898-4d4a03e79280,00:03:32.180,Jairo Samperio Bustara,6925,FSV Mainz 05,Ball Receipt*,69.2,1.5,2,48
631b2cd6-8f1c-487d-b281-70746639f7db,00:03:32.180,Jairo Samperio Bustara,6925,FSV Mainz 05,Carry,69.2,1.5,2,48
2881f158-92fd-4cdf-861b-cb848cabc2e0,00:03:32.244,Hiroki Sakai,3530,Hannover 96,Pressure,49.1,78.1,2,48
d3893b36-985f-48c5-9ea3-cd76a1793d69,00:03:32.821,Kenan Karaman,8541,Hannover 96,Pressure,53.7,77.8,2,48
b30220ae-0ca1-4a1c-aed0-cf6505b72441,00:03:33.732,Jairo Samperio Bustara,6925,FSV Mainz 05,Dispossessed,69.2,2.0,2,48
423a7758-dada-422d-9bcf-a167c5808f3f,00:03:33.732,Kenan Karaman,8541,Hannover 96,Duel,50.9,78.1,2,48
7232ab6b-dcbf-478f-b66b-5e9c6bb5a658,00:03:33.732,Kenan Karaman,8541,Hannover 96,Carry,50.9,78.1,2,48
65b4e28e-4fb7-4c1c-b614-be934ead5784,00:03:34.008,Jairo Samperio Bustara,6925,FSV Mainz 05,Pressure,69.7,3.8,2,48
1ee6560f-dbb1-48e2-94bb-aeec16d3bb09,00:03:35.538,Kenan Karaman,8541,Hannover 96,Pass,53.9,77.8,2,48
d3eda779-bd78-41a1-9487-33f40ece9bba,00:03:35.630,Allan Saint-Maximin,3016,Hannover 96,Ball Receipt*,61.3,59.4,2,48
6ee50252-0597-4083-b770-283210eb1798,00:03:35.630,Yunus Mallı,8679,FSV Mainz 05,Block,64.1,4.1,2,48
67a923c7-0d16-44c2-b543-131ad030f769,00:03:41.597,Hiroki Sakai,3530,Hannover 96,Pass,61.1,80.0,2,48
b8ab2c43-d4b3-4922-a73e-b55e815b4824,00:03:43.242,Charlison Benschop,8558,Hannover 96,Ball Receipt*,79.0,71.4,2,48
6e1f83b8-5fd4-4612-9524-4a035e9c672d,00:03:43.242,Charlison Benschop,8558,Hannover 96,Carry,79.0,71.4,2,48
6156629e-3cfb-47ff-9a84-a6c561cbf054,00:03:44.657,Charlison Benschop,8558,Hannover 96,Pass,74.4,68.1,2,48
3fbf2600-d22f-4970-8c8d-32e0d5f98c9a,00:03:45.607,Salif Sané,5664,Hannover 96,Ball Receipt*,69.3,58.1,2,48
7c97bdab-5174-4dce-bbc6-edb0512af7c5,00:03:45.607,Salif Sané,5664,Hannover 96,Carry,69.3,58.1,2,48
20764256-f6dd-4a84-932f-aca201305659,00:03:46.001,Salif Sané,5664,Hannover 96,Pass,69.8,57.4,2,48
9cdd806c-5443-4dc5-b286-5cf111450068,00:03:46.769,Leon Aderemi Balogun,5467,FSV Mainz 05,Pressure,40.3,37.6,2,48
de4db588-819f-45ad-a01d-d9d4940041d6,00:03:47.075,Edgar Prib,24914,Hannover 96,Ball Receipt*,77.7,43.3,2,48
9821ebd1-4cc9-409f-8ef6-90ab77a0f577,00:03:47.075,Edgar Prib,24914,Hannover 96,Carry,77.7,43.3,2,48
e2573800-4960-4814-86a6-9e6aac300441,00:03:47.115,Edgar Prib,24914,Hannover 96,Pass,77.5,43.0,2,48
c538fd3f-dbbe-4fef-bdb8-cbb3b16a0067,00:03:48.218,Christian Schulz,400614,Hannover 96,Ball Receipt*,57.3,39.7,2,48
71cc157b-de54-4a15-ba8e-425b513c06fe,00:03:48.218,Christian Schulz,400614,Hannover 96,Carry,57.3,39.7,2,48
978affca-8bc5-4c4d-8a3e-aa2a864c19ad,00:03:48.657,Christian Schulz,400614,Hannover 96,Pass,57.3,39.7,2,48
e40f1c9a-d50a-4b89-beeb-b1f6ab514562,00:03:51.203,Oliver Sorg,12316,Hannover 96,Ball Receipt*,77.5,9.0,2,48
377f34bd-6c83-41c5-8211-e41009b0d67e,00:04:05.428,Leon Aderemi Balogun,5467,FSV Mainz 05,Pass,48.3,80.0,2,49
f825bab9-2474-48d4-930c-b1ab4cd2f250,00:04:07.056,Yoshinori Muto,6337,FSV Mainz 05,Ball Receipt*,78.2,79.0,2,49
f32175a6-790e-4f07-bedc-f29ee2ec1afd,00:04:07.056,Oliver Sorg,12316,Hannover 96,Foul Committed,49.8,9.8,2,49
8ccd0269-9f1f-4e95-a10b-3e6cc3677c88,00:04:07.056,Christian Clemens,9098,FSV Mainz 05,Foul Won,70.3,70.3,2,49
218a0143-5281-4185-86e8-8c95ef26d454,00:04:21.071,Julian Baumgartlinger,20037,FSV Mainz 05,Pass,67.4,73.4,2,49
49811d9e-46a6-4537-b78f-91ec2d762203,00:04:21.936,Danny Latza,8539,FSV Mainz 05,Ball Receipt*,65.9,62.6,2,49
2bfd213d-7eeb-4b19-b82c-15152994fa44,00:04:21.936,Danny Latza,8539,FSV Mainz 05,Carry,65.9,62.6,2,49
27f77d82-9786-4e97-adc1-7f66610b7211,00:04:23.242,Danny Latza,8539,FSV Mainz 05,Pass,67.7,65.9,2,49
10ad3196-5b75-47d2-a6f8-8340d43c0ce0,00:04:24.111,Christian Clemens,9098,FSV Mainz 05,Ball Receipt*,79.5,75.4,2,49
93c8a4df-2488-4632-831d-430b619e340e,00:04:24.111,Christian Clemens,9098,FSV Mainz 05,Carry,79.5,75.4,2,49
df8f4820-4d53-4c20-871d-63e5c64dea19,00:04:26.036,Christian Clemens,9098,FSV Mainz 05,Pass,85.8,71.1,2,49
edfd46d1-619e-4962-a962-dcc6b52a0bc7,00:04:26.045,Oliver Sorg,12316,Hannover 96,Pressure,29.1,13.1,2,49
c7aef011-97e4-44db-a27f-ba6ddb7a964b,00:04:26.793,Yunus Mallı,8679,FSV Mainz 05,Ball Receipt*,90.7,57.8,2,49
44cc1ad8-5d08-4646-8d11-6f6d022ed169,00:04:26.793,Yunus Mallı,8679,FSV Mainz 05,Carry,90.7,57.8,2,49
c43a3d42-8ef2-4bad-aa71-58c6ddb5894f,00:04:27.076,Manuel Schmiedebach,8543,Hannover 96,Pressure,27.3,27.7,2,49
3a3dff7e-cf44-40e7-904a-efc99124b5e3,00:04:27.611,Yunus Mallı,8679,FSV Mainz 05,Miscontrol,93.5,54.7,2,49
e1d4456e-99af-4216-90ef-9763bcf73805,00:04:28.213,Danny Latza,8539,FSV Mainz 05,Pressure,95.1,47.3,2,49
bd07842a-c2bc-4387-b35f-a20e87b090ac,00:04:28.509,Marcelo Antônio Guedes Filho,3164,Hannover 96,Clearance,20.2,32.1,2,49
5045f7d2-065e-4e22-bc94-ab88658cd6ca,00:04:28.585,Danny Latza,8539,FSV Mainz 05,Block,97.4,49.1,2,49
e525fab4-8f8a-43c6-a6cb-d82adc1cb797,00:04:31.342,Edgar Prib,24914,Hannover 96,Ball Recovery,20.2,15.9,2,49
6857b25f-ce8b-4617-a726-da62e0a9bc98,00:04:31.342,Edgar Prib,24914,Hannover 96,Carry,20.2,15.9,2,49
5ba8a23e-97d8-4ee4-a174-4e5b24511629,00:04:32.991,Edgar Prib,24914,Hannover 96,Pass,19.7,9.6,2,49
f3d11c70-b9db-4ebf-82a9-6eaaf0bb5d35,00:04:34.698,Niko Bungert,13319,FSV Mainz 05,Pressure,68.5,76.2,2,49
5fe6ca6d-be00-4fab-99ba-5304819d45dc,00:04:35.088,Allan Saint-Maximin,3016,Hannover 96,Ball Receipt*,48.8,3.9,2,49
0566f51e-d270-4c4f-aaa1-cb42ae4e6588,00:04:35.088,Allan Saint-Maximin,3016,Hannover 96,Carry,48.8,3.9,2,49
973aaf79-2930-49f2-b2b0-5ada22b85f23,00:04:35.728,Allan Saint-Maximin,3016,Hannover 96,Pass,47.3,4.4,2,49
5ebed614-f213-4792-aa81-cf4d34f77373,00:04:36.315,Charlison Benschop,8558,Hannover 96,Ball Receipt*,55.5,28.7,2,49
74fa194e-724f-42a6-8538-4357d26ccaa0,00:04:36.315,Julian Baumgartlinger,20037,FSV Mainz 05,Ball Recovery,70.8,69.3,2,49
b41ac445-e41d-4d46-8204-56dcbcbedd9f,00:04:36.315,Julian Baumgartlinger,20037,FSV Mainz 05,Carry,70.8,69.3,2,49
de9dc4a1-b3c2-4760-a850-30309957a8ca,00:04:38.384,Julian Baumgartlinger,20037,FSV Mainz 05,Pass,72.3,64.2,2,49
085c54dc-9eb3-4d19-b453-cd91a4634a1d,00:04:39.197,Kenan Karaman,8541,Hannover 96,Pressure,46.3,27.4,2,49
19292108-3794-49ca-a7a6-5e892cbf4eec,00:04:39.272,Danny Latza,8539,FSV Mainz 05,Ball Receipt*,72.3,55.0,2,49
af562223-995a-44bf-a92b-a19ee83f65e9,00:04:39.272,Danny Latza,8539,FSV Mainz 05,Carry,72.3,55.0,2,49
3e34e165-269b-4ece-bc71-e035cdfa4aa7,00:04:39.752,Danny Latza,8539,FSV Mainz 05,Pass,73.3,55.2,2,49
c5704ad6-2926-4b1b-9ea6-fe674ced3ea6,00:04:40.446,Christian Schulz,400614,Hannover 96,Pressure,31.2,32.8,2,49
13495adf-0e12-4f69-8478-8fd7d49ef443,00:04:40.630,Yunus Mallı,8679,FSV Mainz 05,Ball Receipt*,86.6,46.3,2,49
752ce8eb-97b3-43d3-a41e-531e6e2073dc,00:04:40.630,Yunus Mallı,8679,FSV Mainz 05,Carry,86.6,46.3,2,49
d26a7588-2867-4df1-bc43-d710c5ac1ab4,00:04:40.710,Christian Schulz,400614,Hannover 96,Dribbled Past,34.3,33.8,2,49
9f38f806-deae-4993-9942-26ae2856fbf1,00:04:40.710,Yunus Mallı,8679,FSV Mainz 05,Dribble,85.8,46.3,2,49
577d4a85-bdbb-408a-a50f-dc1bf8c98111,00:04:40.710,Yunus Mallı,8679,FSV Mainz 05,Carry,85.8,46.3,2,49
ea89c109-a3c3-4cfa-8625-53183402fec6,00:04:44.501,Yunus Mallı,8679,FSV Mainz 05,Shot,99.1,54.3,2,49
bce30e2a-87d0-411f-b39e-db0c56640611,00:04:45.181,Ron-Robert Zieler,8947,Hannover 96,Goal Keeper,4.5,35.7,2,49
cef98fc3-b83f-45cb-9676-cf2678ee575f,00:05:39.109,Christian Clemens,9098,FSV Mainz 05,Pass,120.0,0.1,2,50
08969ee2-2235-410a-a639-5290e9b1ca2a,00:05:40.166,Yoshinori Muto,6337,FSV Mainz 05,Ball Receipt*,115.2,30.7,2,50
108261dd-8505-444f-8783-2bb419adacd9,00:05:40.166,Yoshinori Muto,6337,FSV Mainz 05,Miscontrol,115.0,30.9,2,50
2fc5e4ff-d94e-4fe9-ba64-989f10d11eec,00:05:40.495,Niko Bungert,13319,FSV Mainz 05,Block,115.8,36.8,2,50
3917a726-2d99-4d3f-82d4-2a94516aaf80,00:05:40.575,Niko Bungert,13319,FSV Mainz 05,Foul Committed,115.0,37.1,2,50
ed146986-e73a-471e-b9e9-b09dc9378d22,00:06:06.404,Ron-Robert Zieler,8947,Hannover 96,Pass,10.7,44.3,2,51
d6dbcce1-edb7-4f78-aa2d-44f1757460a1,00:06:09.680,Charlison Benschop,8558,Hannover 96,Ball Receipt*,70.3,52.2,2,51
26f29967-1aff-4c1b-97a6-b6edd6248254,00:06:09.680,Danny Latza,8539,FSV Mainz 05,Duel,49.8,27.9,2,51
77d24af1-1a41-455f-a761-96087e47fccf,00:06:09.680,Charlison Benschop,8558,Hannover 96,Pass,70.3,52.2,2,51
f3a0fb43-4094-489b-94c5-808ca88d45b8,00:06:10.812,Edgar Prib,24914,Hannover 96,Ball Receipt*,71.8,34.9,2,51
e0bd9639-ec8e-4a04-b289-15fab08d6b30,00:06:10.812,Leon Aderemi Balogun,5467,FSV Mainz 05,Pass,44.7,45.2,2,51
3855663f-a0df-4846-aa4e-86d2c0d06b03,00:06:12.104,Yunus Mallı,8679,FSV Mainz 05,Ball Receipt*,51.1,20.4,2,51
469fd6de-72c5-4a7c-bb17-cd750033d9e3,00:06:12.104,Manuel Schmiedebach,8543,Hannover 96,Pass,63.1,58.4,2,51
c19afa27-01e5-477f-898f-885f5ecee524,00:06:13.415,Kenan Karaman,8541,Hannover 96,Pressure,72.3,66.6,2,51
e9040395-0627-4573-9f80-56c588f0faa0,00:06:13.748,Kenan Karaman,8541,Hannover 96,Ball Receipt*,73.1,64.8,2,51
969a9308-47a3-4a22-b66a-038908b2d6d3,00:06:13.748,Jairo Samperio Bustara,6925,FSV Mainz 05,Ball Recovery,48.3,12.0,2,51
c28a216a-19d1-445c-b46c-99a98f65e14a,00:06:13.748,Jairo Samperio Bustara,6925,FSV Mainz 05,Carry,48.3,12.0,2,51
d41704e2-7369-4442-af72-0cdc5a95ce53,00:06:14.586,Jairo Samperio Bustara,6925,FSV Mainz 05,Dispossessed,49.0,9.4,2,51
68810ae5-7731-4304-8052-9989e34320be,00:06:14.586,Kenan Karaman,8541,Hannover 96,Duel,71.1,70.7,2,51
073a911a-d660-444a-a137-4946540e4540,00:06:14.586,Kenan Karaman,8541,Hannover 96,Carry,71.1,70.7,2,51
729c7be3-466a-4312-9a53-0a27ad0c3539,00:06:15.554,Jairo Samperio Bustara,6925,FSV Mainz 05,Pressure,49.0,7.7,2,51
e62407c3-d363-4060-a624-3305e46a73b3,00:06:19.761,Kenan Karaman,8541,Hannover 96,Dispossessed,58.0,62.0,2,51
6df711b4-8b9b-43fc-ab63-bc8618393869,00:06:19.761,Jairo Samperio Bustara,6925,FSV Mainz 05,Duel,62.1,18.1,2,51
4549ac77-6de9-4af8-86a5-ca9faeffb920,00:06:21.975,Salif Sané,5664,Hannover 96,Pressure,56.0,56.1,2,51
1e97e17e-64a1-4fca-92f3-f15d227db3e7,00:06:22.392,Yunus Mallı,8679,FSV Mainz 05,Ball Recovery,66.4,25.0,2,51
7227596c-f93f-4fd3-8768-9ef9d3038853,00:06:22.392,Yunus Mallı,8679,FSV Mainz 05,Carry,66.4,25.0,2,51
f960f6bc-c9e7-4249-aa2d-25f578be769a,00:06:22.723,Yunus Mallı,8679,FSV Mainz 05,Dispossessed,68.7,26.3,2,51
b6ee3410-692c-41e7-91ab-59d6bc662116,00:06:22.723,Salif Sané,5664,Hannover 96,Duel,51.4,53.8,2,51
cf8707af-e138-484e-84e7-50301572f5c2,00:06:24.561,Marcelo Antônio Guedes Filho,3164,Hannover 96,Pass,37.6,54.0,2,51
2b571799-b687-49db-ab36-defb1d4ac0ff,00:06:26.533,Ron-Robert Zieler,8947,Hannover 96,Ball Receipt*,15.3,43.6,2,51
eef16d65-0517-434c-ba01-cc3360203f93,00:06:26.533,Ron-Robert Zieler,8947,Hannover 96,Pass,15.3,43.6,2,51
cbe5a921-ac15-4255-820c-71cbb5499938,00:06:28.507,Oliver Sorg,12316,Hannover 96,Ball Receipt*,33.2,9.8,2,51
9dda25c4-1737-46e7-b467-846c192699c5,00:06:28.507,Oliver Sorg,12316,Hannover 96,Carry,33.2,9.8,2,51
ee210d5f-0d56-4f9b-854e-1730f47edc85,00:06:30.251,Oliver Sorg,12316,Hannover 96,Pass,38.9,7.8,2,51
a3725bf1-8066-49e6-9f79-acb129adda6e,00:06:31.483,Edgar Prib,24914,Hannover 96,Ball Receipt*,53.2,2.4,2,51
fcf2a73a-39d3-464e-a795-d0dae570e201,00:06:31.483,Edgar Prib,24914,Hannover 96,Carry,53.2,2.4,2,51
3eab6c01-8f10-47be-89aa-8bfe6d9a8f42,00:06:32.830,Edgar Prib,24914,Hannover 96,Pass,53.4,2.1,2,51
ef1c164b-6a2e-46a0-a880-2868b6843068,00:06:34.085,Salif Sané,5664,Hannover 96,Ball Receipt*,46.0,19.5,2,51
3d6e6b6d-4d82-44b6-8de0-b9472307ab2c,00:06:34.085,Salif Sané,5664,Hannover 96,Carry,46.0,19.5,2,51
3203b850-6940-45fd-a869-932977c73910,00:06:36.382,Salif Sané,5664,Hannover 96,Pass,50.4,5.0,2,51
3fea2e83-9b33-4cd8-98da-82fe259a1b8b,00:06:39.575,Stefan Bell,8559,FSV Mainz 05,Pressure,18.9,71.8,2,51
e3e7c02e-2aa6-4d6b-ac56-f932bcd4b191,00:06:39.829,Charlison Benschop,8558,Hannover 96,Ball Receipt*,99.4,5.7,2,51
c0c2f335-2ff2-4ddc-a0b0-51067dd08b1a,00:06:39.829,Charlison Benschop,8558,Hannover 96,Carry,99.4,5.7,2,51
d65a5a8b-9993-4c44-b078-2abceb393456,00:06:41.291,Charlison Benschop,8558,Hannover 96,Pass,102.5,2.1,2,51
d35aefa7-4806-4854-bdc3-8a88b80b5858,00:07:03.595,Leon Aderemi Balogun,5467,FSV Mainz 05,Pass,35.0,80.0,2,52
070b11ca-2b6e-47cc-a4fa-6a907d4d7e78,00:07:05.404,Yoshinori Muto,6337,FSV Mainz 05,Ball Receipt*,55.2,77.2,2,52
0c2ad42e-5b1b-4a5a-b22b-6c9de8517365,00:07:05.404,Salif Sané,5664,Hannover 96,Ball Recovery,60.6,2.9,2,52
ae39f07a-ffec-41a5-8e5a-29f3b40f01ea,00:07:05.404,Salif Sané,5664,Hannover 96,Carry,60.6,2.9,2,52
9f38327c-e4a7-4e86-8dbb-cff4b69884b7,00:07:06.358,Salif Sané,5664,Hannover 96,Pass,61.6,3.9,2,52
121758b4-384b-4561-a0d1-59f16ad9401b,00:07:07.933,Christian Clemens,9098,FSV Mainz 05,Pressure,50.8,77.7,2,52
9765569b-5d1d-4bc7-8f5e-041b526e0a4e,00:07:08.316,Edgar Prib,24914,Hannover 96,Ball Receipt*,71.3,2.4,2,52
c6a5caa8-b03c-4315-90ea-87bfa471ac93,00:07:08.316,Edgar Prib,24914,Hannover 96,Carry,71.3,2.4,2,52
46e21a6e-4b7e-46ba-846e-a23702024936,00:07:09.058,Edgar Prib,24914,Hannover 96,Pass,74.4,1.9,2,52
84fcf719-de65-4a00-a112-d70188cb45dc,00:07:10.348,Charlison Benschop,8558,Hannover 96,Ball Receipt*,85.1,12.9,2,52
d1d0906a-818e-4384-944a-4a11763d5982,00:07:10.348,Charlison Benschop,8558,Hannover 96,Duel,84.9,12.4,2,52
ad0598d0-4258-4362-8a93-66f599a8b2c9,00:07:10.348,Niko Bungert,13319,FSV Mainz 05,Clearance,35.2,67.7,2,52
ef4aecb5-2f21-46df-a427-796bf65bf8e3,00:07:11.264,Salif Sané,5664,Hannover 96,Ball Recovery,70.6,13.1,2,52
e5fc7885-e2bc-4b45-a98f-8f8b1a166768,00:07:11.264,Salif Sané,5664,Hannover 96,Carry,70.6,13.1,2,52
ee4422a1-613b-42bb-ba68-426cb9562107,00:07:15.384,Salif Sané,5664,Hannover 96,Pass,80.5,24.6,2,52
abaadc8b-cad2-4654-b331-e38c77dfdcc5,00:07:17.745,Hiroki Sakai,3530,Hannover 96,Ball Receipt*,107.9,67.1,2,52
c40ab0ac-9376-4540-9df6-9ae9d039f033,00:07:17.745,Hiroki Sakai,3530,Hannover 96,Carry,107.9,67.1,2,52
bfabbf6b-b204-45b1-ba5e-2edce2a55ad9,00:07:17.861,Hiroki Sakai,3530,Hannover 96,Pass,110.2,67.1,2,52
30fac8ca-c2a9-4f49-a7ff-d46432fd745c,00:07:18.906,Allan Saint-Maximin,3016,Hannover 96,Ball Receipt*,108.1,41.3,2,52
02d9986d-d41d-4855-acca-9a73d3244e25,00:07:44.666,Loris Karius,3630,FSV Mainz 05,Pass,7.0,36.1,2,52
94edbe6d-adda-4b42-ae68-f4ad68c27663,00:07:48.381,Yoshinori Muto,6337,FSV Mainz 05,Ball Receipt*,72.3,23.3,2,52
065f08db-e217-4845-b1b4-e4b20d93da46,00:07:48.381,Marcelo Antônio Guedes Filho,3164,Hannover 96,Pass,47.3,57.1,2,52
0c718bed-8994-494a-8bac-6800f0c5f113,00:07:48.381,Yoshinori Muto,6337,FSV Mainz 05,Duel,72.8,23.0,2,52
92815f22-fe3d-4399-9e33-25f9b0eddc98,00:07:49.226,Kenan Karaman,8541,Hannover 96,Ball Receipt*,60.8,64.3,2,52
73cc2695-b8f3-484f-b4cf-d0467ed66c26,00:07:49.226,Pierre Bengtsson,20871,FSV Mainz 05,Clearance,55.9,15.3,2,52
2ab5aa87-0053-4702-b783-ffa3cde643a5,00:07:51.207,Charlison Benschop,8558,Hannover 96,Pass,70.6,43.6,2,52
b6d10e68-276f-4e4d-b3e9-c2212966bc72,00:07:52.554,Edgar Prib,24914,Hannover 96,Ball Receipt*,63.9,46.4,2,52
90b56c59-2b78-43f5-98a1-c0e5be453dec,00:07:52.554,Edgar Prib,24914,Hannover 96,Carry,63.9,46.4,2,52
f545ca6e-46e4-49b2-8f43-350c42ae5579,00:07:52.785,Julian Baumgartlinger,20037,FSV Mainz 05,Pressure,52.4,37.3,2,52
1de838be-90da-4e20-921a-bfdfcf573491,00:07:55.143,Edgar Prib,24914,Hannover 96,Pass,74.1,31.3,2,52
da96089e-79b0-4ad9-8479-7489e38d9978,00:07:57.076,Manuel Schmiedebach,8543,Hannover 96,Ball Receipt*,84.4,15.4,2,52
9a172499-3584-4ced-8957-da127c26c8fe,00:07:57.076,Manuel Schmiedebach,8543,Hannover 96,Pass,84.4,15.2,2,52
036dd03f-a9ba-49ff-947c-e92fb6e6a77f,00:07:58.495,Oliver Sorg,12316,Hannover 96,Ball Receipt*,68.3,9.8,2,52
43211aec-4231-46a5-927f-5ba281eb8614,00:07:58.495,Oliver Sorg,12316,Hannover 96,Carry,68.3,9.8,2,52
1033ad1f-508d-4fb6-8a9a-76784bbbb133,00:07:58.943,Oliver Sorg,12316,Hannover 96,Pass,69.5,11.3,2,52
f6a5caff-b26e-4484-a1a7-a3dac1e1a4c2,00:07:59.747,Manuel Schmiedebach,8543,Hannover 96,Ball Receipt*,72.6,18.8,2,52
8109629c-e33d-4136-87dc-55d83d4e5c50,00:07:59.747,Manuel Schmiedebach,8543,Hannover 96,Carry,72.6,18.8,2,52
a41b8da2-68d4-41e9-872d-49ae035e8f50,00:08:00.946,Manuel Schmiedebach,8543,Hannover 96,Pass,66.7,22.1,2,53
5baf3eff-abb5-4a21-834b-ec7986ce2604,00:08:02.546,Marcelo Antônio Guedes Filho,3164,Hannover 96,Ball Receipt*,57.8,45.6,2,53
432cd483-30bd-4738-8d70-b6ff4d53c8fa,00:08:02.546,Marcelo Antônio Guedes Filho,3164,Hannover 96,Carry,57.8,45.6,2,53
969aedbe-45d8-45ff-b969-130875a62e96,00:08:06.486,Marcelo Antônio Guedes Filho,3164,Hannover 96,Pass,70.8,50.5,2,53
4072c271-b3ea-4e47-8f6e-ee7cc81922cf,00:08:07.254,Kenan Karaman,8541,Hannover 96,Pressure,87.4,47.6,2,53
0594dc35-6474-49a0-a902-e7e102af50f9,00:08:07.460,Allan Saint-Maximin,3016,Hannover 96,Ball Receipt*,87.2,46.6,2,53
2ade588f-e950-4580-8b7c-45b98af196e3,00:08:07.460,Stefan Bell,8559,FSV Mainz 05,Ball Recovery,31.4,30.4,2,53
ed170742-550e-4289-bbd9-ef59f9dea196,00:08:07.460,Stefan Bell,8559,FSV Mainz 05,Carry,31.4,30.4,2,53
eba68fa6-6a40-499a-9f55-dca0c30004a2,00:08:08.086,Kenan Karaman,8541,Hannover 96,Foul Committed,86.1,49.9,2,53
31492534-28d1-4cc5-8851-e491b4857d11,00:08:08.086,Stefan Bell,8559,FSV Mainz 05,Foul Won,34.0,30.2,2,53
fde60220-4ae4-4968-9d50-8abad61fd4f8,00:08:18.600,Stefan Bell,8559,FSV Mainz 05,Pass,35.5,27.3,2,53
1f361242-2164-444d-ae00-738a0110ba1e,00:08:19.671,Julian Baumgartlinger,20037,FSV Mainz 05,Ball Receipt*,46.5,36.0,2,53
ea645144-2a96-4ed4-9847-672ff5e953a9,00:08:19.671,Julian Baumgartlinger,20037,FSV Mainz 05,Carry,46.5,36.0,2,53
1d16d115-83ba-4c6b-9a49-54a1a5dc0c4e,00:08:20.211,Allan Saint-Maximin,3016,Hannover 96,Pressure,73.6,47.9,2,53
9ef4079a-05d7-4881-84b7-815367338800,00:08:20.369,Julian Baumgartlinger,20037,FSV Mainz 05,Pass,46.7,36.0,2,53
835fd7db-bee1-4b2c-82b4-f2a2cb1a5cb0,00:08:21.138,Yunus Mallı,8679,FSV Mainz 05,Ball Receipt*,54.7,30.9,2,53
f4b16076-0e8a-4c9c-8d87-edc6499b5063,00:08:21.138,Yunus Mallı,8679,FSV Mainz 05,Carry,54.7,30.9,2,53
1d457428-39ad-47ae-854e-39c73c1f95e6,00:08:22.019,Yunus Mallı,8679,FSV Mainz 05,Pass,54.7,30.7,2,53
4d751019-51bb-4835-9a02-3fdbf50a7469,00:08:22.890,Jairo Samperio Bustara,6925,FSV Mainz 05,Ball Receipt*,64.6,22.2,2,53
a3676813-1491-49ef-b3cc-3a9cda7788f4,00:08:22.890,Jairo Samperio Bustara,6925,FSV Mainz 05,Carry,64.6,22.2,2,53
109876ab-0519-460d-9f04-824684391adc,00:08:24.601,Kenan Karaman,8541,Hannover 96,Pressure,52.4,55.8,2,53
7d67f07e-143b-41bd-b69a-95a2debf21d4,00:08:24.940,Jairo Samperio Bustara,6925,FSV Mainz 05,Pass,71.3,27.1,2,53
f528ec2c-bc07-4d6f-bd8b-0444c19857d5,00:08:26.618,Pierre Bengtsson,20871,FSV Mainz 05,Ball Receipt*,88.9,8.9,2,53
8d895446-39d9-4d75-9e36-4852dbd18254,00:08:26.618,Pierre Bengtsson,20871,FSV Mainz 05,Carry,88.9,8.9,2,53
ad6a24e9-68c3-4d3d-8bac-fb58a1831b24,00:08:30.443,Hiroki Sakai,3530,Hannover 96,Pressure,16.9,68.6,2,53
105f4845-70c9-4fc4-afb4-b7716ba15bb1,00:08:30.788,Pierre Bengtsson,20871,FSV Mainz 05,Dispossessed,104.0,8.2,2,53
ca578bdd-cd1d-4dd9-92b6-f18b80dece21,00:08:30.788,Hiroki Sakai,3530,Hannover 96,Duel,16.1,71.9,2,53
46fc1c10-33ee-4ffd-9071-a7a5411066ed,00:08:43.628,Pierre Bengtsson,20871,FSV Mainz 05,Pass,104.5,0.1,2,53
e890db2c-13d1-4d66-b1b8-4a3cd27b7103,00:08:44.409,Marcelo Antônio Guedes Filho,3164,Hannover 96,Pressure,17.4,69.4,2,53
7b248d8c-27bb-42b4-b116-e9ebd9f822d1,00:08:44.637,Jairo Samperio Bustara,6925,FSV Mainz 05,Ball Receipt*,102.7,9.4,2,53
44668efa-a2fb-4c74-b114-ea2d0d52eeb5,00:08:44.637,Jairo Samperio Bustara,6925,FSV Mainz 05,Carry,102.7,9.4,2,53
7634dde8-a9a1-47de-bdad-145024b079af,00:08:45.753,Jairo Samperio Bustara,6925,FSV Mainz 05,Dispossessed,100.2,6.1,2,53
eff6550a-ace3-4036-82fb-52b3013292e7,00:08:45.753,Marcelo Antônio Guedes Filho,3164,Hannover 96,Duel,19.9,74.0,2,53
d22e9c2a-5263-49b8-89c9-3f6367276a3b,00:08:46.143,Pierre Bengtsson,20871,FSV Mainz 05,Pressure,102.5,4.3,2,53
e3162e06-8ffc-44b1-823a-5a7d3759b63b,00:08:46.382,Hiroki Sakai,3530,Hannover 96,Pass,16.6,74.0,2,53
51d8931d-8a4e-43a5-9a16-5a5214bf711e,00:08:47.424,Allan Saint-Maximin,3016,Hannover 96,Pressure,34.5,73.5,2,53
f6caf71c-48eb-407f-bd6e-eea142921aab,00:08:48.582,Allan Saint-Maximin,3016,Hannover 96,Ball Receipt*,32.7,72.2,2,53
91e85f9a-2b27-42af-b34b-72556420d2cd,00:08:48.582,Danny Latza,8539,FSV Mainz 05,Pass,82.5,4.6,2,53
f4b16c15-838e-4d1b-b065-994a9620d016,00:08:49.844,Stefan Bell,8559,FSV Mainz 05,Ball Receipt*,57.7,6.4,2,53
e4f0b4e6-726d-4143-846f-bf7b0d1cacbc,00:08:49.844,Stefan Bell,8559,FSV Mainz 05,Carry,57.7,6.4,2,53
b9f4415b-95d7-4bf6-8e90-95a20e8d9aa4,00:08:52.838,Stefan Bell,8559,FSV Mainz 05,Pass,37.5,12.5,2,53
4b3e7b6f-cbe7-49f9-85e3-7d653821781e,00:08:55.273,Niko Bungert,13319,FSV Mainz 05,Ball Receipt*,42.6,48.0,2,53
1fca93b7-4e66-498b-95de-d7f788bb09f1,00:08:55.273,Niko Bungert,13319,FSV Mainz 05,Carry,42.6,48.0,2,53
701cef67-8b0c-4495-978f-7a273c2dc6ff,00:08:57.673,Niko Bungert,13319,FSV Mainz 05,Pass,49.3,51.1,2,53
972bbe0d-53dc-4236-be69-a79d1b3082c7,00:09:00.703,Jairo Samperio Bustara,6925,FSV Mainz 05,Ball Receipt*,91.0,8.7,2,54
00f6ac98-187a-4eee-ad46-abcc3e563c3a,00:09:12.150,Marcelo Antônio Guedes Filho,3164,Hannover 96,Pass,24.8,68.4,2,54
90da7bbc-12bb-4782-8452-6ea8065c2646,00:09:13.877,Ron-Robert Zieler,8947,Hannover 96,Ball Receipt*,13.3,48.4,2,54
5c7b0833-766c-45aa-baf8-0d2223694ab9,00:09:13.877,Ron-Robert Zieler,8947,Hannover 96,Carry,13.3,48.4,2,54
f63af835-d5fa-4502-bf95-c02511583ee3,00:09:14.829,Ron-Robert Zieler,8947,Hannover 96,Pass,16.4,46.6,2,54
ab9f06d0-629f-4a58-b555-882f453599b9,00:09:16.948,Christian Schulz,400614,Hannover 96,Ball Receipt*,24.3,20.0,2,54
8af06d3a-dbe2-45b8-991f-4d789e9490a0,00:09:16.948,Christian Schulz,400614,Hannover 96,Carry,24.3,20.0,2,54
84e0f087-ae2e-4269-90ed-99608e2e794a,00:09:19.029,Christian Schulz,400614,Hannover 96,Pass,25.3,19.5,2,54
33529182-46db-4ab1-b4e0-9847e828f219,00:09:20.688,Ron-Robert Zieler,8947,Hannover 96,Ball Receipt*,24.0,42.0,2,54
b1b0f61c-bd68-4cc5-858f-debd677825fe,00:09:20.688,Ron-Robert Zieler,8947,Hannover 96,Carry,24.0,42.0,2,54
9c65f0f6-3837-4a91-8fc9-cb1e507e70f8,00:09:21.628,Ron-Robert Zieler,8947,Hannover 96,Pass,26.1,44.6,2,54
24b7d6c0-6e9b-4b6b-a1c1-ceb497d4995d,00:09:23.795,Marcelo Antônio Guedes Filho,3164,Hannover 96,Ball Receipt*,40.1,69.6,2,54
b2495152-bda5-4cf6-a948-29fa41ec6961,00:09:23.795,Marcelo Antônio Guedes Filho,3164,Hannover 96,Carry,40.1,69.6,2,54
796f06da-d76e-455a-8c58-ad44ebe780f5,00:09:25.894,Marcelo Antônio Guedes Filho,3164,Hannover 96,Pass,27.6,68.1,2,54
3cd9d0e6-ed97-4034-9f86-7f366c4f696d,00:09:27.485,Ron-Robert Zieler,8947,Hannover 96,Ball Receipt*,20.2,49.7,2,54
3818b6aa-3f9d-4b61-aee2-9240e86276d8,00:09:27.485,Ron-Robert Zieler,8947,Hannover 96,Carry,20.2,49.7,2,54
af9070ff-a656-442b-980f-6d0f94364ff6,00:09:29.050,Ron-Robert Zieler,8947,Hannover 96,Pass,22.7,46.6,2,54
e40a34d7-3365-49b5-9c2e-bdd20a586d29,00:09:31.805,Christian Schulz,400614,Hannover 96,Ball Receipt*,27.6,19.0,2,54
b961f119-b8c9-415a-98ce-4d71a4e27edd,00:09:33.170,Christian Schulz,400614,Hannover 96,Pass,46.8,11.1,2,54
13532295-2052-4ccb-b608-80a75b150946,00:09:34.540,Oliver Sorg,12316,Hannover 96,Ball Receipt*,62.6,0.6,2,54
9c5430b6-82db-4cc0-ac76-53cb60befb07,00:09:34.706,Oliver Sorg,12316,Hannover 96,Pass,63.1,1.1,2,54
f8b56acc-7f5a-48d8-ab40-023dc7ad0218,00:09:35.077,Edgar Prib,24914,Hannover 96,Ball Receipt*,68.8,8.8,2,54
ddebc5d5-625b-4848-b27b-2dbe3efc369f,00:09:35.077,Edgar Prib,24914,Hannover 96,Carry,68.8,8.8,2,54
88b9864c-bf66-455b-b73f-16964b5b5da9,00:09:36.046,Edgar Prib,24914,Hannover 96,Pass,69.8,8.0,2,54
40ffa93d-5ba4-44b2-8c55-0c6c8eb4d2c1,00:09:38.730,Oliver Sorg,12316,Hannover 96,Ball Receipt*,77.5,0.9,2,54
e8a8cd76-7b95-4801-9f98-12a0457aecb8,00:09:50.290,Leon Aderemi Balogun,5467,FSV Mainz 05,Pass,28.3,80.0,2,54
38ae8c5d-5784-4ac0-bb40-2e78eea2dbf4,00:09:51.391,Yunus Mallı,8679,FSV Mainz 05,Ball Receipt*,39.1,68.5,2,54
91a712d9-5b02-4ca1-96b6-9df1d904255d,00:09:51.431,Yunus Mallı,8679,FSV Mainz 05,Pass,39.1,68.5,2,54
20bd3386-38cd-4bc8-b2e3-b3d8351fed32,00:09:52.684,Yoshinori Muto,6337,FSV Mainz 05,Ball Receipt*,65.1,59.6,2,54
103816ba-6777-471d-a056-3e864fed0c2b,00:09:52.684,Salif Sané,5664,Hannover 96,Ball Recovery,67.7,13.9,2,54
36459dab-094d-41a0-bd71-d1db674e12cc,00:09:52.684,Salif Sané,5664,Hannover 96,Carry,67.7,13.9,2,54
4c29affe-0965-4792-9319-6fdd605dd0f1,00:09:55.300,Salif Sané,5664,Hannover 96,Pass,69.8,29.2,2,54
ba7a0d20-4f56-4aa2-8c7b-4946adadd7a1,00:09:57.076,Hiroki Sakai,3530,Hannover 96,Ball Receipt*,67.5,59.1,2,54
98e01ad7-5cb0-4494-a2b2-f447764b4fc3,00:09:57.076,Hiroki Sakai,3530,Hannover 96,Carry,67.5,59.1,2,54
ce5f5e81-f521-4d42-9ad0-2fa1460e2cf7,00:09:59.372,Hiroki Sakai,3530,Hannover 96,Pass,69.0,66.6,2,54
567f94f7-97ff-4d02-a485-c3a7464da11b,00:10:00.854,Salif Sané,5664,Hannover 96,Ball Receipt*,70.3,53.5,2,55
659ca013-c352-4916-ba2e-ae8a1a4808a2,00:10:00.854,Salif Sané,5664,Hannover 96,Carry,70.3,53.5,2,55
55825f29-c9cb-4c74-9c94-f230bd7b089a,00:10:01.324,Salif Sané,5664,Hannover 96,Pass,71.1,56.1,2,55
085586c0-150b-4df8-b5d3-b6496b5fdf3d,00:10:01.369,Charlison Benschop,8558,Hannover 96,Ball Receipt*,87.4,57.9,2,55
e7b424f1-8282-4c48-8b67-999f8619174b,00:10:01.369,Danny Latza,8539,FSV Mainz 05,Block,46.7,23.0,2,55
1bf01398-9b1c-45d6-8b43-367b735400f5,00:10:03.653,Danny Latza,8539,FSV Mainz 05,Pressure,54.1,8.4,2,55
c56af6d6-4096-4ba4-95d3-33921ec8a055,00:10:04.599,Hiroki Sakai,3530,Hannover 96,Shield,64.4,75.5,2,55
c022ac06-217a-42bc-8e26-79697be0e196,00:10:12.739,Hiroki Sakai,3530,Hannover 96,Pass,65.7,80.0,2,55
050cf748-2194-4ca9-9f11-bc86a1e443f7,00:10:14.280,Charlison Benschop,8558,Hannover 96,Ball Receipt*,84.4,63.7,2,55
056419e2-7ab1-429c-a38d-0fc6b768831f,00:10:14.280,Charlison Benschop,8558,Hannover 96,Pass,84.4,63.7,2,55
05410412-a8c6-430d-988d-14854393ad0f,00:10:16.875,Kenan Karaman,8541,Hannover 96,Ball Receipt*,85.4,74.0,2,55
7d658518-f4db-4fdc-ad9c-cc82c60f2ff8,00:10:32.163,Pierre Bengtsson,20871,FSV Mainz 05,Pass,35.0,0.1,2,55
fea84efd-7367-49be-af02-15acd70c87de,00:10:33.149,Julian Baumgartlinger,20037,FSV Mainz 05,Ball Receipt*,39.1,9.7,2,55
3c2ff4de-f499-4c04-ad96-67a0d95bb309,00:10:33.149,Julian Baumgartlinger,20037,FSV Mainz 05,Pass,39.3,10.0,2,55
471b64eb-8065-43a6-b557-642107f50d91,00:10:33.881,Pierre Bengtsson,20871,FSV Mainz 05,Ball Receipt*,34.2,2.3,2,55
725c7c67-39d4-4c43-8996-24a0a3b7045a,00:10:33.881,Pierre Bengtsson,20871,FSV Mainz 05,Carry,34.2,2.3,2,55
6ff028bb-14f8-4e76-b0da-253f8c6605b8,00:10:35.226,Pierre Bengtsson,20871,FSV Mainz 05,Pass,34.5,2.0,2,55
977cc7bd-ec18-4123-9727-22fc108187e0,00:10:36.234,Stefan Bell,8559,FSV Mainz 05,Ball Receipt*,19.1,6.9,2,55
db03d1b5-fb71-4b7d-a939-6a2280e53f39,00:10:36.234,Stefan Bell,8559,FSV Mainz 05,Carry,19.1,6.9,2,55
06af50ab-660e-470b-8749-1c54b3d1275d,00:10:36.957,Allan Saint-Maximin,3016,Hannover 96,Pressure,98.7,70.9,2,55
c33eb838-68d3-4b9d-87f3-ec91333fc465,00:10:37.534,Stefan Bell,8559,FSV Mainz 05,Pass,19.4,4.6,2,55
948f61c7-be32-4808-878e-f6505cf8bf4a,00:10:40.197,Yoshinori Muto,6337,FSV Mainz 05,Ball Receipt*,67.2,10.0,2,55
0cbcd9d0-f931-467e-afea-9e7c5dab166b,00:10:40.197,Marcelo Antônio Guedes Filho,3164,Hannover 96,Interception,52.1,70.1,2,55
2a40dbe7-7cab-4621-9152-a3bee143a55a,00:10:41.384,Salif Sané,5664,Hannover 96,Ball Recovery,54.4,59.4,2,55
a362fcf1-04e4-40dd-b53d-1c7465447dc7,00:10:41.384,Salif Sané,5664,Hannover 96,Carry,54.4,59.4,2,55
c4b3c281-2287-4051-bd6d-e019cd736c91,00:10:43.756,Salif Sané,5664,Hannover 96,Pass,49.8,63.7,2,55
4f624c68-d9d7-42cd-917a-9b571e03af9c,00:10:44.883,Hiroki Sakai,3530,Hannover 96,Ball Receipt*,57.3,72.4,2,55
ea7dd0f9-4f03-4630-8244-32f8d686ec92,00:10:44.883,Hiroki Sakai,3530,Hannover 96,Carry,57.3,72.4,2,55
4da02099-48ad-4494-b87e-b2aecc743ccf,00:10:44.908,Jairo Samperio Bustara,6925,FSV Mainz 05,Pressure,60.5,10.2,2,55
b497f499-5f4a-4e6a-8195-a0f24827e96b,00:10:45.266,Hiroki Sakai,3530,Hannover 96,Miscontrol,61.3,72.7,2,55
6e9e17c4-0ee1-4c0f-a5df-ece8806a268a,00:10:45.667,Hiroki Sakai,3530,Hannover 96,Pressure,63.9,72.2,2,55
c4ce6a63-e518-4467-a319-58db5f4c7098,00:10:46.206,Jairo Samperio Bustara,6925,FSV Mainz 05,Ball Recovery,51.6,7.9,2,55
23580fe9-500f-4260-9889-24e6f24eb120,00:10:46.206,Jairo Samperio Bustara,6925,FSV Mainz 05,Carry,51.6,7.9,2,55
62655510-67f8-419b-9197-da07b612c132,00:10:48.485,Jairo Samperio Bustara,6925,FSV Mainz 05,Pass,48.0,3.8,2,55
ba0b5f95-9cf4-4110-a816-8bb01c759a3b,00:10:49.466,Yoshinori Muto,6337,FSV Mainz 05,Ball Receipt*,58.2,2.5,2,55
8da7aed3-c873-449f-9f1c-d3e27ab20986,00:10:49.466,Yoshinori Muto,6337,FSV Mainz 05,Carry,58.2,2.5,2,55
44be4763-9677-4b95-aeaa-afe78d36d455,00:10:49.626,Yoshinori Muto,6337,FSV Mainz 05,Pass,59.0,2.3,2,55
fd2783c8-543e-4d2b-a852-6a934bedc0af,00:10:49.993,Danny Latza,8539,FSV Mainz 05,Ball Receipt*,57.5,10.0,2,55
656c508c-202b-435a-a414-871387d80d34,00:10:49.993,Salif Sané,5664,Hannover 96,Block,61.6,75.0,2,55
b4a5549c-57de-409e-ba93-d3e5ec4697f5,00:11:04.345,Pierre Bengtsson,20871,FSV Mainz 05,Pass,63.1,0.1,2,56
5ff1185a-2c2c-48d6-8f70-bdd6e2107507,00:11:06.435,Yunus Mallı,8679,FSV Mainz 05,Ball Receipt*,69.2,30.4,2,56
877a4055-d44e-4de1-8aa7-b8b027a73087,00:11:06.435,Yunus Mallı,8679,FSV Mainz 05,Carry,69.2,30.4,2,56
0a86362a-8209-4875-a7a6-73ed6a7d2db6,00:11:12.152,Yunus Mallı,8679,FSV Mainz 05,Pass,93.0,59.6,2,56
f47973aa-5910-4fd8-89be-b97e99d65cca,00:11:12.487,Christian Clemens,9098,FSV Mainz 05,Ball Receipt*,105.5,67.2,2,56
528ebfee-0d14-4cf5-b2df-6b8e917d35e4,00:11:12.487,Christian Schulz,400614,Hannover 96,Block,21.7,19.8,2,56
b7a2f2c3-da5e-41a3-93db-1dd46e8ac14a,00:11:15.936,Leon Aderemi Balogun,5467,FSV Mainz 05,Pass,76.6,77.2,2,56
bc6ea071-430a-4975-9b2f-cd2d553d46b3,00:11:17.350,Julian Baumgartlinger,20037,FSV Mainz 05,Ball Receipt*,77.4,64.7,2,56
856a1e4e-1b78-4e25-a04d-43fda1b41e81,00:11:17.350,Julian Baumgartlinger,20037,FSV Mainz 05,Carry,77.4,64.7,2,56
6c108fad-bc4e-41d3-8e4b-2bb5ad87eb84,00:11:19.042,Allan Saint-Maximin,3016,Hannover 96,Pressure,37.6,14.7,2,56
390368ac-7752-4efb-a7a8-34366e90f72f,00:11:19.114,Julian Baumgartlinger,20037,FSV Mainz 05,Pass,82.3,66.5,2,56
8cd72cce-a84c-4989-971d-85298d926af5,00:11:19.983,Yunus Mallı,8679,FSV Mainz 05,Ball Receipt*,84.6,71.3,2,56
8e82332e-c3dd-4f90-b3b9-d94a457d0623,00:11:19.983,Yunus Mallı,8679,FSV Mainz 05,Carry,84.6,71.3,2,56
c09ee8ee-129f-4104-b4fa-d6cdce253ec4,00:11:20.670,Yunus Mallı,8679,FSV Mainz 05,Pass,84.6,71.3,2,56
5884fc1e-2380-4161-a227-58988261f492,00:11:21.222,Christian Clemens,9098,FSV Mainz 05,Ball Receipt*,95.8,76.9,2,56
a4510e9b-6079-4fba-92e0-ada7b94d646d,00:11:21.222,Christian Clemens,9098,FSV Mainz 05,Carry,95.8,76.9,2,56
4c1416b7-c2d2-4cd0-ae27-0cd5e1914695,00:11:21.222,Oliver Sorg,12316,Hannover 96,Block,29.4,6.0,2,56
f04e1a87-949c-40a9-bec1-087ba823d274,00:11:25.315,Oliver Sorg,12316,Hannover 96,Pressure,12.5,3.9,2,56
e1c139de-1b3c-48a9-ad9c-ae6047857dd0,00:11:25.882,Christian Clemens,9098,FSV Mainz 05,Miscontrol,110.9,76.7,2,56
094dd306-4517-413e-8115-e06dd12fc3ad,00:11:27.128,Christian Clemens,9098,FSV Mainz 05,Pressure,116.0,67.5,2,56
7f4cdc01-79e3-44da-8f1c-b39a772851f5,00:11:27.737,Oliver Sorg,12316,Hannover 96,Shield,2.8,19.3,2,56
59fa76a5-9981-41d8-8750-485812c1c253,00:11:53.821,Ron-Robert Zieler,8947,Hannover 96,Pass,6.0,36.0,2,56
197cf9ef-e653-4fa5-9dad-3c30ec4ee51f,00:11:57.871,Allan Saint-Maximin,3016,Hannover 96,Ball Receipt*,73.1,16.7,2,56
b07779ca-f26b-4393-8412-40f8803ee849,00:11:57.871,Julian Baumgartlinger,20037,FSV Mainz 05,Pass,46.5,63.4,2,56
8a456a60-e704-4cab-88af-e37cae1f09aa,00:11:59.396,Danny Latza,8539,FSV Mainz 05,Ball Receipt*,50.3,51.4,2,56
966f6bb8-eeda-4ded-9f4b-b21933ecd266,00:11:59.396,Danny Latza,8539,FSV Mainz 05,Pass,50.3,51.4,2,56
7a8a229f-1e0a-4c9a-8466-6042aae0a2df,00:12:00.877,Yunus Mallı,8679,FSV Mainz 05,Ball Receipt*,59.3,60.1,2,57
b14bd3a1-a98d-4c88-86f1-d0cae5591946,00:12:00.877,Oliver Sorg,12316,Hannover 96,Pass,56.7,18.0,2,57
f0f3cbd7-6775-48a9-8845-c9709271c20b,00:12:02.027,Christian Schulz,400614,Hannover 96,Ball Receipt*,46.8,21.6,2,57
f128361c-382e-4fb7-94dc-6a8d048f19c9,00:12:02.027,Christian Schulz,400614,Hannover 96,Carry,46.8,21.6,2,57
8ca42a74-923a-4384-a073-9def5cea5786,00:12:02.541,Christian Schulz,400614,Hannover 96,Pass,47.8,21.8,2,57
c7551b97-33e7-40ac-a0b8-30f2bc03c655,00:12:03.890,Oliver Sorg,12316,Hannover 96,Ball Receipt*,50.1,6.7,2,57
bbd40c37-bb66-4bb8-8127-9c9c48eca549,00:12:03.890,Oliver Sorg,12316,Hannover 96,Carry,50.1,6.7,2,57
154e596f-a3af-4457-b8c4-4ebe3f6849c2,00:12:04.642,Oliver Sorg,12316,Hannover 96,Pass,50.1,2.7,2,57
7f81ced5-b169-4da7-b1ff-3db6a5986737,00:12:04.890,Allan Saint-Maximin,3016,Hannover 96,Ball Receipt*,59.8,1.9,2,57
1caf2b12-9255-431a-ba94-73642a4072fc,00:12:04.890,Christian Clemens,9098,FSV Mainz 05,Block,66.9,77.2,2,57
2871859f-59b4-49a9-8d9e-08f4403d7152,00:12:17.187,Oliver Sorg,12316,Hannover 96,Pass,62.1,0.1,2,57
a3a5d4c0-eb2b-4acf-9554-7fb75da14b28,00:12:18.394,Allan Saint-Maximin,3016,Hannover 96,Ball Receipt*,67.7,11.6,2,57
e9e64694-6239-47dc-b250-250d36825ecc,00:12:18.394,Allan Saint-Maximin,3016,Hannover 96,Carry,67.7,11.6,2,57
d008eec6-bde9-4f0a-8c95-893dd14f58ff,00:12:18.774,Julian Baumgartlinger,20037,FSV Mainz 05,Pressure,52.9,69.5,2,57
40fd1200-fa67-4a39-a76b-2c3d4369130a,00:12:19.448,Allan Saint-Maximin,3016,Hannover 96,Pass,60.8,13.9,2,57
a551780d-a410-4dcc-b036-ba29daa16eb0,00:12:21.127,Marcelo Antônio Guedes Filho,3164,Hannover 96,Ball Receipt*,52.9,34.4,2,57
0c3cfd85-ca1a-4387-b5ac-4c53b6f9cf5d,00:12:21.127,Marcelo Antônio Guedes Filho,3164,Hannover 96,Carry,52.9,34.4,2,57
207b13bc-36a1-4c72-a7a0-b2fe5b21d697,00:12:22.212,Marcelo Antônio Guedes Filho,3164,Hannover 96,Pass,56.5,39.7,2,57
cdd8e683-7e62-4de3-b8f0-c1d9011649a8,00:12:24.635,Kenan Karaman,8541,Hannover 96,Ball Receipt*,84.6,72.4,2,57
92c150d2-e29e-4963-a283-9c0ba1bf760d,00:12:24.635,Kenan Karaman,8541,Hannover 96,Carry,84.6,72.4,2,57
068fa193-f243-4f4d-9a70-77dcf03d9540,00:12:27.537,Danny Latza,8539,FSV Mainz 05,Pressure,35.5,24.5,2,57
430ca28f-9d39-4e8d-aa57-2456a61df9ac,00:12:30.802,Kenan Karaman,8541,Hannover 96,Pass,82.1,37.4,2,57
5094dfe7-f379-41fd-9acc-81ab882990f0,00:12:33.678,Oliver Sorg,12316,Hannover 96,Ball Receipt*,107.1,10.8,2,57
b6b520f9-2673-4555-acdb-1f15ecf5801a,00:12:33.678,Oliver Sorg,12316,Hannover 96,Carry,107.1,10.8,2,57
eb0de84f-03eb-4a9a-8794-6b5b7fa19a7c,00:12:34.714,Oliver Sorg,12316,Hannover 96,Pass,115.3,17.2,2,57
21522634-6cce-4100-b39a-c02926b61cae,00:12:35.154,Charlison Benschop,8558,Hannover 96,Ball Receipt*,112.7,35.6,2,57
534a1256-109e-49f3-bc16-d40f67a2fc97,00:12:35.154,Leon Aderemi Balogun,5467,FSV Mainz 05,Block,3.8,53.2,2,57
c6ca7c51-f4ee-49d6-966c-adcbe2ba180d,00:12:39.041,Pierre Bengtsson,20871,FSV Mainz 05,Ball Recovery,2.8,15.3,2,57
7e4e48b9-d270-46d6-bc7e-dd4f5752136c,00:12:39.041,Pierre Bengtsson,20871,FSV Mainz 05,Carry,2.8,15.3,2,57
185dcffc-6b9a-462a-9cd1-21c30365e99d,00:12:42.757,Pierre Bengtsson,20871,FSV Mainz 05,Pass,13.8,6.1,2,57
91632ebf-6740-4508-bfba-e18dd3a5a131,00:12:45.288,Yoshinori Muto,6337,FSV Mainz 05,Ball Receipt*,61.8,19.4,2,57
46c134b3-6441-4594-ae2c-26dd1c60ea03,00:12:45.288,Marcelo Antônio Guedes Filho,3164,Hannover 96,Duel,58.3,60.7,2,57
c9669732-2c83-40ee-a7aa-74677afcee50,00:12:45.288,Yoshinori Muto,6337,FSV Mainz 05,Pass,61.8,19.4,2,57
b0c576de-8e34-477a-b85e-42116dc95c68,00:12:46.378,Yunus Mallı,8679,FSV Mainz 05,Ball Receipt*,61.3,6.9,2,57
d4e793b2-ae6f-4429-8f7e-a9d80a8b2ff5,00:12:46.378,Yunus Mallı,8679,FSV Mainz 05,Carry,61.3,6.9,2,57
8e032cad-a3a7-4100-9c12-90a98070d8ed,00:12:52.222,Yunus Mallı,8679,FSV Mainz 05,Pass,92.0,19.4,2,57
84a36020-da09-49b8-bb66-35281e613d52,00:12:53.375,Christian Clemens,9098,FSV Mainz 05,Ball Receipt*,91.0,37.1,2,57
ff6f1eea-1807-4391-bac9-2267146ef8f5,00:12:53.375,Christian Clemens,9098,FSV Mainz 05,Pass,90.5,37.1,2,57
d323535d-63ca-4185-bb1e-1935bd421be5,00:12:54.480,Jairo Samperio Bustara,6925,FSV Mainz 05,Ball Receipt*,89.2,51.1,2,57
2fc0677a-3f99-476e-8565-6e91305720eb,00:12:54.480,Jairo Samperio Bustara,6925,FSV Mainz 05,Carry,89.2,51.1,2,57
c7d7ed03-aad3-421d-89e8-2a7d863b418e,00:12:56.018,Jairo Samperio Bustara,6925,FSV Mainz 05,Pass,96.3,53.4,2,57
12c69b97-2530-462e-98dc-a0bb59a275ec,00:12:56.162,Oliver Sorg,12316,Hannover 96,Pressure,16.9,26.9,2,57
9e065d5a-aabc-404e-969a-03d79edf819f,00:12:56.511,Yoshinori Muto,6337,FSV Mainz 05,Ball Receipt*,103.2,56.7,2,57
faef535d-5236-45a6-b694-50382aeb52c3,00:12:56.511,Yoshinori Muto,6337,FSV Mainz 05,Carry,103.2,56.7,2,57
a424cc58-a438-4061-828b-8ef1e050d1a3,00:12:56.782,Oliver Sorg,12316,Hannover 96,Dribbled Past,16.4,23.4,2,57
164bfc34-b330-4df4-bb74-c1cc23fc0f35,00:12:56.782,Yoshinori Muto,6337,FSV Mainz 05,Dribble,103.7,56.7,2,57
59ea9f12-b836-488c-9c5b-2fbf68e4ef7d,00:12:56.782,Yoshinori Muto,6337,FSV Mainz 05,Carry,103.7,56.7,2,57
96c8d1ff-e33d-4ed8-8bb8-6e95df48f403,00:12:57.674,Christian Schulz,400614,Hannover 96,Pressure,15.8,30.0,2,57
45ab2beb-12a7-4727-b223-cdf96c12f613,00:12:59.229,Yoshinori Muto,6337,FSV Mainz 05,Pass,97.6,46.0,2,57
3012608a-42fd-4c19-bc6e-6829f066dc6b,00:12:59.694,Christian Clemens,9098,FSV Mainz 05,Ball Receipt*,99.7,40.6,2,57
24ee84cb-a5ca-4f5f-b8f2-27d991ed1edb,00:12:59.694,Christian Clemens,9098,FSV Mainz 05,Carry,99.7,40.6,2,57
0a7afab2-a61f-48d9-a19c-02c4d9cce3c7,00:13:00.113,Christian Schulz,400614,Hannover 96,Pressure,20.4,36.9,2,58
22f62605-8836-4418-965e-e1d12a751dfc,00:13:00.168,Christian Clemens,9098,FSV Mainz 05,Pass,99.7,40.4,2,58
d29ccac0-4b64-43b0-8d65-b68060ba0498,00:13:01.042,Danny Latza,8539,FSV Mainz 05,Ball Receipt*,94.3,48.6,2,58
c35b7b1c-cccc-4cd8-b414-3e3f65f4b13c,00:13:01.042,Danny Latza,8539,FSV Mainz 05,Carry,94.3,48.6,2,58
f448ff5d-e24e-437f-b8bc-a40c9456a409,00:13:02.033,Salif Sané,5664,Hannover 96,Pressure,19.4,28.5,2,58
ac155023-f817-4e9c-8277-c6e6c41e98b9,00:13:02.112,Danny Latza,8539,FSV Mainz 05,Pass,98.9,52.1,2,58
d2ca6bf4-2add-49ca-bc63-dc682b99a1ca,00:13:02.420,Jairo Samperio Bustara,6925,FSV Mainz 05,Ball Receipt*,107.1,55.5,2,58
3d4f715f-f22b-4d87-a5d8-1141e783dc52,00:13:02.420,Salif Sané,5664,Hannover 96,Block,18.9,27.2,2,58
2267a3f6-9375-4429-9676-f0b2407b69b2,00:13:02.958,Oliver Sorg,12316,Hannover 96,Ball Recovery,14.8,24.4,2,58
4dcf4cc4-134f-45c3-b666-fd0f5afe853a,00:13:02.958,Oliver Sorg,12316,Hannover 96,Carry,14.8,24.4,2,58
ddef198f-5cc9-4e27-b404-53cbe1b6a436,00:13:06.404,Oliver Sorg,12316,Hannover 96,Pass,26.8,21.8,2,58
9200fe01-5f6a-4d46-b5cf-9f6b88b8a3fc,00:13:07.285,Edgar Prib,24914,Hannover 96,Ball Receipt*,39.1,11.3,2,58
d9140931-dfcc-4434-a7ff-884d1d89b3c0,00:13:07.285,Edgar Prib,24914,Hannover 96,Carry,39.1,11.3,2,58
1dbf9fa1-86ea-4c5b-bcbb-cd5b7a32a879,00:13:11.131,Christian Clemens,9098,FSV Mainz 05,Pressure,65.1,73.4,2,58
0c70791c-6bb9-47e0-a237-b7bbb8b989aa,00:13:11.367,Edgar Prib,24914,Hannover 96,Pass,58.8,2.9,2,58
9e4746a9-d4a7-4215-a7aa-e8d581eccb5c,00:13:12.025,Niko Bungert,13319,FSV Mainz 05,Pressure,48.3,58.0,2,58
48579876-1239-4dd7-af6a-5d9ceeb4a3a8,00:13:12.105,Charlison Benschop,8558,Hannover 96,Ball Receipt*,68.8,23.1,2,58
ec2eff33-74a4-47fa-9843-7bac0a06919a,00:13:12.105,Charlison Benschop,8558,Hannover 96,Carry,68.8,23.1,2,58
f3a288a6-54e3-4719-af95-52166d28ae9b,00:13:12.344,Charlison Benschop,8558,Hannover 96,Pass,68.8,22.3,2,58
73cd91df-fa5b-442e-b8e5-8f930e6161fd,00:13:13.253,Allan Saint-Maximin,3016,Hannover 96,Ball Receipt*,61.9,23.4,2,58
5df14cb8-f039-4e07-882f-c1d00a1cd7ae,00:13:13.253,Allan Saint-Maximin,3016,Hannover 96,Carry,61.9,23.4,2,58
34c9d0cd-ae84-4fc7-9946-f21f64f45855,00:13:18.531,Allan Saint-Maximin,3016,Hannover 96,Pass,91.3,46.4,2,58
e53b2656-70b4-467b-aacb-bd81f7fa3724,00:13:20.487,Manuel Schmiedebach,8543,Hannover 96,Ball Receipt*,107.9,62.0,2,58
e7e06690-b48b-4a39-b247-b9fe7dc38c4c,00:13:20.487,Manuel Schmiedebach,8543,Hannover 96,Carry,107.9,62.0,2,58
c8c62bad-5db4-4bdb-b80d-8efb35099d6b,00:13:20.816,Manuel Schmiedebach,8543,Hannover 96,Pass,110.7,59.7,2,58
6680e40a-6f06-456d-8fe0-1f11bb3cadfa,00:13:21.966,Allan Saint-Maximin,3016,Hannover 96,Ball Receipt*,103.8,51.7,2,58
5eba9a14-9b79-46da-9a3d-5d4ffbdd15bc,00:13:21.966,Allan Saint-Maximin,3016,Hannover 96,Carry,103.8,51.7,2,58
09bb205f-f7c5-4a89-9609-8adab9550539,00:13:22.758,Allan Saint-Maximin,3016,Hannover 96,Pass,104.0,51.2,2,58
3278ff75-a483-4e1d-864d-de210029543e,00:13:23.743,Charlison Benschop,8558,Hannover 96,Ball Receipt*,99.7,41.0,2,58
140e0b43-5827-4b94-ba79-435dde874811,00:13:23.743,Charlison Benschop,8558,Hannover 96,Carry,99.7,41.0,2,58
7bd138a1-590b-46d1-bc1a-64e819114d94,00:13:23.973,Leon Aderemi Balogun,5467,FSV Mainz 05,Pressure,17.6,38.8,2,58
62858e28-2982-4015-9708-de95a96a3102,00:13:24.651,Charlison Benschop,8558,Hannover 96,Dispossessed,101.5,39.0,2,58
95c02809-b4af-41a8-bccc-fd6191074400,00:13:24.651,Leon Aderemi Balogun,5467,FSV Mainz 05,Duel,18.6,41.1,2,58
6946f23e-f79b-4907-bb9e-5be24aa1d834,00:13:26.408,Christian Clemens,9098,FSV Mainz 05,Pressure,24.5,57.5,2,58
d9016948-299d-4ba5-8937-ad0578acf58e,00:13:26.710,Edgar Prib,24914,Hannover 96,Ball Recovery,98.4,24.1,2,58
55a43a28-7381-4fa6-8f78-a416ef327668,00:13:26.710,Edgar Prib,24914,Hannover 96,Carry,98.4,24.1,2,58
00f6abdd-bf3c-4ec3-a32c-b66ff583f90f,00:13:27.006,Christian Clemens,9098,FSV Mainz 05,Dribbled Past,25.0,54.4,2,58
c56f70b8-04e6-4731-89d9-dd411e80f375,00:13:27.006,Edgar Prib,24914,Hannover 96,Dribble,95.1,25.7,2,58
94a12dce-606c-4253-b682-fbbf9969b56d,00:13:27.006,Edgar Prib,24914,Hannover 96,Carry,95.1,25.7,2,58
887be6a3-f825-4ef0-919e-49ba130fb0ea,00:13:28.340,Edgar Prib,24914,Hannover 96,Pass,91.0,26.9,2,58
c95ff294-8344-4bb6-a08d-2c88d4ae4c61,00:13:29.892,Salif Sané,5664,Hannover 96,Ball Receipt*,88.4,42.0,2,58
7f27fb58-52c1-4cb2-8272-64f76eca12b1,00:13:30.024,Salif Sané,5664,Hannover 96,Shot,88.4,42.0,2,58
1e6caad7-1c64-4dad-a4ab-1d78279bcb1b,00:13:30.193,Danny Latza,8539,FSV Mainz 05,Block,25.5,38.9,2,58
868b1595-1480-4175-acb8-81ca0b024dc2,00:13:30.406,Loris Karius,3630,FSV Mainz 05,Goal Keeper,3.8,40.1,2,58
4f0d6e31-6661-4588-9f4c-cc751d0f9989,00:13:34.751,Oliver Sorg,12316,Hannover 96,Pressure,103.3,2.7,2,58
88455d3a-4a15-4e5e-887d-c2a6f87f4027,00:13:34.898,Leon Aderemi Balogun,5467,FSV Mainz 05,Clearance,15.0,78.2,2,58
75c19383-e5c7-4318-a89f-a37b45ec3e82,00:13:41.139,Oliver Sorg,12316,Hannover 96,Pass,101.0,0.1,2,58
7c10cf55-6334-405a-b84e-9e811e99eacb,00:13:41.828,Edgar Prib,24914,Hannover 96,Ball Receipt*,98.2,7.3,2,58
c2e9c911-76fb-4d38-a284-df19735d5a20,00:13:41.868,Edgar Prib,24914,Hannover 96,Pass,98.2,7.0,2,58
89ec9484-2a1a-4bb2-8bdc-85b6fe4b13a5,00:13:43.148,Oliver Sorg,12316,Hannover 96,Ball Receipt*,98.9,0.9,2,58
01238eb8-b794-4a68-b924-cf5a7d027f9b,00:13:44.985,Oliver Sorg,12316,Hannover 96,Pass,99.4,1.6,2,58
9aa3288b-a976-4b0c-be76-9362ac268658,00:13:45.710,Edgar Prib,24914,Hannover 96,Ball Receipt*,95.9,6.7,2,58
ef448f29-cbcc-49ef-9bb1-4388196380bf,00:13:45.710,Edgar Prib,24914,Hannover 96,Carry,95.9,6.7,2,58
6b2778f8-c72a-4af5-a2b4-3eeb6e28f378,00:13:46.525,Julian Baumgartlinger,20037,FSV Mainz 05,Pressure,21.9,74.4,2,58
529b7f9e-4f8b-480f-b867-79525e1a4c47,00:13:47.231,Edgar Prib,24914,Hannover 96,Pass,95.1,3.7,2,58
4b7151ed-0412-45cc-9aa6-4eb95a05fa6c,00:13:47.568,Leon Aderemi Balogun,5467,FSV Mainz 05,Pressure,18.6,77.2,2,58
963ef7de-a545-4fd6-b45a-4be6278d68ff,00:13:47.803,Oliver Sorg,12316,Hannover 96,Ball Receipt*,98.9,1.6,2,58
1d8bd735-a510-4bb4-9ae2-dc989010ca06,00:13:47.803,Oliver Sorg,12316,Hannover 96,Carry,98.9,1.6,2,58
4bf16693-46d1-40fb-a099-654316ac6723,00:13:48.003,Oliver Sorg,12316,Hannover 96,Pass,100.2,1.4,2,58
62ded078-0dd8-4851-a3bd-15fba823a7c6,00:13:50.079,Edgar Prib,24914,Hannover 96,Ball Receipt*,110.4,3.4,2,58
88b9c1c3-4f0f-4578-8467-3370df8bfda3,00:13:50.079,Edgar Prib,24914,Hannover 96,Carry,110.4,3.4,2,58
4dc5f611-7cb7-4407-934e-2817f683227f,00:13:50.800,Leon Aderemi Balogun,5467,FSV Mainz 05,Pressure,10.9,74.1,2,58
e1db63ba-b021-4c27-a64e-b3c319d24913,00:13:51.235,Edgar Prib,24914,Hannover 96,Dispossessed,111.7,6.2,2,58
8b29774e-b6ef-4ca2-ad5c-f5294f8375ca,00:13:51.235,Leon Aderemi Balogun,5467,FSV Mainz 05,Duel,8.4,73.9,2,58
592c6904-05a1-4d3f-8770-d2fe8a812c59,00:13:52.340,Leon Aderemi Balogun,5467,FSV Mainz 05,Pressure,6.6,74.9,2,58
e9575ba3-46c9-4abf-9845-3491a67d3917,00:13:52.681,Edgar Prib,24914,Hannover 96,Pass,111.7,4.2,2,58
f221cda3-d5f4-4aaa-be7e-cf8baf96598f,00:13:54.854,Oliver Sorg,12316,Hannover 96,Ball Receipt*,92.0,3.2,2,58
6c1b37e9-f529-4135-934f-495f568fd59a,00:13:54.854,Yoshinori Muto,6337,FSV Mainz 05,Interception,27.1,74.4,2,58
bf5b4e12-719b-4462-9834-f1d1e5ee9560,00:13:54.854,Yoshinori Muto,6337,FSV Mainz 05,Carry,27.1,74.4,2,58
b14ab068-a05b-4261-917a-742800dc47f6,00:13:56.053,Edgar Prib,24914,Hannover 96,Pressure,104.8,3.9,2,58
c0fb5938-e2c5-4a1e-8585-61e6212b1ebd,00:13:57.528,Edgar Prib,24914,Hannover 96,Foul Committed,102.5,2.1,2,58
aa85a9c1-b462-45b1-89f9-a4f87e4cf5d2,00:13:57.528,Yoshinori Muto,6337,FSV Mainz 05,Foul Won,17.6,78.0,2,58
19ae2a9d-dfb0-4066-8300-a2117ab76c52,00:14:24.048,Leon Aderemi Balogun,5467,FSV Mainz 05,Pass,20.1,75.4,2,59
cd360f43-77db-4f17-8b1a-9e9250ce39b1,00:14:26.092,Yoshinori Muto,6337,FSV Mainz 05,Ball Receipt*,68.2,41.7,2,59
c74c295c-4f02-4f07-a560-d6a2cdf5f1c1,00:14:26.092,Salif Sané,5664,Hannover 96,Interception,55.7,33.6,2,59
dbe3bb12-45b6-4a47-a13a-677f5c11c02f,00:14:27.111,Kenan Karaman,8541,Hannover 96,Pressure,62.9,43.0,2,59
6c10a435-62d8-41a5-b764-fff2ba28ab38,00:14:27.278,Jairo Samperio Bustara,6925,FSV Mainz 05,Pass,58.0,38.3,2,59
0a6e84a3-9811-48a4-a280-a76e7e345943,00:14:28.708,Danny Latza,8539,FSV Mainz 05,Pressure,55.4,48.0,2,59
7346fcef-fa79-45ac-bc5f-d020559ea8e4,00:14:28.971,Danny Latza,8539,FSV Mainz 05,Ball Receipt*,55.4,48.3,2,59
85b09af5-5c6c-4085-b616-23f68577cb72,00:14:28.971,Manuel Schmiedebach,8543,Hannover 96,Ball Recovery,64.7,30.5,2,59
8acf6659-a5b9-4055-a21c-219ffa843ab2,00:14:28.971,Manuel Schmiedebach,8543,Hannover 96,Carry,64.7,30.5,2,59
50676e1b-b178-4161-9f1b-c01f93f9944c,00:14:29.198,Manuel Schmiedebach,8543,Hannover 96,Dribble,64.7,29.0,2,59
434e47c0-8f20-4617-8401-ef7c17c334f1,00:14:29.198,Danny Latza,8539,FSV Mainz 05,Duel,55.4,51.1,2,59
96fa8b4d-fac5-4a3c-bf83-2412db312bb2,00:14:29.198,Danny Latza,8539,FSV Mainz 05,Carry,55.4,51.1,2,59
125dcae9-65d6-47e4-98c2-58a642f1b5af,00:14:32.282,Danny Latza,8539,FSV Mainz 05,Pass,65.1,61.6,2,59
e8393c87-b27c-4015-b0e8-79403bfd2eec,00:14:33.580,Yoshinori Muto,6337,FSV Mainz 05,Ball Receipt*,78.2,30.4,2,59
d5b21d28-d68f-46ca-b12f-0b8f80fb63ff,00:14:33.580,Hiroki Sakai,3530,Hannover 96,Pass,40.6,51.0,2,59
02c5ed06-e447-43ad-96b5-1a2593f9ab2a,00:14:35.306,Allan Saint-Maximin,3016,Hannover 96,Ball Receipt*,66.0,39.0,2,59
627f46ec-d7d7-4b7f-8a4c-f9a0759f5f71,00:14:35.306,Stefan Bell,8559,FSV Mainz 05,Interception,54.1,39.6,2,59
075d4be0-d9cc-4c28-878a-0f6e5a0f1afa,00:14:38.040,Jairo Samperio Bustara,6925,FSV Mainz 05,Ball Recovery,70.8,29.9,2,59
ce8545c0-9151-4a65-9777-80504cbd5fcb,00:14:38.040,Jairo Samperio Bustara,6925,FSV Mainz 05,Carry,70.8,29.9,2,59
1c2411d3-b1eb-43f3-848e-6edaae471964,00:14:40.043,Jairo Samperio Bustara,6925,FSV Mainz 05,Pass,76.9,32.5,2,59
1c1facc4-1cea-4c53-98ff-54d081b6e939,00:14:40.907,Yunus Mallı,8679,FSV Mainz 05,Ball Receipt*,75.9,41.4,2,59
349bdf71-6581-48ff-bfb7-3c52ef479e90,00:14:40.907,Yunus Mallı,8679,FSV Mainz 05,Carry,75.9,41.4,2,59
fef4a177-13a1-4bc3-8dd0-2ab6ff0d73ac,00:14:41.890,Salif Sané,5664,Hannover 96,Pressure,34.8,37.4,2,59
97097175-1b41-48ba-a5f1-170b358f719f,00:14:42.560,Yunus Mallı,8679,FSV Mainz 05,Dribble,84.6,43.4,2,59
2c98f6be-27be-43fe-926a-4a7d3ec40d8a,00:14:42.560,Salif Sané,5664,Hannover 96,Duel,35.5,36.7,2,59
ce592aeb-20ef-43c0-81d0-e78e83eabb76,00:14:43.879,Yunus Mallı,8679,FSV Mainz 05,50/50,88.7,42.2,2,59
a972132a-fbd2-4354-abe0-639e82c480f4,00:14:43.879,Salif Sané,5664,Hannover 96,50/50,31.4,37.9,2,59
5d6cbdae-789a-4b8a-bf2b-f1d5c96ee410,00:14:45.296,Yoshinori Muto,6337,FSV Mainz 05,Ball Recovery,92.2,30.2,2,59
ec49b13e-2b86-4268-bd49-1f6782df56ae,00:14:45.296,Yoshinori Muto,6337,FSV Mainz 05,Carry,92.2,30.2,2,59
a97f7725-ec7e-4358-a7ab-718268ac6691,00:14:46.558,Salif Sané,5664,Hannover 96,Pressure,26.3,46.1,2,59
85a4209d-392b-493a-8093-777981ff8d0d,00:14:47.709,Marcelo Antônio Guedes Filho,3164,Hannover 96,Pressure,24.8,45.3,2,59
70c06af3-8fe6-4a55-be03-66c88b470130,00:14:48.282,Yoshinori Muto,6337,FSV Mainz 05,Shot,91.4,35.9,2,59
12dee67d-c07a-4814-bcfa-c0d6d73c078d,00:14:48.443,Marcelo Antônio Guedes Filho,3164,Hannover 96,Block,26.1,43.6,2,59
437c8ae0-322e-46c4-a76c-d12a483dec5f,00:14:48.483,Ron-Robert Zieler,8947,Hannover 96,Goal Keeper,3.8,40.5,2,59
96dd8a0d-9d91-4a69-b850-90af0cd7139a,00:15:22.096,Christian Clemens,9098,FSV Mainz 05,Pass,120.0,80.0,2,60
0b7f28d9-fed3-4bca-a00d-3f12b4cfd756,00:15:23.763,Niko Bungert,13319,FSV Mainz 05,Ball Receipt*,109.4,39.4,2,60
8b259641-0f5f-4749-815a-fb7d1282800e,00:15:23.763,Niko Bungert,13319,FSV Mainz 05,Duel,109.6,39.4,2,60
4fc87950-083b-46a9-ae24-4aa1af469f47,00:15:23.763,Marcelo Antônio Guedes Filho,3164,Hannover 96,Clearance,10.5,40.7,2,60
736610d0-d94c-44cd-a173-be577df1fb98,00:15:26.035,Yunus Mallı,8679,FSV Mainz 05,Block,97.9,29.6,2,60
c46f22d0-5689-4f0a-89e6-a860bfa34149,00:15:27.839,Julian Baumgartlinger,20037,FSV Mainz 05,Pass,94.3,35.3,2,60
dacc61dc-6e1b-4434-a42e-b0f26bc2815f,00:15:28.559,Yunus Mallı,8679,FSV Mainz 05,Ball Receipt*,102.2,27.9,2,60
adcc1cb9-64f3-4a47-8e06-e2f75bce4544,00:15:28.559,Yunus Mallı,8679,FSV Mainz 05,Carry,102.2,27.9,2,60
03daec03-66b9-4151-80f8-e8993bde10b8,00:15:30.464,Kenan Karaman,8541,Hannover 96,Pressure,12.8,58.1,2,60
fdf26823-02b6-4ff2-89e7-5d4d37f78b03,00:15:34.189,Yunus Mallı,8679,FSV Mainz 05,Pass,112.7,12.0,2,60
23e23667-58d9-4500-a92d-da5d417adbf6,00:15:36.602,Yoshinori Muto,6337,FSV Mainz 05,Ball Receipt*,106.3,37.1,2,60
898c5022-733f-4aee-8c54-2e41d15acb06,00:15:36.602,Manuel Schmiedebach,8543,Hannover 96,Ball Recovery,20.7,33.3,2,60
785e2834-71f7-4662-b25a-35ad6c4bd616,00:15:36.602,Manuel Schmiedebach,8543,Hannover 96,Carry,20.7,33.3,2,60
d637f867-cf6d-4089-a2d3-158fb62f6998,00:15:38.387,Manuel Schmiedebach,8543,Hannover 96,Pass,33.0,26.7,2,60
4cee298d-3208-41b7-9471-4180dd87679c,00:15:39.511,Charlison Benschop,8558,Hannover 96,Ball Receipt*,54.2,40.2,2,60
525ed7b6-fb96-4302-a61f-f5cdc74247cf,00:15:39.511,Charlison Benschop,8558,Hannover 96,Carry,54.2,40.2,2,60
4fdf714e-9f9b-414b-abe8-f8b715775e52,00:15:39.863,Charlison Benschop,8558,Hannover 96,Pass,53.9,40.0,2,60
f9d33fec-bc96-471c-a4ea-d0d71c3990b7,00:15:41.492,Edgar Prib,24914,Hannover 96,Ball Receipt*,47.8,50.7,2,60
a3cc2f4b-9b1a-42a2-a56e-f1723337d297,00:15:41.492,Edgar Prib,24914,Hannover 96,Carry,47.8,50.7,2,60
91141331-241a-4031-ada5-f5a41c4e0782,00:15:43.614,Edgar Prib,24914,Hannover 96,Pass,70.6,48.9,2,60
77ee2118-a1f6-4e50-8a88-a05fb25bbb3e,00:15:45.048,Allan Saint-Maximin,3016,Hannover 96,Ball Receipt*,78.7,67.8,2,60
ec094da9-32a1-495b-9318-dff4092a1a33,00:15:45.048,Allan Saint-Maximin,3016,Hannover 96,Carry,78.7,67.8,2,60
1d21c231-18f6-43c6-86bd-b4a01b0b3013,00:15:45.088,Allan Saint-Maximin,3016,Hannover 96,Miscontrol,78.7,68.9,2,60
93d486e4-6716-41a1-9ae4-0ea353cf5237,00:16:03.187,Pierre Bengtsson,20871,FSV Mainz 05,Pass,21.7,0.1,2,61
c18ed126-8c84-4618-867e-35949ef7819c,00:16:04.865,Stefan Bell,8559,FSV Mainz 05,Ball Receipt*,13.0,13.0,2,61
7e92f78d-5f8a-47e2-aad5-0e78fbe112b3,00:16:04.865,Stefan Bell,8559,FSV Mainz 05,Carry,13.0,13.0,2,61
88e2a0f4-085d-4fcd-98c4-0f8f972ad597,00:16:06.639,Stefan Bell,8559,FSV Mainz 05,Pass,12.7,11.2,2,61
735b3711-d5ba-40a9-868a-f7d3ec630c08,00:16:07.226,Danny Latza,8539,FSV Mainz 05,Ball Receipt*,26.0,12.5,2,61
c3a1747d-c25b-4bbc-8791-40a1abc78e0d,00:16:07.226,Danny Latza,8539,FSV Mainz 05,Carry,26.0,12.5,2,61
bd49495f-b4d5-4988-8df0-f35f57154178,00:16:07.817,Allan Saint-Maximin,3016,Hannover 96,Pressure,93.6,67.1,2,61
280ef600-3eff-45dd-a304-2db362b506eb,00:16:10.026,Danny Latza,8539,FSV Mainz 05,Pass,26.8,24.3,2,61
f6337cea-c12c-4237-bd01-ea9e49883b70,00:16:12.869,Loris Karius,3630,FSV Mainz 05,Ball Receipt*,8.1,48.6,2,61
770f233c-b15b-4aa8-9fe3-c0092f2fdb48,00:16:12.869,Loris Karius,3630,FSV Mainz 05,Carry,8.1,48.6,2,61
11fb3954-517c-4177-8330-3affc4658ff5,00:16:15.468,Loris Karius,3630,FSV Mainz 05,Pass,11.5,61.1,2,61
bfc8fee0-b3f9-43b1-b1a5-e4d762a2e7af,00:16:18.850,Christian Clemens,9098,FSV Mainz 05,Ball Receipt*,68.7,61.1,2,61
648e4388-fcc5-46ea-a7f2-049cf00a86e9,00:16:18.850,Oliver Sorg,12316,Hannover 96,Pass,47.3,19.0,2,61
a9668c2c-5d3f-4af4-9653-6d1053722407,00:16:21.239,Julian Baumgartlinger,20037,FSV Mainz 05,Pressure,61.6,54.2,2,61
c9f1ffb9-9aa6-473d-9995-fe0dd98e716a,00:16:21.437,Salif Sané,5664,Hannover 96,Ball Receipt*,57.0,26.9,2,61
c5395953-4aed-4855-81c5-4d604fe3e1eb,00:16:21.437,Salif Sané,5664,Hannover 96,Carry,57.0,26.9,2,61
4664ecbb-456d-494b-95a6-0efc82da4f31,00:16:21.677,Salif Sané,5664,Hannover 96,Pass,56.7,28.7,2,61
975cabf1-d551-4ed4-8e55-bb040f1e9d13,00:16:24.003,Edgar Prib,24914,Hannover 96,Ball Receipt*,71.1,31.5,2,61
069c4615-e37d-4215-8f80-1a02272cc641,00:16:24.003,Edgar Prib,24914,Hannover 96,Carry,71.1,31.5,2,61
afc4fdc5-c2b5-4322-8621-d23e85164c4c,00:16:26.119,Edgar Prib,24914,Hannover 96,Pass,83.1,29.7,2,61
d13479c6-2c70-4ab4-a6fd-54fa277ef609,00:16:28.498,Charlison Benschop,8558,Hannover 96,Ball Receipt*,102.3,19.8,2,61
9ed955dd-df9c-4d20-9e58-c165d669d046,00:16:28.498,Charlison Benschop,8558,Hannover 96,Carry,102.3,19.8,2,61
a3dc1dc0-ce65-429d-bac3-3b6f6ea734ea,00:16:28.869,Charlison Benschop,8558,Hannover 96,Shot,107.4,23.7,2,61
0363b05f-dc53-4c08-98cf-472beb35e8b8,00:16:29.267,Loris Karius,3630,FSV Mainz 05,Goal Keeper,5.4,46.4,2,61
8ca43bf8-09b0-45dd-a9c4-3eec90de791f,00:16:58.203,Edgar Prib,24914,Hannover 96,Pass,120.0,0.1,2,61
622517fb-6386-4297-b40f-9f73de598460,00:16:59.896,Christian Schulz,400614,Hannover 96,Ball Receipt*,109.7,45.9,2,61
347e02ef-97e4-4a53-ba80-f3cb6aaa8634,00:16:59.896,Christian Schulz,400614,Hannover 96,Foul Committed,111.2,45.1,2,61
f0cb9857-56b3-40e6-931e-41627e6b5802,00:16:59.896,Danny Latza,8539,FSV Mainz 05,Foul Won,8.9,35.0,2,61
7ce3d8cf-3e8a-434b-975f-1e3323c1d04a,00:17:36.924,Loris Karius,3630,FSV Mainz 05,Pass,11.2,34.8,2,62
f46c4609-f06c-4d7f-b5c5-33bd99079f72,00:17:40.385,Yoshinori Muto,6337,FSV Mainz 05,Ball Receipt*,75.4,23.8,2,62
f99203fc-011e-4113-8f58-22e07deeb953,00:17:40.385,Yoshinori Muto,6337,FSV Mainz 05,Duel,74.3,24.3,2,62
a321b155-e8f2-4320-991c-cb72e13a06d0,00:17:40.385,Salif Sané,5664,Hannover 96,Clearance,45.8,55.8,2,62
c8efe214-f074-4799-aad3-4bc04275d4f4,00:17:52.689,Pierre Bengtsson,20871,FSV Mainz 05,Pass,71.5,0.1,2,62
6e0dcf3d-4adc-495e-9d24-73422e72d2cb,00:17:53.749,Marcelo Antônio Guedes Filho,3164,Hannover 96,Pressure,24.5,74.2,2,62
99e1445a-c06e-4b50-b8db-659819d9c67e,00:17:54.209,Yoshinori Muto,6337,FSV Mainz 05,Ball Receipt*,92.2,4.6,2,62
afa37fca-e623-45c1-9a27-2aaa04c85d27,00:17:54.209,Yoshinori Muto,6337,FSV Mainz 05,Carry,92.2,4.6,2,62
ae7c625b-1670-496b-903d-9d5bc7cdffde,00:17:55.366,Yoshinori Muto,6337,FSV Mainz 05,Dispossessed,88.7,3.3,2,62
b06a9403-d807-4126-81e8-009b07b9572e,00:17:55.366,Marcelo Antônio Guedes Filho,3164,Hannover 96,Duel,31.4,76.8,2,62
4ad503f1-73cc-4b04-a4a6-c44b3fe03f3d,00:18:02.494,Pierre Bengtsson,20871,FSV Mainz 05,Pass,85.8,0.1,2,63
a1b381ff-570b-4961-b1c2-79cab8d1a0d6,00:18:03.793,Yunus Mallı,8679,FSV Mainz 05,Ball Receipt*,93.3,15.6,2,63
1d6aa009-2023-4883-9d4e-9b66ed238609,00:18:03.793,Yunus Mallı,8679,FSV Mainz 05,Carry,93.3,15.6,2,63
63c3e73a-de25-4256-a5a5-8eae42941765,00:18:05.038,Yunus Mallı,8679,FSV Mainz 05,Pass,92.2,12.3,2,63
a46754d1-c9ee-456b-a999-711bb1a289d0,00:18:05.359,Manuel Schmiedebach,8543,Hannover 96,Pressure,36.0,71.7,2,63
5a49a119-a94d-4f4d-9a41-84c28fd2288a,00:18:05.503,Pierre Bengtsson,20871,FSV Mainz 05,Ball Receipt*,84.8,7.7,2,63
e7529711-f5d2-499d-b01b-5f3bf278f5c1,00:18:05.503,Pierre Bengtsson,20871,FSV Mainz 05,Carry,84.8,7.7,2,63
6a376a02-671d-4021-a55b-39ed41d6b19c,00:18:06.038,Pierre Bengtsson,20871,FSV Mainz 05,Pass,84.3,7.4,2,63
30dfb128-2032-4e99-a396-9ded20aae7de,00:18:06.865,Yoshinori Muto,6337,FSV Mainz 05,Ball Receipt*,94.0,12.0,2,63
14f59586-188e-4a3c-8ab3-e4419f0021b4,00:18:06.865,Marcelo Antônio Guedes Filho,3164,Hannover 96,Ball Recovery,31.7,65.3,2,63
c5211c0e-8e7d-464e-92a9-3162c9745926,00:18:06.865,Marcelo Antônio Guedes Filho,3164,Hannover 96,Carry,31.7,65.3,2,63
61fc7771-aa66-441f-a38c-8ee40602cd65,00:18:07.371,Marcelo Antônio Guedes Filho,3164,Hannover 96,Pass,34.0,65.8,2,63
39af29ff-2c2f-4cf5-8943-e9b4dfb38f23,00:18:08.367,Charlison Benschop,8558,Hannover 96,Ball Receipt*,44.2,59.7,2,63
31120b27-02db-420d-80d5-100de7e76c2a,00:18:08.367,Charlison Benschop,8558,Hannover 96,Carry,44.2,59.7,2,63
65ae4404-1f7d-4c06-b79e-b474bcb5b9e6,00:18:11.374,Charlison Benschop,8558,Hannover 96,Pass,36.3,65.3,2,63
d8f7e36e-c4e7-4223-b4d7-17beaafc6001,00:18:13.475,Hiroki Sakai,3530,Hannover 96,Ball Receipt*,37.3,75.0,2,63
c234142c-0b0f-4bb1-90a4-be6ec2001d93,00:18:31.666,Pierre Bengtsson,20871,FSV Mainz 05,Pass,79.5,0.1,2,63
8055238f-14b9-4650-9613-d937e5e00abf,00:18:32.374,Manuel Schmiedebach,8543,Hannover 96,Pressure,40.1,70.9,2,63
a6daaef2-b0ea-4d38-9a3c-f8b6f503456b,00:18:32.399,Jairo Samperio Bustara,6925,FSV Mainz 05,Ball Receipt*,81.8,8.9,2,63
162e5208-a63a-46a0-bbeb-215fd429d673,00:18:32.399,Jairo Samperio Bustara,6925,FSV Mainz 05,Carry,81.8,8.9,2,63
793a7f0a-2c95-4d42-903e-7f4aa1b7d1cc,00:18:32.830,Hiroki Sakai,3530,Hannover 96,Pressure,35.3,70.9,2,63
fbffba50-0a19-44b8-ae68-74f6d827f1ab,00:18:33.572,Jairo Samperio Bustara,6925,FSV Mainz 05,Dispossessed,81.2,9.4,2,63
d976fc44-c636-415e-9eff-4b5204de55de,00:18:33.572,Hiroki Sakai,3530,Hannover 96,Duel,38.9,70.7,2,63
d7b275bd-74d2-4ad0-891f-9a3bb82387b9,00:18:34.177,Kenan Karaman,8541,Hannover 96,Pass,36.0,75.5,2,63
bc54575e-877e-48b9-b422-cad4b5c4cb5d,00:18:34.513,Hiroki Sakai,3530,Hannover 96,Ball Receipt*,37.6,70.7,2,63
cb8ae3c2-cd8c-435e-a9b8-e91dc81c5c85,00:18:34.513,Manuel Schmiedebach,8543,Hannover 96,Block,37.3,71.7,2,63
9e66f946-7699-454a-9c25-a44434ada949,00:18:35.377,Jairo Samperio Bustara,6925,FSV Mainz 05,Foul Committed,84.1,5.4,2,63
945ea756-9e7b-4567-82d7-de2ce42c84af,00:18:35.377,Kenan Karaman,8541,Hannover 96,Foul Won,36.0,74.7,2,63
2c7337a6-32c8-400a-b112-fab1f16df667,00:18:47.695,Marcelo Antônio Guedes Filho,3164,Hannover 96,Pass,36.3,72.4,2,63
c6d2f710-fdf6-45b9-b868-91ba82374c46,00:18:49.195,Christian Schulz,400614,Hannover 96,Ball Receipt*,39.6,36.9,2,63
44530b07-ac8b-4ff0-96ea-537f1edfbeb9,00:18:49.602,Christian Schulz,400614,Hannover 96,Pass,39.1,32.3,2,63
d9f9fc49-8436-4cb3-adb5-d27abc54c922,00:18:51.938,Oliver Sorg,12316,Hannover 96,Ball Receipt*,47.5,3.4,2,63
7f5db21c-e1bf-4cb4-9e4f-114dc09a1de3,00:18:51.938,Oliver Sorg,12316,Hannover 96,Carry,47.5,3.4,2,63
75aae0d1-77c1-48f4-83a6-3004f839c931,00:18:54.363,Oliver Sorg,12316,Hannover 96,Pass,46.5,5.2,2,63
e37269a7-7f9f-4331-962e-c3a377220ef5,00:18:55.312,Christian Schulz,400614,Hannover 96,Ball Receipt*,38.6,19.8,2,63
d9ac79e7-037b-41e2-83a0-e2aa9d449a35,00:18:55.312,Christian Schulz,400614,Hannover 96,Carry,38.6,19.8,2,63
a1120eb4-d501-4f51-a5ab-e4cf451e3f6d,00:18:56.758,Christian Schulz,400614,Hannover 96,Pass,38.3,21.6,2,63
69bf71b7-5c81-4d4b-a8ca-6cd9e19f2817,00:18:59.027,Ron-Robert Zieler,8947,Hannover 96,Ball Receipt*,23.3,38.4,2,63
0cb44290-7c39-4b7c-bca1-31f1a640435b,00:18:59.027,Ron-Robert Zieler,8947,Hannover 96,Carry,23.3,38.4,2,63
d16589e0-a3db-483f-8481-f8f794b5945b,00:19:00.086,Ron-Robert Zieler,8947,Hannover 96,Pass,26.8,45.3,2,64
3ce38350-a38d-43ed-acba-d8ae87df1973,00:19:02.024,Manuel Schmiedebach,8543,Hannover 96,Ball Receipt*,44.7,75.8,2,64
cd7cd557-ab97-4372-b303-b3924cd5b9e9,00:19:02.024,Manuel Schmiedebach,8543,Hannover 96,Carry,44.7,75.8,2,64
5e6f8d8d-b9a7-4dbc-beee-0b47c9d7dabb,00:19:03.305,Manuel Schmiedebach,8543,Hannover 96,Pass,52.1,76.0,2,64
bd1234fa-950f-4f85-8156-5b924729f88d,00:19:05.860,Hiroki Sakai,3530,Hannover 96,Ball Receipt*,94.1,70.4,2,64
09c488e0-d55d-4f4b-9468-ae46d6a62285,00:19:05.860,Stefan Bell,8559,FSV Mainz 05,Ball Recovery,26.0,14.8,2,64
a8852723-ea18-4d0a-be37-5541da824306,00:19:05.860,Stefan Bell,8559,FSV Mainz 05,Carry,26.0,14.8,2,64
4218c489-378a-4802-88d8-f5137a672b3c,00:19:05.884,Hiroki Sakai,3530,Hannover 96,Pressure,94.3,69.9,2,64
667796a3-fc5e-47b2-a0e2-aa9c8d93d552,00:19:06.701,Kenan Karaman,8541,Hannover 96,Pressure,84.1,73.0,2,64
cb0d13ee-0397-449c-8934-72c6a4aa4daf,00:19:07.720,Kenan Karaman,8541,Hannover 96,Dribbled Past,88.4,73.0,2,64
be88b473-801d-4977-b339-e5d2aa6ec5c9,00:19:07.720,Stefan Bell,8559,FSV Mainz 05,Dribble,31.7,7.1,2,64
1a8c64c2-94d0-4a6b-a514-6504180cb7e1,00:19:07.720,Stefan Bell,8559,FSV Mainz 05,Carry,31.7,7.1,2,64
e2c161ff-bb19-4cae-b882-6117141f244c,00:19:08.695,Stefan Bell,8559,FSV Mainz 05,Pass,36.3,0.5,2,64
4749ed4a-5ddc-4964-a99c-0ce2873e40da,00:19:09.562,Jairo Samperio Bustara,6925,FSV Mainz 05,Ball Receipt*,59.3,3.3,2,64
c9e30c98-eb88-465e-811f-beda3bea7ed5,00:19:09.562,Manuel Schmiedebach,8543,Hannover 96,Ball Recovery,66.2,75.8,2,64
443bd3d0-f6bb-4908-ac13-7594bb5175fb,00:19:09.562,Manuel Schmiedebach,8543,Hannover 96,Carry,66.2,75.8,2,64
5246df00-4219-450e-9a73-af445b788f3e,00:19:14.522,Manuel Schmiedebach,8543,Hannover 96,Pass,77.2,49.7,2,64
0601e665-066f-43c2-b1fb-00251d3e09d8,00:19:16.671,Oliver Sorg,12316,Hannover 96,Ball Receipt*,77.5,20.8,2,64
47736343-7e54-44e8-85f0-7567a515261e,00:19:16.671,Oliver Sorg,12316,Hannover 96,Carry,77.5,20.8,2,64
3512bad6-d1cf-4373-8107-5a17584afa23,00:19:18.677,Oliver Sorg,12316,Hannover 96,Pass,92.0,20.0,2,64
1daed98b-97d4-4b0e-9bc6-003863eda6bb,00:19:20.042,Edgar Prib,24914,Hannover 96,Ball Receipt*,98.2,4.4,2,64
ef1164ff-7255-43bc-beea-356032d7fb1c,00:19:20.042,Edgar Prib,24914,Hannover 96,Carry,98.2,4.4,2,64
52d36f39-e12d-4f38-a4dd-d1ae514f5872,00:19:20.247,Edgar Prib,24914,Hannover 96,Pass,103.0,5.2,2,64
4857b439-4d0e-4304-83ac-fda7abe70b9a,00:19:22.823,Charlison Benschop,8558,Hannover 96,Ball Receipt*,114.0,52.8,2,64
737998b9-5f8c-43fa-9f51-9d15f946cfb2,00:19:22.823,Pierre Bengtsson,20871,FSV Mainz 05,Clearance,4.3,31.4,2,64
38ac163f-4470-4256-bcdb-75ab3a3c94f3,00:19:53.171,Edgar Prib,24914,Hannover 96,Pass,120.0,80.0,2,64
bb49aa88-3ad2-499d-8d5c-2a4579b650be,00:19:54.655,Julian Baumgartlinger,20037,FSV Mainz 05,Clearance,7.9,35.5,2,64
d0b0e9a9-07db-425f-989f-3d9881c5ea5f,00:20:13.130,Edgar Prib,24914,Hannover 96,Pass,120.0,80.0,2,65
632c8e32-7efb-444a-a4a5-d1095dc944ab,00:20:14.793,Hiroki Sakai,3530,Hannover 96,Ball Receipt*,114.1,38.4,2,65
fef2fd93-f96f-4c7e-bf26-6ff08661c320,00:20:14.841,Yoshinori Muto,6337,FSV Mainz 05,Duel,6.0,41.7,2,65
11786d27-8e3f-40f5-8f00-b33519d3cd5b,00:20:14.841,Hiroki Sakai,3530,Hannover 96,Shot,114.1,38.4,2,65
b7496af2-8e6c-44a5-b50c-bedbb6c8f691,00:20:15.410,Loris Karius,3630,FSV Mainz 05,Goal Keeper,5.0,37.8,2,65
e841f4bc-8458-495c-b765-f72353aefe1b,00:20:26.140,Loris Karius,3630,FSV Mainz 05,Pass,7.0,44.1,2,65
aac94b32-4942-4522-ab2b-d4921f6e3f48,00:20:28.702,Leon Aderemi Balogun,5467,FSV Mainz 05,Ball Receipt*,32.9,75.9,2,65
8bd86780-6d5c-476a-b178-32f263a8356b,00:20:33.828,Edgar Prib,24914,Hannover 96,Pressure,48.8,4.4,2,65
821f41db-881f-463a-bb84-ce57f077dc60,00:20:34.906,Edgar Prib,24914,Hannover 96,Foul Committed,38.1,1.9,2,65
4e7eab6d-35e6-4d8f-bc1a-96717971adb9,00:20:34.906,Leon Aderemi Balogun,5467,FSV Mainz 05,Foul Won,82.0,78.2,2,65
5a2c009d-a94a-4215-83b1-54d58b1b50eb,00:20:44.653,Leon Aderemi Balogun,5467,FSV Mainz 05,Pass,82.5,77.2,2,65
765ab18c-96a4-4e89-aa58-5b389a387987,00:20:46.822,Niko Bungert,13319,FSV Mainz 05,Ball Receipt*,54.4,67.2,2,65
ed49a663-f819-42bd-a460-5df665021740,00:20:46.822,Niko Bungert,13319,FSV Mainz 05,Carry,54.4,67.2,2,65
95c149e5-1fee-4fd7-82e7-fec0c3bdfcc9,00:20:48.671,Niko Bungert,13319,FSV Mainz 05,Pass,57.2,56.5,2,65
e808f27b-2f01-44f3-a354-57a4e15dc919,00:20:50.455,Stefan Bell,8559,FSV Mainz 05,Ball Receipt*,49.8,31.9,2,65
f5ae5b5b-bf58-4260-819a-6e761fa225d9,00:20:50.455,Stefan Bell,8559,FSV Mainz 05,Carry,49.8,31.9,2,65
bbeb4141-8982-45b4-926a-14a311d9ea71,00:20:51.977,Stefan Bell,8559,FSV Mainz 05,Pass,50.3,31.9,2,65
10abd4b3-5c1c-49ae-b70f-a33c2883a3d1,00:20:53.480,Niko Bungert,13319,FSV Mainz 05,Ball Receipt*,47.0,58.3,2,65
a2eef15b-44b0-4493-b5ae-d93390e76f0f,00:20:53.480,Niko Bungert,13319,FSV Mainz 05,Carry,47.0,58.3,2,65
77038dcd-8ef1-475e-93a8-c8f50afa16f5,00:20:55.887,Niko Bungert,13319,FSV Mainz 05,Pass,47.5,58.0,2,65
bc78d604-79a5-4c68-a579-242bfc358481,00:20:57.699,Stefan Bell,8559,FSV Mainz 05,Ball Receipt*,41.6,29.9,2,65
c0d30b28-3ee6-4bd0-b8ad-a70cb3e880b1,00:20:57.699,Stefan Bell,8559,FSV Mainz 05,Carry,41.6,29.9,2,65
4bfa60fa-7e65-4ad3-b7fd-76cf2fbd26a5,00:20:58.770,Stefan Bell,8559,FSV Mainz 05,Pass,43.9,22.7,2,65
674a6f15-cda5-4b97-92dd-9bddd0350ab2,00:21:00.420,Danny Latza,8539,FSV Mainz 05,Ball Receipt*,48.3,3.8,2,66
cd89af95-4c84-47c8-aa83-f3ad459fc68b,00:21:00.420,Danny Latza,8539,FSV Mainz 05,Carry,48.3,3.8,2,66
2bda6a08-a640-4af6-aac0-c7bfcc027b66,00:21:02.152,Danny Latza,8539,FSV Mainz 05,Pass,45.5,4.8,2,66
a71cccbc-d32b-4df1-8afa-ef5b44711803,00:21:04.497,Loris Karius,3630,FSV Mainz 05,Ball Receipt*,17.3,36.0,2,66
7217131e-33a1-4021-85c2-1f7f8ef7f8b6,00:21:04.497,Loris Karius,3630,FSV Mainz 05,Carry,17.3,36.0,2,66
20480318-eb2d-4cd4-9f58-8844a6a831a8,00:21:07.496,Loris Karius,3630,FSV Mainz 05,Pass,17.1,50.6,2,66
5f3c829a-b04a-4545-a069-bfb725620fc1,00:21:09.126,Niko Bungert,13319,FSV Mainz 05,Ball Receipt*,24.5,65.4,2,66
9924e65f-5468-4f6a-b9f1-acabee4fbfb8,00:21:09.126,Niko Bungert,13319,FSV Mainz 05,Carry,24.5,65.4,2,66
3cdb69bf-1a29-4856-ad6b-b384d56c0bda,00:21:10.109,Niko Bungert,13319,FSV Mainz 05,Pass,26.8,67.0,2,66
28fb70d0-a3bb-45d5-9759-37fea5ebee9f,00:21:11.499,Leon Aderemi Balogun,5467,FSV Mainz 05,Ball Receipt*,47.8,78.7,2,66
28e544d3-75a4-448b-b94f-ee45e527ab70,00:21:11.499,Leon Aderemi Balogun,5467,FSV Mainz 05,Carry,47.8,78.7,2,66
f3c3d321-a1b2-4a8e-af90-267527c0350e,00:21:11.891,Edgar Prib,24914,Hannover 96,Pressure,70.6,2.4,2,66
9944fdf3-2e59-4295-8a56-73f3112d8a9d,00:21:12.548,Edgar Prib,24914,Hannover 96,Foul Committed,72.9,1.4,2,66
32c5e2f4-5ab1-42f2-9630-4386f94d4581,00:21:12.548,Leon Aderemi Balogun,5467,FSV Mainz 05,Foul Won,47.2,78.7,2,66
98974428-e7a6-4f88-ada3-e2ceb9620f24,00:21:48.788,Leon Aderemi Balogun,5467,FSV Mainz 05,Pass,51.3,78.0,2,66
b5fba0f6-c393-4b4f-92ea-b22b8344906a,00:21:51.294,Yoshinori Muto,6337,FSV Mainz 05,Ball Receipt*,96.6,63.9,2,66
79c5b91c-59d0-4310-8a5d-2f6a30166cc6,00:21:51.294,Christian Schulz,400614,Hannover 96,Clearance,24.3,14.7,2,66
48e72b82-335b-443d-b59e-ef35e6c480e1,00:22:02.491,Leon Aderemi Balogun,5467,FSV Mainz 05,Pass,77.4,80.0,2,67
ef211bb0-8b2c-481f-afe8-916bb351096b,00:22:03.164,Salif Sané,5664,Hannover 96,Pressure,34.0,12.4,2,67
2e17c86f-b404-4b73-a5d7-5e375e528a89,00:22:03.354,Yunus Mallı,8679,FSV Mainz 05,Ball Receipt*,83.5,68.8,2,67
955681eb-2299-4b13-9e32-f52d15b31026,00:22:03.354,Yunus Mallı,8679,FSV Mainz 05,Pass,84.3,68.5,2,67
1573f727-1bac-4888-89cf-28f0a2c698b4,00:22:04.783,Leon Aderemi Balogun,5467,FSV Mainz 05,Ball Receipt*,75.9,79.0,2,67
891ea8e1-0ea6-45bb-ab7e-bece18226552,00:22:04.783,Leon Aderemi Balogun,5467,FSV Mainz 05,Carry,75.9,79.0,2,67
1f58dd22-7928-43f7-beda-43464e220f8f,00:22:04.860,Leon Aderemi Balogun,5467,FSV Mainz 05,Pass,75.6,79.0,2,67
d9a19673-f7a8-45fb-afeb-c0c50fc65fe4,00:22:10.467,Yoshinori Muto,6337,FSV Mainz 05,Ball Receipt*,97.4,67.2,2,67
48bc4777-ffac-45f0-a27f-48159de0c333,00:22:30.671,Ron-Robert Zieler,8947,Hannover 96,Pass,6.0,44.0,2,67
1b3ef739-d8df-43ef-8464-9b5cf0e8f59a,00:22:34.536,Charlison Benschop,8558,Hannover 96,Ball Receipt*,65.2,59.9,2,67
5f26f740-1895-4a7f-b415-da871a737478,00:22:34.576,Danny Latza,8539,FSV Mainz 05,Duel,54.9,20.2,2,67
d35d4477-49e3-4958-bbc1-1978974da6d7,00:22:34.576,Charlison Benschop,8558,Hannover 96,Pass,65.2,59.9,2,67
24ddf0c1-7415-4515-af0b-c5c948bec827,00:22:35.157,Pierre Bengtsson,20871,FSV Mainz 05,Pressure,43.4,20.2,2,67
f3a28540-5dff-4e72-9ac1-33b14a2acb68,00:22:35.184,Kenan Karaman,8541,Hannover 96,Ball Receipt*,74.4,59.9,2,67
ec627de6-29e3-430c-95e5-a9f422627dc1,00:22:35.184,Kenan Karaman,8541,Hannover 96,Carry,74.4,59.9,2,67
de6f57fe-0759-4283-92e1-e671430f8100,00:22:35.910,Julian Baumgartlinger,20037,FSV Mainz 05,Pressure,46.2,27.9,2,67
4f3fdecc-bb8a-4156-bb6d-f0bc71fb90e8,00:22:36.149,Kenan Karaman,8541,Hannover 96,Pass,75.9,55.1,2,67
aee5b4df-3e3c-411a-baad-7b9e93331f58,00:22:36.644,Julian Baumgartlinger,20037,FSV Mainz 05,Pressure,41.1,28.4,2,67
9220ba42-883b-49d7-ba08-937c56dae247,00:22:36.786,Edgar Prib,24914,Hannover 96,Ball Receipt*,80.8,49.2,2,67
ce01edc0-d4d6-4b0e-9461-2509e5f2f67f,00:22:36.786,Edgar Prib,24914,Hannover 96,Carry,80.8,49.2,2,67
951fc8a7-aa32-47b2-b073-0f81f96e3ef7,00:22:36.826,Edgar Prib,24914,Hannover 96,Pass,81.3,50.2,2,67
1a54a211-9948-40d6-a4e3-1963d1839223,00:22:37.905,Allan Saint-Maximin,3016,Hannover 96,Ball Receipt*,75.4,42.3,2,67
b3cf2984-dd9f-46a1-853f-58b5ed567472,00:22:37.905,Allan Saint-Maximin,3016,Hannover 96,Carry,75.4,42.3,2,67
c2d235d6-520b-468c-9fcd-458c9aaccaa6,00:22:38.519,Christian Clemens,9098,FSV Mainz 05,Pressure,41.1,47.3,2,67
68dc0885-c6be-4c3f-ab12-4924d9482a8a,00:22:40.286,Julian Baumgartlinger,20037,FSV Mainz 05,Pressure,31.7,40.1,2,67
90cc7f4a-6cc5-404f-adab-5fd6b8fd5e2e,00:22:42.819,Allan Saint-Maximin,3016,Hannover 96,Pass,83.1,37.9,2,67
93257472-f6f6-44d0-8430-6215317a07d4,00:22:45.073,Oliver Sorg,12316,Hannover 96,Ball Receipt*,83.3,15.7,2,67
2df8d82f-1bc6-4a75-9179-09a1fda79ba6,00:22:45.073,Oliver Sorg,12316,Hannover 96,Carry,83.3,15.7,2,67
67f94103-afb7-4139-9249-0f78c2461161,00:22:45.617,Oliver Sorg,12316,Hannover 96,Pass,84.1,15.9,2,67
6e2b1025-1b44-4eb7-8048-0d53682bbccb,00:22:46.571,Julian Baumgartlinger,20037,FSV Mainz 05,Pressure,31.7,57.5,2,67
c91b2cd3-ce9d-4982-9013-3b4c5b1f46f5,00:22:46.615,Kenan Karaman,8541,Hannover 96,Ball Receipt*,87.2,22.8,2,67
46d2e36a-70fa-4c41-ab6c-da50c44aaffe,00:22:46.615,Kenan Karaman,8541,Hannover 96,Carry,87.2,22.8,2,67
3fe8d327-3224-47f1-bf43-019871cfc4e8,00:22:47.083,Kenan Karaman,8541,Hannover 96,Pass,85.1,22.3,2,67
bb2473ba-86a1-420a-a844-6bd213adeece,00:22:48.506,Christian Schulz,400614,Hannover 96,Ball Receipt*,64.2,34.4,2,67
b521cbcb-8488-4da7-80f4-dacf16e36157,00:22:48.506,Christian Schulz,400614,Hannover 96,Carry,64.2,34.4,2,67
ca395046-d877-47fc-bd0d-8984b20f3edd,00:22:50.441,Christian Schulz,400614,Hannover 96,Pass,63.9,36.1,2,67
b9a09218-1db7-4b8b-a6f8-9bc0d9e3c9e2,00:22:51.896,Marcelo Antônio Guedes Filho,3164,Hannover 96,Ball Receipt*,56.7,55.6,2,67
5b3872e2-0ad8-4281-b05f-f34c37241f08,00:22:51.896,Marcelo Antônio Guedes Filho,3164,Hannover 96,Carry,56.7,55.6,2,67
22215524-cb60-4e34-b9e3-9aba8d0e6007,00:22:53.915,Yoshinori Muto,6337,FSV Mainz 05,Pressure,58.5,22.0,2,67
83929bac-e2d0-4dc0-81e1-dccd2a470000,00:22:54.031,Marcelo Antônio Guedes Filho,3164,Hannover 96,Pass,57.5,58.1,2,67
6dbc1165-b527-4eed-bdc7-0842bd75b9d5,00:22:55.361,Christian Schulz,400614,Hannover 96,Ball Receipt*,57.0,32.8,2,67
a7ca5855-f55a-48c3-9962-18b40b0d3538,00:22:55.361,Christian Schulz,400614,Hannover 96,Carry,57.0,32.8,2,67
fa18f1f9-dc3d-4acb-8c89-69e3168775d1,00:22:56.498,Christian Schulz,400614,Hannover 96,Pass,56.7,33.1,2,67
ee502d2d-cb05-43b5-8134-9d4db4fdc704,00:22:57.969,Edgar Prib,24914,Hannover 96,Ball Receipt*,73.9,24.9,2,67
2d6700a7-ec12-4b49-b021-91d5a1f13b3b,00:22:57.969,Edgar Prib,24914,Hannover 96,Carry,73.9,24.9,2,67
9f913f44-7d5d-46b3-b007-ae3086b285cd,00:22:59.613,Edgar Prib,24914,Hannover 96,Pass,69.8,20.3,2,67
8b4d84e6-5eac-4b39-a8ee-5ad74b6ab0d3,00:23:00.886,Oliver Sorg,12316,Hannover 96,Ball Receipt*,73.4,3.4,2,68
049abb8e-b2be-4db8-a84b-b1d6ce5b414f,00:23:00.886,Oliver Sorg,12316,Hannover 96,Carry,73.4,3.4,2,68
ef551fb2-d815-42c8-b051-586f65a09622,00:23:02.377,Oliver Sorg,12316,Hannover 96,Pass,72.9,3.7,2,68
63893c94-8d4c-478b-a862-5eb2473684bb,00:23:03.327,Edgar Prib,24914,Hannover 96,Ball Receipt*,63.6,9.3,2,68
1a8d06dc-02d5-429e-8ba9-5f79ef927cab,00:23:03.327,Edgar Prib,24914,Hannover 96,Carry,63.6,9.3,2,68
9726ffb8-2471-420e-835e-2ffb0697a049,00:23:04.061,Edgar Prib,24914,Hannover 96,Pass,63.9,10.6,2,68
c40f27c0-adfe-4ade-9968-ce4cdee5919c,00:23:04.707,Kenan Karaman,8541,Hannover 96,Ball Receipt*,75.9,13.4,2,68
a644460f-8368-4e5c-ab6c-1d62319458f0,00:23:04.707,Kenan Karaman,8541,Hannover 96,Carry,75.9,13.4,2,68
6c176c7d-b1a9-44fc-a454-1758c9a74940,00:23:04.881,Kenan Karaman,8541,Hannover 96,Pass,75.9,13.4,2,68
f80dab22-3e64-46d1-a606-2a4d3a76afde,00:23:06.349,Leon Aderemi Balogun,5467,FSV Mainz 05,Pressure,28.8,72.8,2,68
664162ef-a653-4abb-aab9-4f4e5e832f98,00:23:07.057,Oliver Sorg,12316,Hannover 96,Ball Receipt*,92.8,3.9,2,68
67bc3c31-a296-44b7-9d53-79263080cc9a,00:23:07.057,Oliver Sorg,12316,Hannover 96,Carry,92.8,3.9,2,68
ab565bc1-d843-42b5-9300-a337d8e1686e,00:23:07.068,Oliver Sorg,12316,Hannover 96,Dispossessed,94.1,4.7,2,68
edd3afa8-9dc3-4162-8c61-04e3767c7963,00:23:07.068,Leon Aderemi Balogun,5467,FSV Mainz 05,Duel,26.0,75.4,2,68
bb8fd2b8-9293-4a69-af7f-3eec80a5d5b4,00:23:29.737,Oliver Sorg,12316,Hannover 96,Pass,97.9,0.1,2,68
48737580-30d0-4f04-9850-1b06d472ae40,00:23:30.595,Julian Baumgartlinger,20037,FSV Mainz 05,Pressure,16.6,68.8,2,68
752c6cc3-dfc1-43ed-95d3-efe9d11e269e,00:23:31.080,Kenan Karaman,8541,Hannover 96,Ball Receipt*,101.7,10.8,2,68
0126d8e4-9362-4fbb-af9d-bac4354e6dba,00:23:31.080,Kenan Karaman,8541,Hannover 96,Carry,101.7,10.8,2,68
8ff4ccdd-6b31-49d0-b896-9b5abf961d43,00:23:31.857,Yunus Mallı,8679,FSV Mainz 05,Pressure,23.5,68.2,2,68
5c4c24fb-ba93-4b13-a277-e2e5180fde59,00:23:32.173,Kenan Karaman,8541,Hannover 96,Pass,99.2,9.8,2,68
91fc2891-0411-414e-9762-1e8ff58663ad,00:23:32.777,Oliver Sorg,12316,Hannover 96,Ball Receipt*,97.6,1.1,2,68
15d3f3fc-7fc1-4601-9d23-9abe822d4327,00:23:32.777,Oliver Sorg,12316,Hannover 96,Carry,97.6,1.1,2,68
08fde26e-cd14-43e6-bb54-c227fed59466,00:23:33.500,Christian Clemens,9098,FSV Mainz 05,Pressure,20.9,78.7,2,68
feb17cd4-364c-4811-b138-0b5c4eda362c,00:23:34.291,Oliver Sorg,12316,Hannover 96,Pass,96.6,1.4,2,68
7c8d1219-e2f5-4f45-a3d1-cc004a951706,00:23:35.074,Manuel Schmiedebach,8543,Hannover 96,Ball Receipt*,95.3,20.0,2,68
6bb5e128-025a-4ded-bf96-59b3158e93f2,00:23:35.074,Manuel Schmiedebach,8543,Hannover 96,Carry,95.3,20.0,2,68
87ef00b0-9e0a-4c30-ab2a-5273913038b3,00:23:35.166,Manuel Schmiedebach,8543,Hannover 96,Pass,95.6,20.0,2,68
0ffd75fc-cbfb-4085-bc33-0183075cd8d2,00:23:37.808,Edgar Prib,24914,Hannover 96,Pressure,112.7,9.3,2,68
99e1e74d-ec08-425a-a760-08b7145cacbf,00:23:37.892,Edgar Prib,24914,Hannover 96,Ball Receipt*,109.7,8.0,2,68
aeac4daf-e1a2-4dc3-ad29-9437a37c825e,00:23:37.892,Leon Aderemi Balogun,5467,FSV Mainz 05,Ball Recovery,4.6,71.1,2,68
96a2e24a-1135-4ffa-bea3-ec4026141fb2,00:23:37.892,Leon Aderemi Balogun,5467,FSV Mainz 05,Carry,4.6,71.1,2,68
9a17e5d5-a4a4-4558-b142-534d1dc02d5b,00:23:39.076,Leon Aderemi Balogun,5467,FSV Mainz 05,Pass,3.3,73.1,2,68
f3c3afad-d719-49fd-ba97-0da621615761,00:23:39.939,Christian Clemens,9098,FSV Mainz 05,Ball Receipt*,20.1,76.4,2,68
bcb9c616-ff5e-4fe7-ae45-1360f2ff4236,00:23:51.971,Oliver Sorg,12316,Hannover 96,Pass,103.0,0.1,2,68
eb18a116-c747-4672-a9da-5c1da1076e1f,00:23:52.608,Yunus Mallı,8679,FSV Mainz 05,Pressure,16.6,67.2,2,68
58bbbefa-e11f-4ac0-9c62-b451aee040c3,00:23:52.747,Manuel Schmiedebach,8543,Hannover 96,Ball Receipt*,102.5,10.8,2,68
a7fd0b26-6839-406b-bfa3-4d54ce8e31de,00:23:52.747,Manuel Schmiedebach,8543,Hannover 96,Carry,102.5,10.8,2,68
f5b6d850-02e6-485c-b1a8-43f1e585a69c,00:23:54.204,Yoshinori Muto,6337,FSV Mainz 05,Pressure,24.8,73.1,2,68
fbe17d00-ad1e-4812-a25c-810b7b77c0b9,00:23:54.413,Manuel Schmiedebach,8543,Hannover 96,Pass,97.1,11.3,2,68
ff746c80-c125-431b-8125-1d24e5a4dfa1,00:23:56.235,Marcelo Antônio Guedes Filho,3164,Hannover 96,Ball Receipt*,75.2,29.0,2,68
613c1fc8-acb1-4971-bef7-02732ffc04b8,00:23:56.235,Marcelo Antônio Guedes Filho,3164,Hannover 96,Carry,75.2,29.0,2,68
587a843d-ac57-432f-9193-20fa0c68c6b7,00:23:58.605,Marcelo Antônio Guedes Filho,3164,Hannover 96,Pass,72.6,28.2,2,68
0f80b170-5ab3-41d7-9c25-b77f3a9e3004,00:24:00.498,Oliver Sorg,12316,Hannover 96,Ball Receipt*,85.4,2.1,2,69
9fde3c8a-9dd3-4900-9c86-61348d21b5b7,00:24:00.498,Oliver Sorg,12316,Hannover 96,Carry,85.4,2.1,2,69
0e023063-d1d8-4a43-bd39-1612ea841254,00:24:00.790,Oliver Sorg,12316,Hannover 96,Pass,85.4,2.7,2,69
7b6c807b-164e-4794-90ae-1ce4b4ebfc8a,00:24:02.173,Edgar Prib,24914,Hannover 96,Ball Receipt*,96.1,1.1,2,69
d7a4bef7-6296-4e75-b42f-2abb75beba58,00:24:02.173,Edgar Prib,24914,Hannover 96,Carry,96.1,1.1,2,69
c23e1138-764a-47be-9595-ec49781b500e,00:24:03.503,Leon Aderemi Balogun,5467,FSV Mainz 05,Pressure,15.8,71.6,2,69
8b718f28-2aac-49b6-b2a2-701a9e3a1fd1,00:24:05.727,Edgar Prib,24914,Hannover 96,Dispossessed,116.1,12.4,2,69
4dd1d580-860d-4e0c-b81c-eab8f2c87611,00:24:05.727,Leon Aderemi Balogun,5467,FSV Mainz 05,Duel,4.0,67.7,2,69
5d621995-b367-4c7d-a313-9e3ded074fd5,00:24:05.727,Leon Aderemi Balogun,5467,FSV Mainz 05,Carry,4.0,67.7,2,69
5e54e692-85a8-4fdc-8316-4bf6ecea162d,00:24:12.175,Leon Aderemi Balogun,5467,FSV Mainz 05,Pass,17.1,76.4,2,69
b244a1ae-bd47-4e09-8287-c2d2c864bbf3,00:24:14.189,Yoshinori Muto,6337,FSV Mainz 05,Ball Receipt*,55.9,56.5,2,69
c41a8eb6-e210-4371-8070-eb8c93076073,00:24:14.189,Christian Schulz,400614,Hannover 96,Pass,66.7,16.5,2,69
2bcf3bf4-fe47-44c7-a5b6-2ebd9180cf52,00:24:15.875,Manuel Schmiedebach,8543,Hannover 96,Ball Receipt*,79.0,6.0,2,69
b8264ad0-d03a-45b7-9f3f-4aeae28f4891,00:24:15.875,Manuel Schmiedebach,8543,Hannover 96,Carry,79.0,6.0,2,69
0a6f8901-98c6-4054-865d-1f3c6e4382a7,00:24:17.052,Julian Baumgartlinger,20037,FSV Mainz 05,Pressure,38.6,75.4,2,69
b9fbbdbf-6aaa-4077-93b5-09acb26d4be4,00:24:18.140,Christian Clemens,9098,FSV Mainz 05,Pressure,43.4,75.7,2,69
4f578148-a20c-4c37-9515-0486b85e5b71,00:24:19.175,Manuel Schmiedebach,8543,Hannover 96,Pass,72.1,1.6,2,69
0c07f8c4-8380-4bda-b0d4-029b4b4d308f,00:24:19.646,Yoshinori Muto,6337,FSV Mainz 05,Pressure,55.7,77.7,2,69
16f2ee34-53fb-44c7-82dc-4166938e3584,00:24:20.146,Oliver Sorg,12316,Hannover 96,Ball Receipt*,66.2,0.6,2,69
4d044928-07b6-4ca5-8e30-a75a59e7bbac,00:24:20.146,Oliver Sorg,12316,Hannover 96,Carry,66.2,0.6,2,69
66fff654-6314-4a32-86ba-2997196ccafc,00:24:26.990,Oliver Sorg,12316,Hannover 96,Pass,26.6,9.3,2,69
a48d8d03-b06d-4280-ba05-07d8c24426b6,00:24:28.772,Ron-Robert Zieler,8947,Hannover 96,Ball Receipt*,32.0,34.4,2,69
f608396b-776f-4d5a-aadd-afdab98345a2,00:24:28.772,Ron-Robert Zieler,8947,Hannover 96,Carry,32.0,34.4,2,69
95e4e159-0fc8-47da-b29b-a47b15ba999e,00:24:30.296,Ron-Robert Zieler,8947,Hannover 96,Pass,33.7,39.0,2,69
ac2f4c24-3c19-4b17-baf9-f3d2ad3e2323,00:24:31.760,Marcelo Antônio Guedes Filho,3164,Hannover 96,Ball Receipt*,39.6,50.5,2,69
a149713d-5544-46fb-bec0-2435410795c5,00:24:31.760,Marcelo Antônio Guedes Filho,3164,Hannover 96,Carry,39.6,50.5,2,69
255c4e31-5964-4530-80b4-e71debbd87cb,00:24:33.567,Marcelo Antônio Guedes Filho,3164,Hannover 96,Pass,41.4,51.5,2,69
2ee1c6b8-d527-4341-85f5-8346a6f4d28f,00:24:34.767,Hiroki Sakai,3530,Hannover 96,Ball Receipt*,53.7,68.9,2,69
d37c7849-489b-4f47-ba82-468dcf68f001,00:24:34.767,Hiroki Sakai,3530,Hannover 96,Carry,53.7,68.9,2,69
a48370ac-13ea-4a77-b5b3-b8d40d22c47d,00:24:35.462,Hiroki Sakai,3530,Hannover 96,Pass,54.2,68.9,2,69
44daed79-65f5-4ba6-8245-f544bc6e062b,00:24:36.454,Allan Saint-Maximin,3016,Hannover 96,Ball Receipt*,67.0,75.8,2,69
aa37373c-d57a-441b-b286-64ee939aa6eb,00:24:36.454,Allan Saint-Maximin,3016,Hannover 96,Carry,67.0,75.8,2,69
6e809aa1-f692-43ff-9bfa-656911712430,00:24:37.686,Jairo Samperio Bustara,6925,FSV Mainz 05,Pressure,45.7,7.1,2,69
ab215045-b5fe-42dc-ba9f-ea6cf39bd893,00:24:42.002,Allan Saint-Maximin,3016,Hannover 96,Pass,80.8,72.2,2,69
9334e687-1015-4f19-a49a-c83366f710a0,00:24:43.070,Hiroki Sakai,3530,Hannover 96,Ball Receipt*,75.4,77.0,2,69
d82177a9-0972-40be-9738-e1055e65544c,00:24:43.070,Hiroki Sakai,3530,Hannover 96,Carry,75.4,77.0,2,69
527c24b1-049c-409c-aeb2-da1a89d48b6b,00:24:44.769,Hiroki Sakai,3530,Hannover 96,Pass,75.7,75.5,2,69
dda30cf8-a1bd-4e41-8d16-a15e6452655f,00:24:46.888,Marcelo Antônio Guedes Filho,3164,Hannover 96,Ball Receipt*,60.8,65.5,2,69
9d207474-6ad4-482f-a125-e1a016f81e22,00:24:46.888,Marcelo Antônio Guedes Filho,3164,Hannover 96,Carry,60.8,65.5,2,69
66b8af53-7f06-44b8-9d72-34215c2a5e06,00:24:47.673,Marcelo Antônio Guedes Filho,3164,Hannover 96,Pass,57.8,59.9,2,69
803f26f6-a0e5-4aaf-85f3-e8219881b065,00:24:49.224,Christian Schulz,400614,Hannover 96,Ball Receipt*,51.1,30.8,2,69
512c7a24-3935-4d1c-b27c-5006027925b0,00:24:49.224,Christian Schulz,400614,Hannover 96,Carry,51.1,30.8,2,69
93802cfa-fe95-40af-bcd8-0b978f81bd65,00:24:49.816,Christian Schulz,400614,Hannover 96,Pass,51.4,29.7,2,69
89aa2b5c-1531-46ef-929f-9ff6c3465f27,00:24:51.185,Manuel Schmiedebach,8543,Hannover 96,Ball Receipt*,65.4,15.7,2,69
98a97d3b-4250-4873-9f42-e874e4e359e3,00:24:51.185,Manuel Schmiedebach,8543,Hannover 96,Carry,65.4,15.7,2,69
b6ea64d9-3595-429e-b5a8-93e700dc03be,00:24:54.336,Manuel Schmiedebach,8543,Hannover 96,Pass,63.6,23.6,2,69
b9ca92d0-41bd-4fca-91ee-3fae65d4a1f1,00:24:55.814,Charlison Benschop,8558,Hannover 96,Ball Receipt*,92.0,36.7,2,69
32e2276c-ae60-4be5-855d-a737b6f0fdb0,00:24:55.814,Charlison Benschop,8558,Hannover 96,Carry,92.0,36.7,2,69
03a674da-44ad-4bb2-baf4-622c9bcd525a,00:24:55.857,Charlison Benschop,8558,Hannover 96,Pass,92.0,36.7,2,69
ccdd1259-f7ae-40b1-9d78-44b8d77e5501,00:24:56.583,Salif Sané,5664,Hannover 96,Ball Receipt*,79.2,46.6,2,69
20902465-a3e2-4886-a169-61916776be7c,00:24:56.583,Salif Sané,5664,Hannover 96,Carry,79.2,46.6,2,69
06dd6377-df7b-4462-bf97-b1e6a295ad29,00:24:56.855,Salif Sané,5664,Hannover 96,Pass,79.2,46.9,2,69
1784070c-15c0-43f4-a640-c7064e1ed301,00:24:58.783,Allan Saint-Maximin,3016,Hannover 96,Ball Receipt*,105.8,73.7,2,69
0edcfeb5-9f03-42e8-b4cc-8afdef276492,00:24:58.783,Allan Saint-Maximin,3016,Hannover 96,Carry,105.8,73.7,2,69
6e9f4bee-bd79-44e0-9796-05b15988c4ef,00:25:01.212,Allan Saint-Maximin,3016,Hannover 96,Pass,108.6,66.1,2,70
ef99ea8c-ce7a-4761-a49c-a713b564ecc8,00:25:02.103,Charlison Benschop,8558,Hannover 96,Ball Receipt*,110.4,37.4,2,70
efec8d20-bafb-43e6-97a4-28f6d7f3a13e,00:25:02.103,Danny Latza,8539,FSV Mainz 05,Clearance,11.2,31.4,2,70
e9fbd378-2a18-4efc-b6fb-1784cf2858cc,00:25:05.354,Allan Saint-Maximin,3016,Hannover 96,Ball Recovery,95.6,72.4,2,70
e1a55d8c-9f06-4a93-9fa7-2a3a2583fec0,00:25:05.354,Allan Saint-Maximin,3016,Hannover 96,Carry,95.6,72.4,2,70
d100b061-eded-40a0-9bf3-f01e2f480659,00:25:07.455,Allan Saint-Maximin,3016,Hannover 96,Pass,88.4,76.0,2,70
5987a99d-938a-4d9f-adf0-5c476729ec53,00:25:09.102,Marcelo Antônio Guedes Filho,3164,Hannover 96,Ball Receipt*,70.3,73.2,2,70
2e3fe3ff-25ac-4aab-951a-b2544c6c7145,00:25:09.102,Marcelo Antônio Guedes Filho,3164,Hannover 96,Carry,70.3,73.2,2,70
c05202ec-0b56-4712-8a3d-332272941c0f,00:25:09.976,Marcelo Antônio Guedes Filho,3164,Hannover 96,Pass,70.0,70.7,2,70
b9663753-9e17-4691-85ff-e9d75ee59fef,00:25:11.556,Manuel Schmiedebach,8543,Hannover 96,Ball Receipt*,77.5,53.5,2,70
12392b0a-bcf7-4903-bc1a-2e4f7ad3c44e,00:25:11.556,Manuel Schmiedebach,8543,Hannover 96,Carry,77.5,53.5,2,70
5ea19070-04d0-496e-8321-b8fc69ada170,00:25:11.633,Manuel Schmiedebach,8543,Hannover 96,Pass,78.0,53.5,2,70
a6e4d0db-b514-4733-bf63-a769c847c64b,00:25:15.231,Allan Saint-Maximin,3016,Hannover 96,Ball Receipt*,112.2,75.3,2,70
24946ffb-3eb9-4dd7-a607-fb5ef1b079e1,00:25:15.231,Allan Saint-Maximin,3016,Hannover 96,Carry,112.2,75.3,2,70
5d61c345-e15b-436a-8e2a-f8eabe6c8b3c,00:25:15.431,Allan Saint-Maximin,3016,Hannover 96,Pass,114.5,74.0,2,70
d841ceca-6c1e-4caf-a5f2-e7c383461dd2,00:25:16.258,Stefan Bell,8559,FSV Mainz 05,Clearance,7.1,26.6,2,70
e3849b6e-5bf6-4ebc-9502-6d8ccdee7b4e,00:26:25.334,Hiroki Sakai,3530,Hannover 96,Pass,110.7,80.0,2,71
6e03bcf2-75c4-4c63-82f7-1080b4273a1d,00:26:27.142,Salif Sané,5664,Hannover 96,Ball Receipt*,112.7,53.8,2,71
999218fa-fb5a-498f-a768-0c2116415bb7,00:26:27.142,Salif Sané,5664,Hannover 96,Duel,113.0,54.3,2,71
28a15f0b-8f88-45e6-9c79-26abf545281c,00:26:27.142,Stefan Bell,8559,FSV Mainz 05,Clearance,7.1,25.8,2,71
b2cae22b-f10d-4d43-940a-8e9e7a980d8e,00:26:28.609,Manuel Schmiedebach,8543,Hannover 96,Pressure,97.9,52.2,2,71
adf3a359-328f-43ad-8e17-0da76209a0cb,00:26:29.073,Yunus Mallı,8679,FSV Mainz 05,Clearance,21.7,29.9,2,71
b9a949b9-d8ee-449c-b7d0-0811c45f0474,00:26:33.382,Christian Schulz,400614,Hannover 96,Ball Recovery,55.7,54.3,2,71
d48aa74a-c933-4a07-9f1d-a977ad31a024,00:26:33.382,Christian Schulz,400614,Hannover 96,Carry,55.7,54.3,2,71
90a3a501-36d6-45dd-bcde-f1395c406053,00:26:33.919,Christian Schulz,400614,Hannover 96,Pass,53.9,53.8,2,71
0e19eed4-27ce-41b6-a7a4-83369c1f689e,00:26:35.529,Ron-Robert Zieler,8947,Hannover 96,Ball Receipt*,36.0,38.4,2,71
b1c020f3-dc07-4668-95d9-1f800903be0f,00:26:35.529,Ron-Robert Zieler,8947,Hannover 96,Carry,36.0,38.4,2,71
a23176ad-bdba-44e9-830e-f85ad2e4c161,00:26:38.093,Ron-Robert Zieler,8947,Hannover 96,Pass,38.1,43.8,2,71
52a5aec6-9c0d-40ed-b426-801101b35374,00:26:40.342,Marcelo Antônio Guedes Filho,3164,Hannover 96,Ball Receipt*,58.5,68.4,2,71
9f7f8130-7fb9-4035-9302-542283fcb3e3,00:26:40.342,Marcelo Antônio Guedes Filho,3164,Hannover 96,Carry,58.5,68.4,2,71
79c15f9a-18ef-4b24-aa3c-f6eaacbbf9bd,00:26:40.414,Jairo Samperio Bustara,6925,FSV Mainz 05,Pressure,61.3,12.0,2,71
085bedae-6510-40a5-b0ac-173fed3392de,00:26:40.891,Marcelo Antônio Guedes Filho,3164,Hannover 96,Pass,55.7,65.0,2,71
e22c63e8-724a-4a25-8888-92bbcc72cdc8,00:26:43.180,Ron-Robert Zieler,8947,Hannover 96,Ball Receipt*,34.5,49.2,2,71
25c6c45f-447f-45e7-a4b3-54bf19ca3a6a,00:26:43.180,Ron-Robert Zieler,8947,Hannover 96,Pass,34.5,49.2,2,71
47117805-1993-4b38-8e67-d01405bc0973,00:26:46.061,Allan Saint-Maximin,3016,Hannover 96,Ball Receipt*,88.4,46.6,2,71
e85ac009-e464-43fb-bf6b-eeaed1d3df7f,00:26:46.061,Stefan Bell,8559,FSV Mainz 05,Clearance,30.4,33.2,2,71
55617332-20bf-4124-8ed5-15ea75fb6c4c,00:26:48.102,Allan Saint-Maximin,3016,Hannover 96,Ball Recovery,81.8,70.7,2,71
1e74071b-5193-45fd-917b-2aa709b57dfa,00:26:48.102,Allan Saint-Maximin,3016,Hannover 96,Carry,81.8,70.7,2,71
b3127ea0-7bfb-4b67-adf4-7aa8e9c1b511,00:26:53.339,Danny Latza,8539,FSV Mainz 05,Dribbled Past,22.7,16.6,2,71
6070428c-40ac-404a-a678-4feb392a5aeb,00:26:53.339,Allan Saint-Maximin,3016,Hannover 96,Dribble,97.4,63.5,2,71
cf4f4220-41f2-4daa-957f-b932320b348e,00:26:53.339,Allan Saint-Maximin,3016,Hannover 96,Carry,97.4,63.5,2,71
940e6803-26eb-464e-8b19-48954910a2db,00:26:54.505,Pierre Bengtsson,20871,FSV Mainz 05,Pressure,16.6,16.4,2,71
29378be6-d9dd-4115-8940-1cd753e86daf,00:26:59.744,Allan Saint-Maximin,3016,Hannover 96,Pass,110.7,74.2,2,71
cdd0e1db-9246-4e33-9fe2-04000ab2ab55,00:27:00.604,Danny Latza,8539,FSV Mainz 05,Pressure,13.8,18.1,2,72
7973722d-b70c-4e23-af82-c3abc2e07564,00:27:00.753,Manuel Schmiedebach,8543,Hannover 96,Ball Receipt*,109.9,61.7,2,72
4212206c-7ff3-4c1a-887f-74b6fd827d97,00:27:00.753,Manuel Schmiedebach,8543,Hannover 96,Carry,109.9,61.7,2,72
df7b2a51-270e-45c6-9909-dd0314888423,00:27:01.412,Manuel Schmiedebach,8543,Hannover 96,Miscontrol,108.1,59.4,2,72
dc51cda3-c1e4-4cd0-814c-0ed719efcb73,00:27:03.287,Stefan Bell,8559,FSV Mainz 05,Ball Recovery,11.2,24.3,2,72
178bc402-300c-4025-935b-d10b4e65f727,00:27:05.502,Stefan Bell,8559,FSV Mainz 05,Pass,21.4,17.1,2,72
93d827aa-c637-436b-88bd-213d5ab6560b,00:27:06.377,Yoshinori Muto,6337,FSV Mainz 05,Ball Receipt*,36.8,17.4,2,72
f8af74ca-9b37-4f58-b6f7-b4f4ce56c3bf,00:27:06.782,Yoshinori Muto,6337,FSV Mainz 05,Pass,36.0,17.4,2,72
294e386d-d03b-4bea-a13d-a4fadfd41b09,00:27:07.914,Jairo Samperio Bustara,6925,FSV Mainz 05,Ball Receipt*,32.9,5.1,2,72
360cbbdf-c063-4320-adf1-096139b9b130,00:27:08.393,Jairo Samperio Bustara,6925,FSV Mainz 05,Dribble,41.1,3.3,2,72
d3585bc0-a3c3-4f54-8df6-a2d9abc6fd44,00:27:08.393,Hiroki Sakai,3530,Hannover 96,Duel,79.0,76.8,2,72
28916a67-72a8-436d-acec-3ab4425273eb,00:27:45.917,Pierre Bengtsson,20871,FSV Mainz 05,Pass,35.7,0.1,2,72
b0ad4c33-a2d8-4d0c-beab-4130dd7476e6,00:27:47.669,Jairo Samperio Bustara,6925,FSV Mainz 05,Ball Receipt*,60.3,3.1,2,72
b467c73b-311f-4da4-999f-6c3a8d40bb5c,00:27:47.669,Jairo Samperio Bustara,6925,FSV Mainz 05,Duel,60.5,2.5,2,72
d0f1c8e3-615d-4850-a007-9c3d3f5a5544,00:27:47.669,Salif Sané,5664,Hannover 96,Clearance,59.6,77.6,2,72
a815116c-8fdc-41e4-8b9f-0d88e62fdba8,00:27:49.861,Salif Sané,5664,Hannover 96,Pass,65.4,76.0,2,72
dd62204b-d1ab-43e7-aea9-3f146ee8b6c6,00:27:52.173,Charlison Benschop,8558,Hannover 96,Pressure,91.5,73.2,2,72
94c3c438-25ee-493d-96e0-1ff7f3f3aa56,00:27:52.388,Charlison Benschop,8558,Hannover 96,Ball Receipt*,87.4,73.7,2,72
668fb1df-9b34-4f96-a7b2-32ad09b874f2,00:27:52.388,Stefan Bell,8559,FSV Mainz 05,Ball Recovery,26.0,7.7,2,72
247873e3-6df9-4d1d-8663-a5255a960253,00:27:52.388,Stefan Bell,8559,FSV Mainz 05,Carry,26.0,7.7,2,72
86856411-6a94-4693-99a7-c37cfe6b4efb,00:27:55.460,Stefan Bell,8559,FSV Mainz 05,Pass,8.1,7.9,2,72
e3037729-65f2-44c0-9c53-31b4bc3c9079,00:27:56.429,Loris Karius,3630,FSV Mainz 05,Ball Receipt*,3.8,33.7,2,72
19efab12-77db-4a8c-9f1c-9008e6cf64cb,00:27:56.429,Loris Karius,3630,FSV Mainz 05,Carry,3.8,33.7,2,72
fa4959c2-16c9-48a1-8fcd-556bacb7259d,00:27:57.600,Loris Karius,3630,FSV Mainz 05,Pass,3.5,39.1,2,72
6a560d2a-10b8-4f7e-a96e-3c248f5234c1,00:28:00.039,Daniel Brosinski,8548,FSV Mainz 05,Ball Receipt*,24.2,63.9,2,73
2cfeacdd-a604-4560-a147-f074f83e26eb,00:28:00.039,Daniel Brosinski,8548,FSV Mainz 05,Carry,24.2,63.9,2,73
ccbdb3c2-4395-4321-a2d7-25a293115307,00:28:02.291,Daniel Brosinski,8548,FSV Mainz 05,Pass,32.7,67.2,2,73
3434ee12-f06b-4afb-bf1b-8d7be506a544,00:28:03.579,Julian Baumgartlinger,20037,FSV Mainz 05,Ball Receipt*,40.9,55.2,2,73
3ff495e7-aa36-41a7-981f-714bc3f27197,00:28:03.579,Julian Baumgartlinger,20037,FSV Mainz 05,Carry,40.9,55.2,2,73
b09b89da-48c8-41d1-b0ba-ce347918b1f4,00:28:06.093,Manuel Schmiedebach,8543,Hannover 96,Pressure,82.1,15.7,2,73
51afb7d6-79e2-4a96-80fa-d64fbab7b7ea,00:28:08.299,Manuel Schmiedebach,8543,Hannover 96,Foul Committed,87.7,7.0,2,73
9b66fedf-4470-4e14-9106-b4d787ba8eac,00:28:08.299,Julian Baumgartlinger,20037,FSV Mainz 05,Foul Won,32.4,73.1,2,73
a1f53371-2ffc-484f-abd4-f3e96e76ecbd,00:28:52.647,Daniel Brosinski,8548,FSV Mainz 05,Pass,33.4,73.1,2,73
e6b4f427-497a-4b5a-a330-b018a005c8fe,00:28:54.888,Yoshinori Muto,6337,FSV Mainz 05,Ball Receipt*,75.9,55.0,2,73
890c4966-a70a-43d3-ba00-6fa20cc5784b,00:28:56.270,Yoshinori Muto,6337,FSV Mainz 05,Pass,75.9,55.0,2,73
f295ac98-aaf3-4008-9b59-8f74b0da7310,00:28:56.484,Christian Clemens,9098,FSV Mainz 05,Ball Receipt*,76.9,75.4,2,73
d7d33045-a4d1-4b16-bbd1-23c48315f64f,00:28:56.484,Christian Clemens,9098,FSV Mainz 05,Carry,76.9,75.4,2,73
d16af1d1-6e15-406c-9f25-96cd9fdec97c,00:28:56.841,Christian Clemens,9098,FSV Mainz 05,Pass,77.2,74.9,2,73
04786bdb-cb01-4ced-87db-a2e426db075d,00:28:57.571,Yunus Mallı,8679,FSV Mainz 05,Ball Receipt*,73.6,68.5,2,73
0dec5d65-524c-4eb5-b95d-8d28870c919e,00:28:57.571,Yunus Mallı,8679,FSV Mainz 05,Carry,73.6,68.5,2,73
9cea9be9-3df7-4134-bfb7-c04745022953,00:29:00.554,Salif Sané,5664,Hannover 96,Pressure,34.8,13.6,2,74
0a921901-cc48-46a7-bf40-264626f36a3d,00:29:01.634,Yunus Mallı,8679,FSV Mainz 05,Miscontrol,91.2,66.7,2,74
5c403c78-605b-4307-a3d6-17e12de4fc03,00:29:02.636,Yunus Mallı,8679,FSV Mainz 05,Pressure,103.0,63.1,2,74
3ae320df-f732-4991-8e5c-66a147a76da9,00:29:03.130,Christian Schulz,400614,Hannover 96,Clearance,13.3,17.5,2,74
dd93b873-039f-49c1-9780-3b8eba8a84a1,00:29:03.348,Yunus Mallı,8679,FSV Mainz 05,Block,107.3,64.9,2,74
0e6a1b7a-72d0-4e50-812b-31b5045298b1,00:29:05.392,Yunus Mallı,8679,FSV Mainz 05,Ball Recovery,119.3,72.1,2,74
4583476a-66f8-4254-87a4-f0bf2244777e,00:29:05.392,Yunus Mallı,8679,FSV Mainz 05,Carry,119.3,72.1,2,74
8f2a192b-cefd-4443-84dc-61410d2c7263,00:29:06.843,Salif Sané,5664,Hannover 96,Pressure,1.5,7.8,2,74
f36fe619-a524-4eec-837f-c38d6ae1886b,00:29:09.406,Yunus Mallı,8679,FSV Mainz 05,Pass,106.3,69.5,2,74
043c2ade-7cb1-4a78-ae5c-a76f8ea28672,00:29:10.496,Daniel Brosinski,8548,FSV Mainz 05,Ball Receipt*,103.2,78.7,2,74
6d6bfd15-0dd9-488e-a339-89c7e456e646,00:29:10.496,Daniel Brosinski,8548,FSV Mainz 05,Carry,103.2,78.7,2,74
7d181552-1178-48a5-8573-c8dfa152b5cd,00:29:12.549,Daniel Brosinski,8548,FSV Mainz 05,Pass,102.7,78.0,2,74
20bc122a-72cf-4380-8b34-586b4dcd60e0,00:29:13.019,Christian Clemens,9098,FSV Mainz 05,Ball Receipt*,106.0,63.9,2,74
ad1a698e-566d-4a33-8a01-189ec4ea9698,00:29:13.019,Christian Clemens,9098,FSV Mainz 05,Carry,106.0,63.9,2,74
ffe225dd-086e-45cc-bae2-a9a6d6b981a9,00:29:13.100,Christian Clemens,9098,FSV Mainz 05,Miscontrol,105.3,64.4,2,74
26920650-5240-4aa9-9167-8933a0f70306,00:29:14.143,Christian Schulz,400614,Hannover 96,Pass,13.0,30.5,2,74
2c6eacf8-0df7-4661-9666-3d9122035c98,00:29:15.952,Allan Saint-Maximin,3016,Hannover 96,Ball Receipt*,44.0,14.4,2,74
d27f3c69-0361-4cb3-b1f5-69a502577478,00:29:15.952,Niko Bungert,13319,FSV Mainz 05,Pass,77.2,65.4,2,74
67e60551-fbe8-4745-b8c4-e14486b61353,00:29:17.526,Danny Latza,8539,FSV Mainz 05,Pressure,84.6,66.7,2,74
48f35f1b-edf0-4ff5-bc11-0556ca3b3013,00:29:17.825,Danny Latza,8539,FSV Mainz 05,Ball Receipt*,83.3,67.0,2,74
91eb40cb-ec7a-4138-b2d0-4eb5626e666e,00:29:17.825,Manuel Schmiedebach,8543,Hannover 96,Pass,33.5,13.6,2,74
3cad4ea5-59fe-411a-8eb6-129ef7b021f1,00:29:18.768,Kenan Karaman,8541,Hannover 96,Ball Receipt*,37.8,20.0,2,74
fa12bdad-834a-4c45-aaef-ff26b0805c27,00:29:18.768,Kenan Karaman,8541,Hannover 96,Carry,37.8,20.0,2,74
6b32905f-5a0b-43b1-8f45-a2de1795bb60,00:29:19.895,Kenan Karaman,8541,Hannover 96,Pass,38.9,17.7,2,74
1bb8d52f-32ec-44c6-9160-0fa67b9b0908,00:29:21.263,Christian Schulz,400614,Hannover 96,Ball Receipt*,33.7,8.0,2,74
a4f0708c-7f92-482a-8c2b-f6abd33d3db6,00:29:21.263,Christian Schulz,400614,Hannover 96,Carry,33.7,8.0,2,74
e9541bc5-b4c8-423c-9498-59ec002702cf,00:29:22.563,Christian Schulz,400614,Hannover 96,Pass,33.5,7.8,2,74
8befa785-67d3-419d-b307-b81ce052ba76,00:29:23.730,Manuel Schmiedebach,8543,Hannover 96,Ball Receipt*,46.0,29.5,2,74
e053464c-69ee-4d14-b084-77fa6965a6c0,00:29:23.730,Manuel Schmiedebach,8543,Hannover 96,Carry,46.0,29.5,2,74
400d3612-20a2-4b05-a54a-a54780ed2dc7,00:29:24.274,Jairo Samperio Bustara,6925,FSV Mainz 05,Pressure,73.3,44.0,2,74
6c1f8d96-00f1-42f5-b09d-46d7f8a15d56,00:29:24.601,Manuel Schmiedebach,8543,Hannover 96,Pass,47.3,33.8,2,74
dfdde773-dacf-4013-9b3e-ebadebc7687c,00:29:25.946,Hiroki Sakai,3530,Hannover 96,Ball Receipt*,61.6,64.0,2,74
ae3c3229-4752-4402-8c78-fe78eefebdc7,00:29:25.946,Pierre Bengtsson,20871,FSV Mainz 05,Ball Recovery,51.6,32.2,2,74
3d1dfbac-23b2-4320-8bd1-bf416733bf86,00:29:25.946,Pierre Bengtsson,20871,FSV Mainz 05,Carry,51.6,32.2,2,74
86c50056-81df-4a60-8405-a1dd93a4c4ac,00:29:27.546,Pierre Bengtsson,20871,FSV Mainz 05,Pass,52.9,31.7,2,74
ffdfacd1-74e8-4146-bc45-47fb0bea2d0f,00:29:29.308,Yunus Mallı,8679,FSV Mainz 05,Ball Receipt*,73.1,39.1,2,74
b2cd3964-058e-4efa-a11f-546b6313278d,00:29:29.308,Manuel Schmiedebach,8543,Hannover 96,Interception,48.3,42.0,2,74
a2f07cf5-ddfe-4e81-b723-f06e4f034411,00:29:32.204,Hiroki Sakai,3530,Hannover 96,Ball Recovery,32.7,68.1,2,74
337410f3-d9ba-4c32-a64f-a55b54880d8b,00:29:32.204,Hiroki Sakai,3530,Hannover 96,Carry,32.7,68.1,2,74
c44373e7-dcb8-4353-b59a-36ab10870e62,00:29:35.399,Hiroki Sakai,3530,Hannover 96,Pass,45.0,74.7,2,74
c1d45f10-6e71-40e5-b377-d9f6e99b5f95,00:29:36.636,Allan Saint-Maximin,3016,Hannover 96,Ball Receipt*,62.1,71.2,2,74
eef98d6f-1fa5-40e2-862d-1918f0e7770e,00:29:36.636,Allan Saint-Maximin,3016,Hannover 96,Carry,62.1,71.2,2,74
2e7605e8-4a8e-49c5-9cc8-284ea51e8283,00:29:36.704,Pierre Bengtsson,20871,FSV Mainz 05,Pressure,55.7,9.7,2,74
97038aad-7fdd-4646-81ac-62564dc71d42,00:29:37.729,Allan Saint-Maximin,3016,Hannover 96,Pass,58.0,68.6,2,74
ee68f975-125c-417c-9502-f05e224ba044,00:29:39.593,Marcelo Antônio Guedes Filho,3164,Hannover 96,Ball Receipt*,41.9,63.0,2,74
26cfcdc3-ca89-4530-8102-2efe358b3ab9,00:29:39.593,Marcelo Antônio Guedes Filho,3164,Hannover 96,Pass,42.2,63.0,2,74
5dcebd4c-ad94-4eee-968e-632f6c9ab29b,00:29:40.583,Manuel Schmiedebach,8543,Hannover 96,Ball Receipt*,52.4,51.5,2,74
5e6842aa-aeeb-4538-ad89-d6ef7a0e32f8,00:29:40.583,Manuel Schmiedebach,8543,Hannover 96,Carry,52.4,51.5,2,74
28a30816-3c8d-41be-b69d-92d6f3d3630f,00:29:41.941,Manuel Schmiedebach,8543,Hannover 96,Pass,54.2,51.7,2,74
6b04d96c-83f4-4b27-a465-d36b04f8be6a,00:29:43.150,Marcelo Antônio Guedes Filho,3164,Hannover 96,Ball Receipt*,43.2,58.6,2,74
d69bf3c9-21a5-4ee0-8ea8-6907a445ba11,00:29:43.150,Marcelo Antônio Guedes Filho,3164,Hannover 96,Carry,43.2,58.6,2,74
03d74aa2-7511-4e43-8f58-c317d0518522,00:29:48.918,Marcelo Antônio Guedes Filho,3164,Hannover 96,Pass,60.3,45.6,2,74
7cafa837-7296-40fd-95e9-f15818f087b5,00:29:49.927,Salif Sané,5664,Hannover 96,Ball Receipt*,70.0,30.8,2,74
ac86b5e4-74c4-4549-95ac-2e71e088b207,00:29:49.927,Salif Sané,5664,Hannover 96,Carry,70.0,30.8,2,74
033c8441-5a57-4258-995b-1a1e06067361,00:29:50.603,Julian Baumgartlinger,20037,FSV Mainz 05,Pressure,48.5,50.6,2,74
48f8e20d-ceed-4756-816f-1fab9ea9ee8b,00:29:51.229,Salif Sané,5664,Hannover 96,Pass,70.8,28.5,2,74
1c47b7d9-0a99-44d1-af5a-654983cfcc66,00:29:53.043,Edgar Prib,24914,Hannover 96,Ball Receipt*,88.7,2.9,2,74
064ddaa5-26db-4a55-a368-744a8e637d16,00:29:53.043,Edgar Prib,24914,Hannover 96,Carry,88.7,2.9,2,74
ab021f51-1afe-419d-b04e-5aea62aedd9e,00:29:56.281,Edgar Prib,24914,Hannover 96,Pass,104.0,12.6,2,74
c5a448cb-425e-43c9-a765-34ba447ed3cf,00:29:56.910,Kenan Karaman,8541,Hannover 96,Ball Receipt*,106.1,26.2,2,74
fa7d692b-90f8-4466-8f56-6416da546e6a,00:29:56.910,Niko Bungert,13319,FSV Mainz 05,Interception,13.8,55.2,2,74
0aeeba41-d02b-45b2-a29b-ed52fc5540af,00:29:58.003,Julian Baumgartlinger,20037,FSV Mainz 05,Pressure,15.8,56.0,2,74
daadf433-b3b1-4e88-9b84-ffa067cf3b1c,00:29:58.287,Kenan Karaman,8541,Hannover 96,Pass,106.1,21.6,2,74
72ed9587-ec0b-4f64-b724-075d25acf349,00:29:59.690,Salif Sané,5664,Hannover 96,Ball Receipt*,92.0,30.0,2,74
d3803593-0dc1-4883-9032-afbec44ae203,00:29:59.690,Salif Sané,5664,Hannover 96,Carry,92.0,30.0,2,74
b2eb6bd3-3812-47f4-a44f-2aa49acb3ad1,00:30:00.565,Salif Sané,5664,Hannover 96,Shot,94.7,29.2,2,75
533fa4e8-d67d-4d49-92ca-adc61cb94de7,00:30:01.366,Loris Karius,3630,FSV Mainz 05,Goal Keeper,2.7,42.0,2,75
f2706b9d-e902-47fd-9531-7d26f88dd155,00:30:02.316,Pierre Bengtsson,20871,FSV Mainz 05,Clearance,9.9,31.4,2,75
aa5b5234-b33c-4271-82c6-7ca73321a22c,00:30:29.665,Edgar Prib,24914,Hannover 96,Pass,120.0,80.0,2,75
a2c8c51e-2631-4c57-b260-05e76f1255aa,00:30:31.157,Allan Saint-Maximin,3016,Hannover 96,Ball Receipt*,116.1,42.3,2,75
9674c586-a43a-4cce-a2ca-bbb428609816,00:30:31.157,Marcelo Antônio Guedes Filho,3164,Hannover 96,Duel,116.6,41.3,2,75
38978554-42b1-4fc2-a185-11904d0948df,00:30:31.157,Niko Bungert,13319,FSV Mainz 05,Clearance,3.5,38.8,2,75
1e121e9a-cdb9-40fd-be12-f4a6f1c8921d,00:30:33.101,Jairo Samperio Bustara,6925,FSV Mainz 05,Pass,15.0,30.2,2,75
8c610210-6306-4f0a-b0f1-438885420673,00:30:34.230,Daniel Brosinski,8548,FSV Mainz 05,Ball Receipt*,23.5,25.0,2,75
3d3a29cd-1c95-43ff-b385-a4e78019a497,00:30:34.230,Daniel Brosinski,8548,FSV Mainz 05,Carry,23.5,25.0,2,75
0873e85e-c11f-404d-8c91-a42fe459fc1c,00:30:34.251,Daniel Brosinski,8548,FSV Mainz 05,Pass,23.5,25.0,2,75
b1701ab2-5c9a-4830-bc9c-b36b87466752,00:30:35.764,Jairo Samperio Bustara,6925,FSV Mainz 05,Ball Receipt*,31.4,37.3,2,75
d85b4f8d-489c-4029-b4de-e9cfafb4a26d,00:30:35.764,Jairo Samperio Bustara,6925,FSV Mainz 05,Carry,31.4,37.3,2,75
6ab73369-7be8-4eb1-a9c1-bea211b05608,00:30:36.145,Jairo Samperio Bustara,6925,FSV Mainz 05,Pass,34.7,39.1,2,75
7a73b725-b204-4c20-882d-902b4f3e96db,00:30:40.010,Danny Latza,8539,FSV Mainz 05,Pressure,73.1,71.6,2,75
151db176-18f4-4d03-a0a7-2937473c4683,00:30:40.256,Danny Latza,8539,FSV Mainz 05,Ball Receipt*,74.9,71.6,2,75
0a7cc991-f1f5-4655-a7fa-8f4fabd9a86f,00:30:40.256,Ron-Robert Zieler,8947,Hannover 96,Goal Keeper,36.8,9.0,2,75
46a77fce-194b-438d-911c-a20f20b63369,00:30:49.354,Daniel Brosinski,8548,FSV Mainz 05,Pass,64.4,80.0,2,75
394ce3c1-b861-4b6b-8baf-e0deb78506db,00:30:51.830,Niko Bungert,13319,FSV Mainz 05,Ball Receipt*,44.7,73.6,2,75
cf95b8b3-4ce4-4993-93aa-f3aebec8c8a5,00:30:51.830,Niko Bungert,13319,FSV Mainz 05,Carry,44.7,73.6,2,75
7a1acbc5-f8a5-4676-affe-fc15075f0403,00:30:53.952,Artur Sobiech,11845,Hannover 96,Pressure,73.6,9.6,2,75
4c57a717-106a-4f59-971c-c5a162211e4a,00:30:54.909,Niko Bungert,13319,FSV Mainz 05,Pass,45.5,74.9,2,75
565c589a-199e-4698-acb3-5dd8309abcaf,00:30:56.006,Oliver Sorg,12316,Hannover 96,Pressure,47.8,12.6,2,75
9e922dc4-1f21-4b8e-aafe-514342cbb011,00:30:56.224,Jairo Samperio Bustara,6925,FSV Mainz 05,Ball Receipt*,69.7,67.5,2,75
6370fa5a-dac9-43de-a4dc-b038d3d407fa,00:30:56.224,Jairo Samperio Bustara,6925,FSV Mainz 05,Carry,69.7,67.5,2,75
424ecea5-d9d2-44ea-9d3a-d8db0c5ef7fc,00:30:56.386,Jairo Samperio Bustara,6925,FSV Mainz 05,Pass,69.5,67.5,2,75
499216a2-b730-4415-8043-e294839c56c8,00:30:56.977,Yunus Mallı,8679,FSV Mainz 05,Ball Receipt*,73.1,55.2,2,75
4cf6586d-793f-4cd5-9086-97f8203f41fd,00:30:56.977,Yunus Mallı,8679,FSV Mainz 05,Carry,73.1,55.2,2,75
6c823c82-0528-40a6-a21a-744682cf97e5,00:30:57.501,Manuel Schmiedebach,8543,Hannover 96,Pressure,41.9,30.8,2,75
c42ca84c-d6ca-440e-9c17-e394808460dd,00:30:58.167,Yunus Mallı,8679,FSV Mainz 05,Dribble,77.2,50.9,2,75
21f12321-53bf-4365-b5e2-0fea94b20a2c,00:30:58.167,Manuel Schmiedebach,8543,Hannover 96,Duel,42.9,29.2,2,75
8efe4d68-9243-4e63-bafb-0df0d12e69e0,00:30:59.952,Danny Latza,8539,FSV Mainz 05,Pass,72.6,48.3,2,75
50a7cb4a-e75c-46c2-a07b-ff2465434b52,00:31:02.882,Pierre Bengtsson,20871,FSV Mainz 05,Ball Receipt*,77.2,10.2,2,76
5339a916-995b-4be2-9452-08bf9b848fee,00:31:02.882,Pierre Bengtsson,20871,FSV Mainz 05,Carry,77.2,10.2,2,76
587b850f-d678-4e7d-950f-d11e8a927f47,00:31:07.518,Pierre Bengtsson,20871,FSV Mainz 05,Pass,83.3,6.9,2,76
cca175ac-2950-4404-b0a7-71257f7b31e5,00:31:10.512,Allan Saint-Maximin,3016,Hannover 96,Pressure,39.9,24.1,2,76
ff002752-b78a-4ccb-8e8e-c19841434979,00:31:10.966,Yunus Mallı,8679,FSV Mainz 05,Ball Receipt*,82.0,51.9,2,76
f846ca3c-c84e-45d9-8545-826cb877542b,00:31:10.966,Yunus Mallı,8679,FSV Mainz 05,Dispossessed,81.8,52.4,2,76
4c82521f-4816-4e1b-b796-d56e61cad62f,00:31:10.966,Allan Saint-Maximin,3016,Hannover 96,Duel,38.3,27.7,2,76
b60fc6eb-9034-46cd-b2e1-c9af0dad5dfc,00:31:10.966,Allan Saint-Maximin,3016,Hannover 96,Carry,38.3,27.7,2,76
38d7eb8b-892b-4b88-a2ba-e08d3e5958b1,00:31:11.366,Julian Baumgartlinger,20037,FSV Mainz 05,Pressure,76.6,48.6,2,76
e6189253-5bb1-4e66-bd4d-4d996a11b432,00:31:12.116,Julian Baumgartlinger,20037,FSV Mainz 05,Dribbled Past,78.7,50.1,2,76
f58c0294-5e63-40b6-a748-90d279a1fdeb,00:31:12.116,Allan Saint-Maximin,3016,Hannover 96,Dribble,41.4,30.0,2,76
23664879-e3b3-4433-b4bb-7a0480541e0a,00:31:13.283,Allan Saint-Maximin,3016,Hannover 96,Pressure,45.8,38.2,2,76
4b3ced6a-48e1-43dd-89a9-c8915832f3f9,00:31:13.563,Danny Latza,8539,FSV Mainz 05,Clearance,72.8,38.8,2,76
fb2e09dd-fb7f-40ef-a103-8b6aefcd90c6,00:31:23.806,Oliver Sorg,12316,Hannover 96,Pass,50.6,0.1,2,76
c7371491-8cf0-444e-b03b-f565bd9a90e6,00:31:25.118,Salif Sané,5664,Hannover 96,Ball Receipt*,50.4,15.9,2,76
07af8499-9b9b-44af-afe7-bdcc3df73dde,00:31:26.342,Julian Baumgartlinger,20037,FSV Mainz 05,Pressure,65.1,65.4,2,76
d4a18bec-18f5-45d6-b8df-3b5a075acba5,00:31:26.693,Yoshinori Muto,6337,FSV Mainz 05,Pressure,70.5,68.0,2,76
5596620f-2ae5-4289-b292-3c25d25caa2a,00:31:27.760,Salif Sané,5664,Hannover 96,Pass,49.8,14.4,2,76
5d290d55-8b32-4baf-b628-34333424228a,00:31:28.742,Christian Schulz,400614,Hannover 96,Ball Receipt*,34.8,28.5,2,76
db46f4a8-6925-4374-88b5-d8ec74ca14a7,00:31:28.742,Christian Schulz,400614,Hannover 96,Carry,34.8,28.5,2,76
c5c0904e-25c6-43cf-b1de-60627a196abf,00:31:29.328,Christian Schulz,400614,Hannover 96,Pass,34.8,30.0,2,76
ce6f2a3e-b695-4f1a-b6dc-c6933d64e9a4,00:31:30.668,Marcelo Antônio Guedes Filho,3164,Hannover 96,Ball Receipt*,38.9,45.6,2,76
67c1a907-b6e7-4af5-8f6c-2dbbff5675f7,00:31:30.668,Marcelo Antônio Guedes Filho,3164,Hannover 96,Carry,38.9,45.6,2,76
c1b26f91-f7da-42e3-bc13-75a6afd73326,00:31:31.927,Marcelo Antônio Guedes Filho,3164,Hannover 96,Pass,40.6,47.9,2,76
2a9f2f7d-d69c-4d15-9905-75352888191d,00:31:33.578,Manuel Schmiedebach,8543,Hannover 96,Ball Receipt*,53.7,53.3,2,76
525cfa3c-ffc7-4e86-9229-8756139cbb43,00:31:33.578,Manuel Schmiedebach,8543,Hannover 96,Carry,53.7,53.3,2,76
02ae45d8-5643-4694-a156-60b1534e4f9f,00:31:38.621,Manuel Schmiedebach,8543,Hannover 96,Pass,50.1,59.9,2,76
40195ad3-8188-41e1-b88e-c2cb5f8f7cea,00:31:41.475,Artur Sobiech,11845,Hannover 96,Ball Receipt*,100.5,62.5,2,76
922f8bb8-fb80-419f-a5f2-9296bab0ad95,00:31:41.475,Artur Sobiech,11845,Hannover 96,Duel,100.7,62.5,2,76
4fa339e8-5abe-4e11-974d-ec353afc5c50,00:31:41.475,Stefan Bell,8559,FSV Mainz 05,Clearance,19.4,17.6,2,76
f3abbf1a-c183-4998-96d2-0ef9e69ef209,00:31:42.553,Hiroki Sakai,3530,Hannover 96,Foul Committed,97.9,70.7,2,76
cab3c3dd-01a5-45d4-b4ee-83e7656e56ef,00:31:42.553,Pierre Bengtsson,20871,FSV Mainz 05,Foul Won,22.2,9.4,2,76
3b8cd6a9-fc2b-487b-b755-860ad99ce26a,00:32:14.554,Loris Karius,3630,FSV Mainz 05,Pass,24.0,16.4,2,77
af208e75-525e-434c-afdd-0fa3a245168d,00:32:17.569,Yoshinori Muto,6337,FSV Mainz 05,Ball Receipt*,77.7,15.1,2,77
231a6ff8-28cb-46f6-83a4-7f3b525a13a1,00:32:17.569,Yoshinori Muto,6337,FSV Mainz 05,Duel,77.9,16.4,2,77
0d3b8e29-ab4f-4db5-b95b-b28e741a5d1e,00:32:17.569,Salif Sané,5664,Hannover 96,Pass,42.2,63.7,2,77
7b7a8bfb-0409-4597-b047-2a6abc15bac1,00:32:21.028,Kenan Karaman,8541,Hannover 96,Ball Receipt*,57.0,77.0,2,77
509fbec5-b47b-4942-bc2b-937a102a4cf6,00:32:36.953,Pierre Bengtsson,20871,FSV Mainz 05,Pass,61.1,0.1,2,77
00445ce9-77ee-497b-8eb6-928f81c5f559,00:32:38.733,Jairo Samperio Bustara,6925,FSV Mainz 05,Ball Receipt*,90.7,8.4,2,77
04577c76-e139-4c6a-85d0-18ab26a9db3e,00:32:38.733,Marcelo Antônio Guedes Filho,3164,Hannover 96,Pass,30.4,76.8,2,77
f9751c70-dbbc-4a8b-9d81-1ac0d09950ee,00:32:40.632,Hiroki Sakai,3530,Hannover 96,Pressure,30.7,71.9,2,77
ea082ca3-b37c-4eff-8aae-3457af4b7fa5,00:32:40.952,Hiroki Sakai,3530,Hannover 96,Ball Receipt*,32.0,71.2,2,77
2e4e3162-91fe-4d46-a5a6-3784c225a290,00:32:40.952,Jairo Samperio Bustara,6925,FSV Mainz 05,Ball Recovery,88.4,8.7,2,77
620a6420-15b1-4e6b-ab72-fa50b0b693fd,00:32:41.802,Kenan Karaman,8541,Hannover 96,Ball Recovery,32.2,73.2,2,77
8736641f-74a1-448f-a89f-f9c756886eff,00:32:41.802,Kenan Karaman,8541,Hannover 96,Carry,32.2,73.2,2,77
3578eadb-8944-4e5e-b5e3-fbb343d6f14f,00:32:43.911,Kenan Karaman,8541,Hannover 96,Pass,33.7,62.2,2,77
e49f9592-a2fe-46ed-bbae-49d2dcb863e7,00:32:44.711,Christian Schulz,400614,Hannover 96,Ball Receipt*,25.6,48.9,2,77
42aad889-a13c-4ea2-8319-3e2b2742ee56,00:32:44.711,Christian Schulz,400614,Hannover 96,Carry,25.6,48.9,2,77
1bd7d1cc-7856-4022-add0-6e61faa79b51,00:32:45.411,Yunus Mallı,8679,FSV Mainz 05,Pressure,88.9,30.2,2,77
319ffd7d-b289-4619-9cf3-d7eee0608224,00:32:45.501,Christian Schulz,400614,Hannover 96,Pass,26.8,47.1,2,77
a946a663-0d12-4a64-bc48-13214b07cc83,00:32:47.055,Oliver Sorg,12316,Hannover 96,Ball Receipt*,29.9,22.3,2,77
44f0c27c-4633-46e6-907b-f5dcbefd0c88,00:32:47.055,Oliver Sorg,12316,Hannover 96,Carry,29.9,22.3,2,77
44ac01ff-2e04-4762-819d-cc6aa9c87ad2,00:32:51.434,Oliver Sorg,12316,Hannover 96,Pass,33.5,24.9,2,77
c40180c5-c357-4699-ad60-515e22c4f3b6,00:32:53.683,Ron-Robert Zieler,8947,Hannover 96,Ball Receipt*,15.1,47.1,2,77
3491c474-afbd-4d64-8f0f-f1b66cb4686a,00:32:53.683,Ron-Robert Zieler,8947,Hannover 96,Carry,15.1,47.1,2,77
7cc3e7d4-babe-451b-802e-51711f0ae705,00:33:00.782,Ron-Robert Zieler,8947,Hannover 96,Pass,22.7,50.5,2,78
3188eba1-4dbb-48e2-8270-c7e87186f1cb,00:33:03.092,Pierre Bengtsson,20871,FSV Mainz 05,Pressure,38.8,20.2,2,78
420987ff-0188-469e-bec1-b4dba8337264,00:33:03.287,Artur Sobiech,11845,Hannover 96,Ball Receipt*,79.5,59.9,2,78
93f45a3a-43e1-4ede-b7cc-f1d45853d766,00:33:03.287,Artur Sobiech,11845,Hannover 96,Carry,79.5,59.9,2,78
b9c130da-0a09-49b5-8f70-c5562e3a2459,00:33:03.367,Artur Sobiech,11845,Hannover 96,Pass,78.7,59.9,2,78
48b1e69a-cb09-464e-a110-af164081b300,00:33:03.769,Manuel Schmiedebach,8543,Hannover 96,Ball Receipt*,73.9,58.9,2,78
d7d69401-799e-4314-95a2-e7af7a56de8b,00:33:03.769,Manuel Schmiedebach,8543,Hannover 96,Carry,73.9,58.9,2,78
045b0be8-df97-4591-8b81-f386e2939fda,00:33:03.916,Manuel Schmiedebach,8543,Hannover 96,Pass,73.9,59.1,2,78
7ab0dae5-bfc5-4068-bf00-703ec28b3f00,00:33:04.560,Artur Sobiech,11845,Hannover 96,Ball Receipt*,76.4,63.0,2,78
4e6c20af-3d32-47e0-970a-d70c569f1918,00:33:04.560,Artur Sobiech,11845,Hannover 96,Carry,76.4,63.0,2,78
4038b847-ac13-4746-a7f1-a869543d7378,00:33:05.136,Danny Latza,8539,FSV Mainz 05,Pressure,45.2,17.6,2,78
606ef3b3-694e-476d-a71f-65c277d2acf8,00:33:05.348,Jairo Samperio Bustara,6925,FSV Mainz 05,Pressure,42.6,14.6,2,78
a9c3fa7e-0737-43a8-950a-f5471b55d177,00:33:06.066,Artur Sobiech,11845,Hannover 96,Pass,78.2,64.0,2,78
f34429cb-e52f-431f-a6ed-d5be9edca81a,00:33:07.333,Hiroki Sakai,3530,Hannover 96,Ball Receipt*,89.0,77.0,2,78
faadf73c-0a11-4e1e-bec3-dd2db9165c1d,00:33:07.333,Hiroki Sakai,3530,Hannover 96,Carry,89.0,77.0,2,78
75c4ede3-506c-4862-bf67-23c795512c73,00:33:08.531,Hiroki Sakai,3530,Hannover 96,Pass,90.0,77.8,2,78
db7cf3ab-3934-4d6d-a904-0474ee155d66,00:33:09.529,Manuel Schmiedebach,8543,Hannover 96,Ball Receipt*,105.3,75.8,2,78
ce14b5d8-2bac-4c9c-8e4f-b48e90d496eb,00:33:41.065,Loris Karius,3630,FSV Mainz 05,Pass,16.3,13.8,2,78
31f91105-6849-489a-8123-7e9321b915e6,00:33:44.303,Yoshinori Muto,6337,FSV Mainz 05,Ball Receipt*,82.3,11.5,2,78
8c71dfbe-e483-4f42-9eae-49533278c18f,00:33:44.303,Salif Sané,5664,Hannover 96,Duel,37.8,68.4,2,78
5007e594-5d05-48e0-b7f8-2b6042a8d131,00:33:44.303,Yoshinori Muto,6337,FSV Mainz 05,Miscontrol,82.3,11.7,2,78
5e9b16e7-43fc-4a26-be0e-30a66c4f4cf1,00:33:46.843,Yoshinori Muto,6337,FSV Mainz 05,Pressure,91.2,21.7,2,78
96c8a6ee-eeb3-4882-9b6e-58d0a8a45d16,00:33:47.310,Marcelo Antônio Guedes Filho,3164,Hannover 96,Pass,23.5,55.3,2,78
220a7813-fbab-4c3b-ae15-a08d63c3901e,00:33:48.732,Yoshinori Muto,6337,FSV Mainz 05,Pressure,103.7,36.8,2,78
92e5b7c1-7cbd-469e-a82a-86a5b74702c9,00:33:48.738,Ron-Robert Zieler,8947,Hannover 96,Ball Receipt*,11.2,40.7,2,78
284f554c-0e42-4f0a-a9d6-849b39948019,00:33:48.738,Ron-Robert Zieler,8947,Hannover 96,Carry,11.2,40.7,2,78
515f4724-3e53-48b5-855d-e9b36c57c992,00:33:50.174,Ron-Robert Zieler,8947,Hannover 96,Pass,12.5,33.6,2,78
01e68c18-af07-4d3f-97d1-42fb23efce0d,00:33:53.118,Artur Sobiech,11845,Hannover 96,Ball Receipt*,48.8,12.1,2,78
75856d54-09b3-4e17-8459-7b2efbc281a4,00:33:53.118,Daniel Brosinski,8548,FSV Mainz 05,Ball Recovery,62.8,67.2,2,78
e6236a12-56f3-42c5-b99a-915f7a739f23,00:33:53.118,Daniel Brosinski,8548,FSV Mainz 05,Carry,62.8,67.2,2,78
2f9eaf85-5500-42fd-85dc-7eea97f5cd83,00:33:54.066,Daniel Brosinski,8548,FSV Mainz 05,Pass,63.4,67.0,2,78
97e9d8e0-a9d1-402c-bceb-b9f1899d4b22,00:33:55.162,Julian Baumgartlinger,20037,FSV Mainz 05,Ball Receipt*,74.9,58.5,2,78
2c666c0d-4c15-4497-8488-91acefd183e1,00:33:55.162,Julian Baumgartlinger,20037,FSV Mainz 05,Carry,74.9,58.5,2,78
ea893b4e-c0c8-43ba-a45f-7199e2c6f0bf,00:33:55.769,Christian Schulz,400614,Hannover 96,Pressure,42.2,23.6,2,78
8c363502-04eb-445f-b482-01eb2265e681,00:33:55.835,Christian Schulz,400614,Hannover 96,Dribbled Past,44.0,23.6,2,78
d183d57c-3539-4f3f-be64-2eab49b2b8eb,00:33:55.835,Julian Baumgartlinger,20037,FSV Mainz 05,Dribble,76.1,56.5,2,78
3210c190-c5e5-42a3-8dbf-e2ddd5190dbd,00:33:55.835,Julian Baumgartlinger,20037,FSV Mainz 05,Carry,76.1,56.5,2,78
d51dda07-28f1-4c45-b6dc-99227ce68d4d,00:33:59.573,Salif Sané,5664,Hannover 96,Pressure,20.2,39.7,2,78
b8f7f7ce-bfad-4e8a-a3da-1f084332a1dc,00:33:59.923,Julian Baumgartlinger,20037,FSV Mainz 05,Pass,98.9,41.1,2,78
293f282f-516c-4437-874a-fad394ff8bfc,00:34:00.213,Christian Clemens,9098,FSV Mainz 05,Ball Receipt*,105.0,52.7,2,79
a8b72ae0-bf89-480f-801b-7bf2f646fd65,00:34:00.213,Oliver Sorg,12316,Hannover 96,Block,19.2,37.4,2,79
e9998874-3796-47ad-b457-55e0faa798ac,00:34:00.936,Salif Sané,5664,Hannover 96,Ball Recovery,19.4,36.1,2,79
d2e019cb-ba44-4825-befe-b06cd3026648,00:34:00.936,Salif Sané,5664,Hannover 96,Carry,19.4,36.1,2,79
90f90189-1d4b-4c00-b481-eeec09f4673d,00:34:10.046,Salif Sané,5664,Hannover 96,Pass,62.4,52.2,2,79
5796b8de-e1f7-46d8-8a9a-32956852b296,00:34:11.474,Edgar Prib,24914,Hannover 96,Ball Receipt*,69.5,28.2,2,79
141dfd65-a635-46c3-b486-e390d8285a0a,00:34:11.474,Edgar Prib,24914,Hannover 96,Carry,69.5,28.2,2,79
a1ca9bbc-d778-4a0c-8052-441fe55a1e08,00:34:13.697,Edgar Prib,24914,Hannover 96,Pass,79.0,20.0,2,79
3642e21f-4449-47a5-9171-f8827b2762b3,00:34:15.844,Allan Saint-Maximin,3016,Hannover 96,Ball Receipt*,90.2,3.9,2,79
307ae691-fc49-499f-b28f-69e868cccf15,00:34:15.844,Allan Saint-Maximin,3016,Hannover 96,Carry,90.2,3.9,2,79
194ebfaa-94c2-4e2d-b60d-d46faaff010c,00:34:18.201,Allan Saint-Maximin,3016,Hannover 96,Shot,98.7,17.4,2,79
f798c600-ff8d-46fc-a6cf-2fc93630e36a,00:34:19.168,Loris Karius,3630,FSV Mainz 05,Goal Keeper,2.4,42.3,2,79
2e8a25a2-03a8-434b-9720-9770b7eb43c9,00:34:42.066,Loris Karius,3630,FSV Mainz 05,Pass,7.0,44.1,2,79
f613e00b-1d49-42d5-9e6b-2f00edcc86a2,00:34:45.674,Daniel Brosinski,8548,FSV Mainz 05,Ball Receipt*,68.5,67.2,2,79
9513a981-31dd-4b70-aba5-6a3b9b67ebff,00:34:45.674,Daniel Brosinski,8548,FSV Mainz 05,Pass,68.5,67.2,2,79
6fb6e46c-3fb8-4008-aac8-f8e72b022727,00:34:46.716,Christian Clemens,9098,FSV Mainz 05,Ball Receipt*,81.8,77.7,2,79
0816b15f-8a95-4b51-ad3b-e85e21c08c71,00:34:46.716,Christian Clemens,9098,FSV Mainz 05,Carry,81.8,77.7,2,79
c2ae0c16-d248-4f37-a0fe-5de7c952b594,00:34:47.083,Christian Clemens,9098,FSV Mainz 05,Miscontrol,84.8,76.7,2,79
1f8728e9-850b-46d9-ad55-57afd828d979,00:34:48.089,Oliver Sorg,12316,Hannover 96,Pass,34.8,6.0,2,79
223c44f0-c2ce-4aea-bbba-51df65df5033,00:34:49.697,Allan Saint-Maximin,3016,Hannover 96,Ball Receipt*,50.1,2.4,2,79
78503deb-a8b2-4863-a7ed-da61ea52432d,00:34:49.697,Allan Saint-Maximin,3016,Hannover 96,Carry,50.1,2.4,2,79
6e9e745c-ca80-4e76-809f-588fdbc25634,00:34:50.333,Christian Clemens,9098,FSV Mainz 05,Pressure,74.9,77.4,2,79
a983d345-9440-42f0-b43b-32b789eba1ef,00:34:53.174,Daniel Brosinski,8548,FSV Mainz 05,Pressure,76.1,75.7,2,79
d1bea3e2-b005-47fb-9c31-440b4f0629a5,00:34:53.553,Allan Saint-Maximin,3016,Hannover 96,Pass,48.1,2.1,2,79
498c78e1-b04a-4520-80ed-8f8681f8e000,00:34:54.206,Edgar Prib,24914,Hannover 96,Ball Receipt*,43.2,13.6,2,79
e01d824f-648c-4b0e-9a70-f10cae99d85c,00:34:54.206,Edgar Prib,24914,Hannover 96,Carry,43.2,13.6,2,79
c7e05d26-823d-4a47-9c71-6bee0fe6c4e8,00:34:54.288,Julian Baumgartlinger,20037,FSV Mainz 05,Pressure,71.3,64.9,2,79
b85ca5d9-7270-470e-80f1-72f9cb12d027,00:34:54.679,Edgar Prib,24914,Hannover 96,Pass,43.7,13.1,2,79
f9c8f619-6aac-4ed8-80a2-00d2df5230ea,00:34:55.987,Oliver Sorg,12316,Hannover 96,Ball Receipt*,35.3,0.9,2,79
42e7de6a-591e-4edb-aae7-547b69bd9546,00:34:55.987,Oliver Sorg,12316,Hannover 96,Carry,35.3,0.9,2,79
d0258201-ea91-41ac-ac4d-78333f82a36c,00:34:58.948,Oliver Sorg,12316,Hannover 96,Pass,37.6,9.0,2,79
4f898990-1828-4f32-8f7e-21cc63e0c715,00:35:01.652,Danny Latza,8539,FSV Mainz 05,Pressure,58.0,46.3,2,80
02f00be6-b3eb-42e0-be42-257b053fa669,00:35:01.713,Salif Sané,5664,Hannover 96,Ball Receipt*,55.7,35.4,2,80
3f2e50c9-10d4-4f25-b788-61ac90e4c3b3,00:35:01.713,Salif Sané,5664,Hannover 96,Carry,55.7,35.4,2,80
ce9065fb-7a33-49e9-baf6-3c354bd56a34,00:35:02.124,Salif Sané,5664,Hannover 96,Pass,57.0,36.9,2,80
4107831f-13c2-401d-820e-a32535730eca,00:35:03.005,Stefan Bell,8559,FSV Mainz 05,Pressure,48.0,41.7,2,80
4238fd5e-63a7-43df-bcf3-29c331921cab,00:35:03.137,Artur Sobiech,11845,Hannover 96,Ball Receipt*,69.5,39.7,2,80
5e8f2e49-6839-4123-bde9-95e6c50abd8e,00:35:03.137,Artur Sobiech,11845,Hannover 96,Carry,69.5,39.7,2,80
f63daeb1-483d-4368-a739-6db4e444b63e,00:35:03.554,Artur Sobiech,11845,Hannover 96,Pass,69.3,39.2,2,80
647a384c-addf-4d38-af68-fb204c0e5019,00:35:03.943,Julian Baumgartlinger,20037,FSV Mainz 05,Pressure,50.8,45.7,2,80
085d4e0a-bfec-4b8e-b47a-4d4ba34d9e82,00:35:04.183,Salif Sané,5664,Hannover 96,Ball Receipt*,69.3,36.4,2,80
35fcf7c1-5181-4efb-a705-e570f5fc75bf,00:35:04.183,Salif Sané,5664,Hannover 96,Carry,69.3,36.4,2,80
f2e05233-1eb9-433b-973a-e0d285601e19,00:35:04.718,Salif Sané,5664,Hannover 96,Miscontrol,72.1,38.2,2,80
732fcf08-a116-4fc0-806f-0c3f559b7384,00:35:05.348,Julian Baumgartlinger,20037,FSV Mainz 05,Pressure,45.2,37.1,2,80
1f129be7-4eb7-4d35-badc-841ffa1e0d9a,00:35:05.704,Kenan Karaman,8541,Hannover 96,Ball Recovery,76.7,44.6,2,80
25407afd-98a8-4632-aae8-70ccdd0961be,00:35:05.704,Kenan Karaman,8541,Hannover 96,Carry,76.7,44.6,2,80
d9a1de4b-5c57-4848-9b40-d37699c13e0e,00:35:05.800,Julian Baumgartlinger,20037,FSV Mainz 05,Dribbled Past,42.1,36.3,2,80
0006586e-ba16-4177-93d9-62828bf8532b,00:35:05.800,Kenan Karaman,8541,Hannover 96,Dribble,78.0,43.8,2,80
42140961-b15d-42f6-9a35-7026fd82995f,00:35:07.275,Salif Sané,5664,Hannover 96,Ball Recovery,85.9,37.9,2,80
7327660a-7b16-4861-9bca-f6848ed66462,00:35:07.275,Salif Sané,5664,Hannover 96,Carry,85.9,37.9,2,80
15fdb0ae-dbc2-467e-9112-89ba0c5348b1,00:35:07.304,Stefan Bell,8559,FSV Mainz 05,Pressure,36.0,41.7,2,80
546bf1e3-8b64-4f4a-a0da-c0df4b2eb530,00:35:09.072,Salif Sané,5664,Hannover 96,Pass,92.8,49.2,2,80
9822ab98-0563-4fa1-b611-904b0812f2b9,00:35:10.272,Manuel Schmiedebach,8543,Hannover 96,Ball Receipt*,105.1,64.8,2,80
7a2be68d-4a09-4e7e-a8a1-0d0500a15e4f,00:35:10.272,Manuel Schmiedebach,8543,Hannover 96,Carry,105.1,64.8,2,80
dad7fdd2-0b26-4ab3-9cd4-e784ad653cc7,00:35:12.388,Manuel Schmiedebach,8543,Hannover 96,Pass,112.7,63.2,2,80
44eb07ce-a009-4a8e-a858-fc26a2b88c2f,00:35:14.395,Artur Sobiech,11845,Hannover 96,Ball Receipt*,106.6,45.1,2,80
796a1b99-3f1c-4e6f-836e-431acacbc026,00:35:14.395,Niko Bungert,13319,FSV Mainz 05,Pass,10.9,31.2,2,80
6c290b10-74bc-422d-8f4b-b6e05753d0bd,00:35:17.709,Marcelo Antônio Guedes Filho,3164,Hannover 96,Pressure,62.9,73.5,2,80
0b4d0100-8706-4522-92d7-72cfeda2729f,00:35:17.869,Yoshinori Muto,6337,FSV Mainz 05,Ball Receipt*,55.7,5.4,2,80
364af962-a1ff-419e-be0c-e009e77de471,00:35:17.869,Yoshinori Muto,6337,FSV Mainz 05,Carry,55.7,5.4,2,80
52694c2e-f0e0-4b66-8c0a-d0d4ef4fe8fd,00:35:21.563,Yoshinori Muto,6337,FSV Mainz 05,Pass,50.3,11.5,2,80
630795f9-c610-4d25-b3c6-c117093ac2b3,00:35:23.228,Yunus Mallı,8679,FSV Mainz 05,Ball Receipt*,58.8,23.5,2,80
f5d00f2c-1e6e-42c4-a460-22ad59063ccf,00:35:23.228,Yunus Mallı,8679,FSV Mainz 05,Carry,58.8,23.5,2,80
6f48fe5d-8efe-4b23-a086-facd2d09abe5,00:35:24.957,Yunus Mallı,8679,FSV Mainz 05,Pass,64.4,29.4,2,80
b9f4ba55-9578-470b-84bb-f0a5a65504cd,00:35:28.869,Jairo Samperio Bustara,6925,FSV Mainz 05,Ball Receipt*,104.5,5.6,2,80
8e5c3111-cc52-4acb-9d5d-ae036822ec65,00:35:28.869,Jairo Samperio Bustara,6925,FSV Mainz 05,Carry,104.5,5.6,2,80
5221206c-3742-4acd-8728-c9778db7ce5c,00:35:34.425,Jairo Samperio Bustara,6925,FSV Mainz 05,Pass,105.8,21.5,2,80
47f11598-888c-47ef-a6db-4a42011a897c,00:35:35.269,Edgar Prib,24914,Hannover 96,Pressure,23.8,45.6,2,80
09cd7d19-8286-444f-8352-1aea7f741a9f,00:35:35.434,Yunus Mallı,8679,FSV Mainz 05,Ball Receipt*,91.5,34.2,2,80
3c6b3c3e-5a96-43ee-8f72-3321bcd04201,00:35:35.434,Yunus Mallı,8679,FSV Mainz 05,Carry,91.5,34.2,2,80
a6fef6bd-546c-4596-9834-e0dc36f78152,00:35:35.725,Edgar Prib,24914,Hannover 96,Dribbled Past,27.6,45.3,2,80
8750e229-a64e-4527-9953-ed1f3cdf227a,00:35:35.725,Yunus Mallı,8679,FSV Mainz 05,Dribble,92.5,34.8,2,80
1bb2a89d-9060-44c1-9cf1-979da281be22,00:35:35.725,Yunus Mallı,8679,FSV Mainz 05,Carry,92.5,34.8,2,80
e4b17663-42ef-486c-af5e-dce080b8c5fe,00:35:37.433,Yunus Mallı,8679,FSV Mainz 05,Shot,95.7,45.8,2,80
46367616-ef91-4c74-ac6f-0008fd3b3af0,00:35:37.615,Christian Schulz,400614,Hannover 96,Block,21.5,34.7,2,80
1d556842-51dc-44d3-8c36-276d93a4328a,00:35:37.635,Ron-Robert Zieler,8947,Hannover 96,Goal Keeper,3.2,38.6,2,80
76287fa3-d809-455c-bd27-41f58dac436e,00:35:39.799,Edgar Prib,24914,Hannover 96,Duel,31.4,39.2,2,80
8d2ee637-3113-41e9-be10-9b009e7bfbb1,00:35:39.799,Danny Latza,8539,FSV Mainz 05,Pass,88.7,40.9,2,80
a8211fda-5365-491a-ab1f-a9d9d62bbbec,00:35:41.477,Yoshinori Muto,6337,FSV Mainz 05,Ball Receipt*,94.0,41.4,2,80
03c4c6c6-c408-432c-9245-8922e71cc414,00:35:41.477,Manuel Schmiedebach,8543,Hannover 96,Ball Recovery,23.0,41.5,2,80
76b70941-df19-44f2-b123-6ce2036d043e,00:35:41.477,Manuel Schmiedebach,8543,Hannover 96,Carry,23.0,41.5,2,80
b12298d3-bc34-4c0d-b5a4-533ea46d42a1,00:35:41.597,Manuel Schmiedebach,8543,Hannover 96,Pass,23.5,42.5,2,80
5d2edddb-5763-4906-bb92-182efcc2d9bc,00:35:41.647,Edgar Prib,24914,Hannover 96,Ball Receipt*,46.8,23.4,2,80
b1f1bf8c-3126-49f7-abd8-8db9d7f2ef40,00:35:41.647,Christian Clemens,9098,FSV Mainz 05,Block,94.0,39.1,2,80
8082d8bc-a8a8-4ba2-b49c-a25bee40bbbf,00:35:44.067,Kenan Karaman,8541,Hannover 96,Ball Recovery,32.7,49.7,2,80
474fba61-740a-4e08-bd69-66eca3ef8087,00:35:44.067,Kenan Karaman,8541,Hannover 96,Carry,32.7,49.7,2,80
d88f0c64-2b11-4acb-8933-e97d95b09d13,00:35:44.951,Kenan Karaman,8541,Hannover 96,Pass,33.0,52.0,2,80
654e1b93-6b2d-4414-a91b-751fd64d01fd,00:35:46.305,Hiroki Sakai,3530,Hannover 96,Ball Receipt*,36.3,68.6,2,80
bface443-9925-46d3-bac2-0b5cf43973a5,00:37:23.747,Marcelo Antônio Guedes Filho,3164,Hannover 96,Ball Recovery,42.4,53.8,2,82
d07dfa47-4166-444a-a681-4d66d54777ea,00:37:25.646,Marcelo Antônio Guedes Filho,3164,Hannover 96,Pass,42.4,53.5,2,82
3ca2f36b-048d-47e9-aaed-8a68d6c02376,00:37:26.604,Christian Schulz,400614,Hannover 96,Ball Receipt*,43.7,42.0,2,82
aa5e13d8-bd9c-414a-bfff-3af94a046540,00:37:26.604,Christian Schulz,400614,Hannover 96,Carry,43.7,42.0,2,82
f6f35e19-a8e5-4ebb-b6cf-17f26e715bab,00:37:28.118,Christian Schulz,400614,Hannover 96,Pass,44.2,42.0,2,82
5b098298-e3f2-4096-a8ed-70286fe9e0fe,00:37:28.928,Marcelo Antônio Guedes Filho,3164,Hannover 96,Ball Receipt*,41.4,52.2,2,82
06ec1735-d7da-47bb-9d97-80f76ef89ed7,00:37:28.928,Marcelo Antônio Guedes Filho,3164,Hannover 96,Carry,41.4,52.2,2,82
e54669cc-21f1-4ad2-aec3-9e74c52b13c7,00:37:30.093,Marcelo Antônio Guedes Filho,3164,Hannover 96,Pass,44.2,55.8,2,82
c55973da-bbfe-4127-a13b-453ec19a5f1b,00:37:31.086,Hiroki Sakai,3530,Hannover 96,Ball Receipt*,55.2,73.7,2,82
15ed5f1e-231f-4a47-82db-9be81cb4819c,00:37:31.086,Hiroki Sakai,3530,Hannover 96,Carry,55.2,73.7,2,82
bac6e9ff-2f4c-4de1-9d99-b1b4d5e4e7f8,00:37:32.722,Hiroki Sakai,3530,Hannover 96,Pass,56.0,72.7,2,82
c635f433-79ef-4315-a4aa-191aa2e2b87d,00:37:33.784,Marcelo Antônio Guedes Filho,3164,Hannover 96,Ball Receipt*,47.5,63.7,2,82
26eeff92-2724-472e-9d30-54b8e0b24496,00:37:33.784,Marcelo Antônio Guedes Filho,3164,Hannover 96,Carry,47.5,63.7,2,82
a2a234e1-b005-44c2-802b-d57c4c2a68d0,00:37:34.836,Marcelo Antônio Guedes Filho,3164,Hannover 96,Pass,48.8,63.2,2,82
a4f471d4-5254-492f-a403-d4131af316db,00:37:36.417,Christian Schulz,400614,Hannover 96,Ball Receipt*,49.1,33.6,2,82
a46d1f88-f228-4993-ac17-3fc9eb38c6d7,00:37:36.417,Christian Schulz,400614,Hannover 96,Carry,49.1,33.6,2,82
6e5b24b7-1f89-48cf-a855-94474291ff75,00:37:38.515,Christian Schulz,400614,Hannover 96,Pass,55.0,33.3,2,82
5b546bbf-261d-4e06-a9b9-a6d699d86edf,00:37:39.186,Allan Saint-Maximin,3016,Hannover 96,Ball Receipt*,68.8,32.1,2,82
67fcff10-4c27-4956-9c51-dc986c8262d1,00:37:39.186,Allan Saint-Maximin,3016,Hannover 96,Carry,68.8,32.1,2,82
9d04c753-b567-4be1-b4ee-69ba1cc60993,00:37:39.224,Julian Baumgartlinger,20037,FSV Mainz 05,Pressure,49.5,48.3,2,82
fd524313-96c5-4e78-8c23-f5eefaa57b05,00:37:43.227,Allan Saint-Maximin,3016,Hannover 96,Pass,84.6,21.8,2,82
5f331b23-14bf-470d-bd4e-2ce12cdf34a3,00:37:44.641,Oliver Sorg,12316,Hannover 96,Ball Receipt*,93.6,1.6,2,82
1908af96-1061-4a19-9622-9be3a1fe1be8,00:37:44.641,Oliver Sorg,12316,Hannover 96,Carry,93.6,1.6,2,82
c9e030ab-34f1-4362-aa1e-7a1e5272e613,00:37:48.868,Oliver Sorg,12316,Hannover 96,Pass,93.6,4.7,2,82
c7fe3fb8-22d3-4fdf-8116-7c527b07b007,00:37:50.358,Allan Saint-Maximin,3016,Hannover 96,Ball Receipt*,91.3,28.0,2,82
61175cea-dd00-4754-87e9-5eeb03529bf9,00:37:50.358,Allan Saint-Maximin,3016,Hannover 96,Carry,91.3,28.0,2,82
432f8547-aad6-496b-83a2-fc28f81191dd,00:37:52.404,Niko Bungert,13319,FSV Mainz 05,Dribbled Past,25.0,40.1,2,82
7cd8f878-e9b0-4bcd-8dd8-e28cf29ad331,00:37:52.404,Allan Saint-Maximin,3016,Hannover 96,Dribble,95.1,40.0,2,82
9f0a2307-2fb4-41fd-8579-788ee4307feb,00:37:52.404,Allan Saint-Maximin,3016,Hannover 96,Carry,95.1,40.0,2,82
0f6c3ceb-4f3f-4bf8-93e7-fe4f24e846ef,00:37:52.427,Stefan Bell,8559,FSV Mainz 05,Pressure,17.9,38.4,2,82
291257ff-2384-4cb3-8a50-f1c8722b0edc,00:37:52.795,Allan Saint-Maximin,3016,Hannover 96,Shot,98.5,40.9,2,82
cf2ee71d-1978-47fd-bc2b-d2f2bf118225,00:37:52.899,Stefan Bell,8559,FSV Mainz 05,Block,20.3,39.2,2,82
1a294d9d-56f5-408d-b3c3-afaf1e779abe,00:37:53.108,Loris Karius,3630,FSV Mainz 05,Goal Keeper,2.9,40.2,2,82
009269a7-0d98-42f8-8193-39a83183e07c,00:37:54.443,Yoshinori Muto,6337,FSV Mainz 05,Ball Recovery,53.1,44.2,2,82
7515ef5c-53e2-4054-854f-7c4182d99c34,00:37:54.443,Yoshinori Muto,6337,FSV Mainz 05,Carry,53.1,44.2,2,82
6419e36e-8fa7-4acc-92d1-ef58d3a06a93,00:37:56.344,Salif Sané,5664,Hannover 96,Pressure,69.3,39.0,2,82
95b07527-8797-4190-8433-8a20624c150a,00:37:59.871,Salif Sané,5664,Hannover 96,Pressure,56.7,53.3,2,82
21d21b05-45a7-403b-b0e5-833a094f7ccd,00:38:03.825,Manuel Schmiedebach,8543,Hannover 96,Pressure,21.7,69.6,2,83
77d25dcc-0815-4693-a084-4aefe260a498,00:38:04.558,Yoshinori Muto,6337,FSV Mainz 05,Dribble,103.2,11.2,2,83
1f99b666-dd2d-4192-9a02-b5892c50e6ed,00:38:04.558,Salif Sané,5664,Hannover 96,Duel,16.9,68.9,2,83
6c5d154f-1269-405a-be67-f71e66ff96d3,00:38:05.263,Salif Sané,5664,Hannover 96,50/50,14.1,63.5,2,83
38b88abb-6775-4140-93b6-50c59cdcc740,00:38:05.263,Yoshinori Muto,6337,FSV Mainz 05,50/50,106.0,16.6,2,83
12e8be04-3fc3-4fae-9953-19df3456739d,00:38:07.804,Yunus Mallı,8679,FSV Mainz 05,Ball Recovery,94.3,26.8,2,83
501ec281-1e13-42d7-830c-20b8e26e4fc5,00:38:07.804,Yunus Mallı,8679,FSV Mainz 05,Carry,94.3,26.8,2,83
933a41eb-9f34-441d-bfaa-c67004732b1b,00:38:10.228,Yunus Mallı,8679,FSV Mainz 05,Pass,92.8,30.7,2,83
af413f6f-0e3c-4d97-8d5e-136fd7834e5b,00:38:11.759,Daniel Brosinski,8548,FSV Mainz 05,Ball Receipt*,105.5,59.3,2,83
a6e5abfc-a7fc-4f12-968b-ae726749d6b6,00:38:11.759,Daniel Brosinski,8548,FSV Mainz 05,Carry,105.5,59.3,2,83
17504dc3-299f-47f4-b07b-2586dd2619a3,00:38:13.005,Daniel Brosinski,8548,FSV Mainz 05,Shot,111.3,53.4,2,83
482101af-5ae0-42c0-bf38-7b0242896301,00:38:13.201,Ron-Robert Zieler,8947,Hannover 96,Goal Keeper,5.4,30.6,2,83
81e3e2dc-0d1e-402f-8f97-54460c25e073,00:38:15.465,Christian Clemens,9098,FSV Mainz 05,Ball Recovery,96.3,59.0,2,83
782c815b-d745-4343-88ce-ade8ac43328f,00:38:15.465,Christian Clemens,9098,FSV Mainz 05,Carry,96.3,59.0,2,83
ca8138d4-c4af-4f24-82ba-c4589c208b6f,00:38:16.612,Christian Clemens,9098,FSV Mainz 05,Shot,100.3,58.8,2,83
a775283f-9554-4199-9332-02505afa18c2,00:38:18.548,Ron-Robert Zieler,8947,Hannover 96,Goal Keeper,5.6,32.5,2,83
06e9fbe4-5c37-49f7-bcb9-8a91e00effb8,00:38:20.102,Manuel Schmiedebach,8543,Hannover 96,Ball Recovery,9.7,51.0,2,83
05cc0c43-4c02-4635-9426-bd18b79f4c1c,00:38:20.102,Manuel Schmiedebach,8543,Hannover 96,Carry,9.7,51.0,2,83
e0bc9648-4bc1-4494-b720-0e4b0839a70e,00:38:23.352,Manuel Schmiedebach,8543,Hannover 96,Pass,10.2,60.2,2,83
af435bd4-769e-454d-a1ae-217b305645bc,00:38:27.149,Artur Sobiech,11845,Hannover 96,Ball Receipt*,71.3,54.8,2,83
7de4dee0-87c2-41ef-93d8-306061e71af9,00:38:27.149,Artur Sobiech,11845,Hannover 96,Duel,72.6,55.3,2,83
ace427fa-0794-4d42-8d90-31f00184115d,00:38:27.149,Stefan Bell,8559,FSV Mainz 05,Pass,47.5,24.8,2,83
91d8d839-3f97-4ab8-b9ea-25cc5eeda2e1,00:38:28.416,Jairo Samperio Bustara,6925,FSV Mainz 05,Ball Receipt*,58.0,23.0,2,83
0c94dc92-7980-4a16-ad63-942227e8fd81,00:38:28.416,Jairo Samperio Bustara,6925,FSV Mainz 05,Carry,58.0,23.0,2,83
1be9f233-c48b-49d2-9ccd-f8b1346ab295,00:38:28.576,Jairo Samperio Bustara,6925,FSV Mainz 05,Pass,57.2,23.3,2,83
16ecb1c9-2222-4a03-8ecb-7ca9026981e4,00:38:29.571,Julian Baumgartlinger,20037,FSV Mainz 05,Ball Receipt*,64.4,35.5,2,83
57dd1307-bce9-4a39-89a0-53f7a7d8ba5c,00:38:29.571,Julian Baumgartlinger,20037,FSV Mainz 05,Carry,64.4,35.5,2,83
43bafee3-46c1-4c24-868b-34969438fd01,00:38:30.889,Allan Saint-Maximin,3016,Hannover 96,Pressure,56.2,43.8,2,83
94b25649-8616-4cb6-953f-fd9a0d73e385,00:38:32.183,Julian Baumgartlinger,20037,FSV Mainz 05,Pass,69.7,30.4,2,83
81135029-0990-45e6-aa79-395d3dd20c70,00:38:33.746,Pierre Bengtsson,20871,FSV Mainz 05,Ball Receipt*,76.6,10.7,2,83
8d8d1ae9-7905-4c4e-9120-1b85dba7aeaa,00:38:33.746,Pierre Bengtsson,20871,FSV Mainz 05,Pass,77.9,9.7,2,83
f4f50986-3a84-45bf-bba6-c2db2c01df9e,00:38:35.704,Danny Latza,8539,FSV Mainz 05,Ball Receipt*,59.3,6.9,2,83
5ec83a65-57f7-4fea-b536-d04e6f9bded0,00:38:35.704,Danny Latza,8539,FSV Mainz 05,Carry,59.3,6.9,2,83
a0b940de-47ca-4d9f-81a4-ea6a92e3e8b6,00:38:38.011,Danny Latza,8539,FSV Mainz 05,Pass,55.4,7.9,2,83
f2f14c1e-cb5b-423a-bdcd-68d0125af1e0,00:38:39.718,Stefan Bell,8559,FSV Mainz 05,Ball Receipt*,32.4,28.4,2,83
393dad69-c502-4b1e-919c-b37ffd6cd882,00:38:39.718,Stefan Bell,8559,FSV Mainz 05,Carry,32.4,28.4,2,83
61b24248-b833-4c31-b6a2-e0ad7559c0db,00:38:40.617,Stefan Bell,8559,FSV Mainz 05,Pass,34.0,27.6,2,83
64427903-37cf-4799-8be0-9fd086919e65,00:38:41.997,Julian Baumgartlinger,20037,FSV Mainz 05,Ball Receipt*,46.7,28.4,2,83
b097b20d-b144-4275-892d-998e115ff5c3,00:38:41.997,Julian Baumgartlinger,20037,FSV Mainz 05,Carry,46.7,28.4,2,83
29c1a34c-4301-4fd8-8592-6585b6af6922,00:38:43.202,Julian Baumgartlinger,20037,FSV Mainz 05,Pass,46.2,28.9,2,83
6b1b4f0e-8d01-4851-a2b1-e924c0ee1899,00:38:44.736,Jairo Samperio Bustara,6925,FSV Mainz 05,Ball Receipt*,63.6,22.5,2,83
cd8b2ad2-e522-4e83-a8b5-d116465b3430,00:38:44.736,Jairo Samperio Bustara,6925,FSV Mainz 05,Carry,63.6,22.5,2,83
50af811f-284d-4737-9616-7d9fbaa6704a,00:38:47.010,Jairo Samperio Bustara,6925,FSV Mainz 05,Pass,62.8,37.3,2,83
49deb1b8-6b4a-431a-a270-4fb0b0088aef,00:38:48.948,Niko Bungert,13319,FSV Mainz 05,Ball Receipt*,49.3,62.9,2,83
3a79a0a9-7bdd-4064-8ef0-788c021d69dc,00:38:48.948,Niko Bungert,13319,FSV Mainz 05,Carry,49.3,62.9,2,83
0646f319-b614-439f-81bb-add292e11366,00:38:49.847,Niko Bungert,13319,FSV Mainz 05,Pass,52.4,66.5,2,83
9a604691-50d8-4566-8764-f113847adca6,00:38:51.239,Daniel Brosinski,8548,FSV Mainz 05,Ball Receipt*,71.3,78.5,2,83
d7d7c7bf-b8f2-464d-b893-16ec42a05e89,00:38:51.239,Daniel Brosinski,8548,FSV Mainz 05,Carry,71.3,78.5,2,83
744d9c11-7675-4bee-aa70-132cac9d3da1,00:38:53.616,Edgar Prib,24914,Hannover 96,Pressure,36.6,3.9,2,83
12d50341-b00c-4f42-9b68-e337549faac6,00:38:55.746,Daniel Brosinski,8548,FSV Mainz 05,Dispossessed,93.0,78.5,2,83
158c2e47-45b5-4326-ac29-5b0eb5f92afc,00:38:55.746,Edgar Prib,24914,Hannover 96,Duel,27.1,1.6,2,83
1b2f2958-bfba-4de5-90a1-5367dcb626b2,00:38:55.746,Edgar Prib,24914,Hannover 96,Carry,27.1,1.6,2,83
a5b02c1b-d7a9-4184-90f5-3c90e78648a2,00:39:02.728,Edgar Prib,24914,Hannover 96,Pass,61.1,9.6,2,84
f5c46b86-ce02-4ec2-825d-6fd5fb7472a4,00:39:03.682,Kenan Karaman,8541,Hannover 96,Pressure,73.4,23.9,2,84
241ac310-19ca-4fca-8c4e-847945c790db,00:39:03.754,Kenan Karaman,8541,Hannover 96,Ball Receipt*,72.3,24.9,2,84
aa050595-7307-4ff0-af8b-400293fa2882,00:39:03.754,Stefan Bell,8559,FSV Mainz 05,Ball Recovery,45.5,57.0,2,84
b7fd3e81-b9df-4ea9-8852-d2d826e09a84,00:39:03.754,Stefan Bell,8559,FSV Mainz 05,Carry,45.5,57.0,2,84
f07ef457-f8e2-4751-81c9-0955b6bf77d7,00:39:08.468,Stefan Bell,8559,FSV Mainz 05,Pass,40.6,78.2,2,84
78f303ab-0705-4eaa-9c52-b1b9f1a025bb,00:39:09.479,Daniel Brosinski,8548,FSV Mainz 05,Ball Receipt*,55.4,79.2,2,84
8d6561bc-2a9b-4a43-9f20-c47a2a268bb9,00:39:09.479,Daniel Brosinski,8548,FSV Mainz 05,Carry,55.4,79.2,2,84
22806ad5-398e-4c33-b342-31c713b48c80,00:39:11.180,Daniel Brosinski,8548,FSV Mainz 05,Pass,56.2,78.5,2,84
44e7f08a-ef75-482d-90c5-e6b1e2be5148,00:39:12.142,Jairo Samperio Bustara,6925,FSV Mainz 05,Ball Receipt*,62.1,70.3,2,84
c6ccf957-f4fc-4570-9c09-d3c1b2fe6f5f,00:39:12.142,Jairo Samperio Bustara,6925,FSV Mainz 05,Carry,62.1,70.3,2,84
f3eb0ff1-bcdb-4342-ab6f-730484e84b69,00:39:13.095,Jairo Samperio Bustara,6925,FSV Mainz 05,Pass,60.8,71.3,2,84
1b13dc26-58c8-41b9-b040-73587df85811,00:39:13.666,Christian Clemens,9098,FSV Mainz 05,Ball Receipt*,56.5,69.0,2,84
9ef88d42-927f-454e-b13e-27a428ba9e48,00:39:13.666,Christian Clemens,9098,FSV Mainz 05,Carry,56.5,69.0,2,84
2aba187d-39ea-4642-b1bd-6eb90bcce4df,00:39:14.424,Christian Clemens,9098,FSV Mainz 05,Pass,59.3,66.7,2,84
af7753d9-b176-40c0-92e6-8091583986b5,00:39:15.346,Julian Baumgartlinger,20037,FSV Mainz 05,Ball Receipt*,57.5,58.0,2,84
97df0343-8c84-464c-b6db-2fb9c58b5853,00:39:15.346,Julian Baumgartlinger,20037,FSV Mainz 05,Carry,57.5,58.0,2,84
442d6d8b-dfcf-46be-8ac0-d88097af63ce,00:39:18.158,Julian Baumgartlinger,20037,FSV Mainz 05,Pass,62.3,62.1,2,84
3b374c5a-52a6-4de9-aeec-1369c877e9cc,00:39:19.840,Daniel Brosinski,8548,FSV Mainz 05,Ball Receipt*,73.1,79.0,2,84
ae05940b-18ea-4329-8693-5d70a51a50bc,00:39:19.840,Daniel Brosinski,8548,FSV Mainz 05,Carry,73.1,79.0,2,84
f1ce76db-e8b1-4bb7-9fd2-fc3799235f15,00:39:20.701,Edgar Prib,24914,Hannover 96,Pressure,37.6,5.2,2,84
9b53f2d3-e5b8-449d-98fa-3f35197cdc58,00:39:22.560,Daniel Brosinski,8548,FSV Mainz 05,Pass,90.2,77.7,2,84
b910fbd7-eda8-46cf-ad2f-068db596c82e,00:39:23.400,Christian Clemens,9098,FSV Mainz 05,Ball Receipt*,91.7,66.2,2,84
9c6f25d1-b816-427e-b204-35bc00894567,00:39:23.400,Christian Clemens,9098,FSV Mainz 05,Carry,91.7,66.2,2,84
f8d2f456-1b46-4b57-8ba3-09d8c4a9ef68,00:39:23.640,Christian Clemens,9098,FSV Mainz 05,Pass,93.0,67.0,2,84
354b63e5-a133-472c-a2c7-674235006e08,00:39:24.597,Oliver Sorg,12316,Hannover 96,Pressure,10.5,10.8,2,84
e0d8ed98-b9e9-4a2f-b043-b4caa923d14f,00:39:25.704,Daniel Brosinski,8548,FSV Mainz 05,Ball Receipt*,111.9,71.8,2,84
b4bfba9a-1c68-44c8-89e7-5c6c187fbe18,00:39:25.704,Daniel Brosinski,8548,FSV Mainz 05,Carry,111.9,71.8,2,84
a2a9b5f5-dc2f-4d06-9082-76ad0112ff4d,00:39:25.795,Daniel Brosinski,8548,FSV Mainz 05,Dribble,112.4,68.2,2,84
23c684f9-9c24-45f6-a528-7d3700b954e2,00:39:25.795,Oliver Sorg,12316,Hannover 96,Duel,7.7,11.9,2,84
e3c46dc7-5fed-46f4-a431-9aaacebe6695,00:39:26.188,Oliver Sorg,12316,Hannover 96,Foul Committed,7.2,12.1,2,84
f39e665d-5881-4cd5-995a-afcc070ba153,00:40:26.149,Christian Clemens,9098,FSV Mainz 05,Pass,112.9,66.7,2,85
1931ceae-36f7-4726-88e4-bb2f28b5aaba,00:40:28.589,Danny Latza,8539,FSV Mainz 05,Ball Receipt*,96.6,25.6,2,85
78181337-fbb0-4110-93c7-3ebd483099be,00:40:28.589,Danny Latza,8539,FSV Mainz 05,Carry,96.6,25.6,2,85
c1fc96b5-adb4-40dc-a41d-b80ac50a6b14,00:40:28.669,Danny Latza,8539,FSV Mainz 05,Pass,95.8,25.6,2,85
4a423ab1-86a5-4fc4-a67c-6c0d17c05069,00:40:29.768,Yunus Mallı,8679,FSV Mainz 05,Ball Receipt*,108.1,21.0,2,85
0ba2c380-e00b-42c9-a701-420218f0b321,00:40:29.768,Yunus Mallı,8679,FSV Mainz 05,Carry,108.1,21.0,2,85
9603dd80-d1a7-4386-9d23-b00548b82653,00:40:32.167,Hiroki Sakai,3530,Hannover 96,Pressure,10.0,54.3,2,85
e74b2853-24a1-4d08-8125-7caf08d06f07,00:40:33.075,Yunus Mallı,8679,FSV Mainz 05,Shot,107.0,25.6,2,85
816de6a1-a519-40f8-8bc1-31b796ecd1e0,00:40:33.144,Hiroki Sakai,3530,Hannover 96,Block,12.3,53.8,2,85
505fc777-0540-43f5-a781-960bac6550df,00:40:33.155,Hiroki Sakai,3530,Hannover 96,Block,10.7,50.2,2,85
5f1d5846-2afd-42d5-96eb-6ba762b9b15f,00:40:33.484,Ron-Robert Zieler,8947,Hannover 96,Goal Keeper,2.1,43.1,2,85
8387c060-325d-40a8-90b8-0208083d2f56,00:40:34.004,Yunus Mallı,8679,FSV Mainz 05,Ball Recovery,106.6,26.1,2,85
ac4875fe-3707-4b2d-9c3f-c30b009aa8d5,00:40:34.004,Yunus Mallı,8679,FSV Mainz 05,Carry,106.6,26.1,2,85
89506bb0-d8b6-469c-8f0d-f89ea03d6885,00:40:34.187,Yunus Mallı,8679,FSV Mainz 05,Dribble,106.6,27.9,2,85
2b5e8fd9-d612-411a-8b39-8067ffafe48e,00:40:34.187,Kenan Karaman,8541,Hannover 96,Duel,13.5,52.2,2,85
c1cc3407-4ad2-42b1-a3cf-b94a3000425b,00:40:34.649,Yunus Mallı,8679,FSV Mainz 05,Ball Recovery,107.6,29.1,2,85
1ecb418a-6d5c-42b2-afa7-805a3b9c742d,00:40:34.649,Yunus Mallı,8679,FSV Mainz 05,Carry,107.6,29.1,2,85
7d6c746b-ec93-42a2-9022-bd836fc62c2e,00:40:34.880,Yunus Mallı,8679,FSV Mainz 05,Dribble,109.1,29.6,2,85
96bf92cc-08a6-4abf-97bc-ce5b86c82742,00:40:34.880,Hiroki Sakai,3530,Hannover 96,Duel,11.0,50.5,2,85
3410034e-067b-49ed-8139-f4d9e17a4e81,00:40:35.698,Kenan Karaman,8541,Hannover 96,Pressure,14.3,48.7,2,85
df1109b0-061d-4253-80ed-b5efa0656323,00:40:36.125,Jairo Samperio Bustara,6925,FSV Mainz 05,Ball Recovery,103.0,33.7,2,85
32987d8f-969a-480d-bd91-e724b6c8ab76,00:40:36.245,Jairo Samperio Bustara,6925,FSV Mainz 05,Shot,102.7,33.8,2,85
3e02e0a6-4d61-494c-8013-bafe2cba593c,00:40:37.196,Ron-Robert Zieler,8947,Hannover 96,Goal Keeper,2.1,42.0,2,85
dfea8281-327c-4ea1-a034-d3a3a510cbc5,00:41:18.456,Ron-Robert Zieler,8947,Hannover 96,Pass,6.0,44.0,2,86
c5ea37a8-0665-4cca-b5eb-12ac86cf9f25,00:41:19.714,Marcelo Antônio Guedes Filho,3164,Hannover 96,Ball Receipt*,33.2,60.4,2,86
0699fd99-83ba-477a-8188-1aff66626a4a,00:41:21.509,Marcelo Antônio Guedes Filho,3164,Hannover 96,Pass,38.1,56.1,2,86
b43d8866-5c0b-45d9-b7f5-fafdf2a55bc1,00:41:23.836,Christian Schulz,400614,Hannover 96,Ball Receipt*,43.2,24.4,2,86
b1836d22-b80f-417d-b828-aecb1258214e,00:41:26.752,Christian Schulz,400614,Hannover 96,Pass,45.8,12.9,2,86
38145057-cfa4-4fae-9d2f-3a7fa4bd6f2b,00:41:28.075,Oliver Sorg,12316,Hannover 96,Ball Receipt*,53.9,1.6,2,86
da6cc631-6d85-4038-9a5a-35d05539e5f4,00:41:28.075,Oliver Sorg,12316,Hannover 96,Carry,53.9,1.6,2,86
0c94da60-5601-41a5-bc6b-6cbdf0df42e9,00:41:28.831,Oliver Sorg,12316,Hannover 96,Pass,51.6,2.7,2,86
52cc12b6-7c44-49f9-b914-093b624f4cb3,00:41:29.832,Christian Schulz,400614,Hannover 96,Ball Receipt*,40.9,9.6,2,86
24d87875-1cc7-4c28-b41b-f86e50e45bc8,00:41:29.832,Christian Schulz,400614,Hannover 96,Carry,40.9,9.6,2,86
ea4d94ac-8dbc-468f-aae0-3cbaeb91048f,00:41:31.111,Christian Schulz,400614,Hannover 96,Pass,37.6,15.4,2,86
3235a3d9-23b6-4634-bc5e-bba258b3db0b,00:41:32.988,Ron-Robert Zieler,8947,Hannover 96,Ball Receipt*,24.8,34.6,2,86
b7403c5b-f1a1-4538-8ced-2e5d33c8a193,00:41:32.988,Ron-Robert Zieler,8947,Hannover 96,Carry,24.8,34.6,2,86
eb8fc0b7-f746-4663-b693-d6ca825441fc,00:41:36.436,Ron-Robert Zieler,8947,Hannover 96,Pass,25.0,43.8,2,86
4a2b76ed-57ff-4cf7-b31b-075bf20999e4,00:41:38.288,Christian Schulz,400614,Hannover 96,Ball Receipt*,35.5,19.3,2,86
5812b86f-56f7-450c-b6dd-030e3858718b,00:41:38.288,Christian Schulz,400614,Hannover 96,Carry,35.5,19.3,2,86
0da92425-1a21-43a4-8323-ad9f0f00f0e0,00:41:41.242,Christian Schulz,400614,Hannover 96,Pass,39.9,16.7,2,86
80c8ac97-2f19-4181-a2db-3e55fc24ddd9,00:41:42.053,Manuel Schmiedebach,8543,Hannover 96,Ball Receipt*,48.6,30.0,2,86
b35b744c-de2d-4754-9a36-b3d95c89a173,00:41:42.053,Manuel Schmiedebach,8543,Hannover 96,Carry,48.6,30.0,2,86
97ad0f76-5d69-460f-b08d-37ccf40d5f25,00:41:42.293,Manuel Schmiedebach,8543,Hannover 96,Pass,48.3,30.3,2,86
9b3d5b45-e7fd-40bc-8b40-89493814af04,00:41:43.507,Ron-Robert Zieler,8947,Hannover 96,Ball Receipt*,27.1,36.4,2,86
62746ca3-a718-4fb6-9b15-bed60709842a,00:41:43.507,Ron-Robert Zieler,8947,Hannover 96,Carry,27.1,36.4,2,86
cf22e88a-776a-4424-9b0c-e835935f5fe5,00:41:44.816,Ron-Robert Zieler,8947,Hannover 96,Pass,29.1,39.2,2,86
ed7732d4-2b6e-48b0-a20e-ddba8e556443,00:41:47.203,Marcelo Antônio Guedes Filho,3164,Hannover 96,Ball Receipt*,46.0,65.3,2,86
eee26c58-edaa-47c9-97b1-5838a001f2e3,00:41:47.203,Marcelo Antônio Guedes Filho,3164,Hannover 96,Pass,47.3,65.0,2,86
21520a9f-f0dd-41cc-ac44-0117112642c4,00:41:49.290,Ron-Robert Zieler,8947,Hannover 96,Ball Receipt*,26.3,42.0,2,86
da540ef5-b6af-4731-804f-bf9f4da0b329,00:41:49.290,Ron-Robert Zieler,8947,Hannover 96,Carry,26.3,42.0,2,86
b69f6ff6-17fd-470f-ba4d-1c581e4801a2,00:41:52.105,Ron-Robert Zieler,8947,Hannover 96,Pass,28.4,43.6,2,86
f013d44f-4007-4ee1-8677-e6efdcd4bdca,00:41:53.311,Manuel Schmiedebach,8543,Hannover 96,Ball Receipt*,38.1,49.9,2,86
d929aa5d-98eb-41dd-8d8e-59020badae1c,00:41:53.311,Manuel Schmiedebach,8543,Hannover 96,Carry,38.1,49.9,2,86
04b4ef82-de9b-4c08-afad-6d56902660b3,00:41:55.124,Manuel Schmiedebach,8543,Hannover 96,Pass,38.9,50.5,2,86
c8ce0e81-159e-4682-aa5e-b907a26fb2d4,00:41:56.900,Marcelo Antônio Guedes Filho,3164,Hannover 96,Ball Receipt*,51.1,66.6,2,86
1dac7a01-cdc8-43aa-b711-5c4a74d44c7b,00:41:56.900,Marcelo Antônio Guedes Filho,3164,Hannover 96,Carry,51.1,66.6,2,86
53d69cb9-38c9-4606-b324-856d3a3afd5a,00:41:58.633,Florian Niederlechner,8943,FSV Mainz 05,Pressure,58.8,8.9,2,86
99a012ef-1cc4-41ff-90f6-e72cfeb7f4d8,00:42:00.975,Marcelo Antônio Guedes Filho,3164,Hannover 96,Pass,70.0,73.5,2,87
a510f5f6-89bc-4520-8f8a-a23130ba4043,00:42:02.373,Manuel Schmiedebach,8543,Hannover 96,Ball Receipt*,58.8,65.5,2,87
d1e3ac8a-38fe-4efc-a805-42643f8ffc16,00:42:02.373,Manuel Schmiedebach,8543,Hannover 96,Carry,58.8,65.5,2,87
0b431493-2b72-4764-8881-5f2461bc2bad,00:42:02.831,Manuel Schmiedebach,8543,Hannover 96,Pass,62.1,67.6,2,87
952ab484-4b98-4caa-8fc6-c452360de53b,00:42:04.137,Salif Sané,5664,Hannover 96,Ball Receipt*,87.7,58.4,2,87
3fd108b9-f886-447a-8b26-c012b5f07260,00:42:04.137,Salif Sané,5664,Hannover 96,Carry,87.7,58.4,2,87
814e854d-5a6f-4967-a00b-2c8de28be053,00:42:04.254,Salif Sané,5664,Hannover 96,Miscontrol,87.7,57.9,2,87
245e008b-8cee-46c2-ae79-8a9afb96d0ec,00:42:04.559,Salif Sané,5664,Hannover 96,Pressure,86.1,55.3,2,87
95f5e5fe-4896-4b8c-abe0-26912fca022b,00:42:05.049,Danny Latza,8539,FSV Mainz 05,Pass,35.0,26.8,2,87
d100b70d-b85b-47a3-b2df-92202ddb8d84,00:42:05.968,Salif Sané,5664,Hannover 96,Pressure,82.6,58.9,2,87
321f9d04-182b-4045-8e9b-4abe59945bd1,00:42:06.273,Jairo Samperio Bustara,6925,FSV Mainz 05,Ball Receipt*,39.3,17.4,2,87
a6fc09b4-d7e4-4272-8112-7d10e2fe3fff,00:42:06.273,Jairo Samperio Bustara,6925,FSV Mainz 05,Carry,39.3,17.4,2,87
08c53d1f-a119-40ea-af0d-b3f20ca4194d,00:42:06.409,Jairo Samperio Bustara,6925,FSV Mainz 05,Miscontrol,39.1,17.6,2,87
6ce9eb21-1cc7-489b-b551-904f73a07265,00:42:07.265,Jairo Samperio Bustara,6925,FSV Mainz 05,Pressure,36.0,18.1,2,87
f8317c1a-164c-42b3-89d1-e8b03e1c53a3,00:42:07.582,Jairo Samperio Bustara,6925,FSV Mainz 05,Foul Committed,34.0,19.2,2,87
70091d84-9bae-47da-8052-ccb32f7e3946,00:42:07.582,Hiroki Sakai,3530,Hannover 96,Foul Won,86.1,60.9,2,87
876bb316-1459-4636-b06f-e120a2c273e2,00:42:07.582,Hiroki Sakai,3530,Hannover 96,Carry,86.1,60.9,2,87
4dfbcf07-010b-4e7a-bd05-c57f06df0959,00:42:07.702,Hiroki Sakai,3530,Hannover 96,Pass,87.2,60.2,2,87
fe555838-e4ce-4d30-8fde-244d10bd0f7c,00:42:08.726,Kenan Karaman,8541,Hannover 96,Ball Receipt*,92.0,47.4,2,87
1f829bb0-3673-4016-be78-a7e36edcf8ab,00:42:08.726,Kenan Karaman,8541,Hannover 96,Carry,92.0,47.4,2,87
59e1f301-1daf-4e6f-a775-18059ad80049,00:42:11.648,Kenan Karaman,8541,Hannover 96,Shot,101.3,39.6,2,87
dfd40682-27a2-4b7d-9fa7-12bdbba35a28,00:42:12.335,Loris Karius,3630,FSV Mainz 05,Goal Keeper,5.1,40.5,2,87
1d8f6173-1495-47ec-a58f-dd71ccdbc442,00:42:18.311,Loris Karius,3630,FSV Mainz 05,Pass,9.2,45.5,2,87
9261fd9d-9eb8-4ebe-983a-3e17b0722753,00:42:20.497,Daniel Brosinski,8548,FSV Mainz 05,Ball Receipt*,16.1,71.6,2,87
1f8e7de8-316d-4002-a8a6-2f030d076f2a,00:42:22.290,Daniel Brosinski,8548,FSV Mainz 05,Pass,27.8,75.1,2,87
32de26a2-6d2c-43b5-8eea-2ea701d1dd61,00:42:23.479,Julian Baumgartlinger,20037,FSV Mainz 05,Ball Receipt*,37.8,62.6,2,87
3fdd15b0-fb45-4933-b44a-2bcb6f9818c6,00:42:23.479,Julian Baumgartlinger,20037,FSV Mainz 05,Carry,37.8,62.6,2,87
510ec6ef-7ca3-4604-a6a4-a741c6f30b70,00:42:24.574,Kenan Karaman,8541,Hannover 96,Pressure,85.1,14.4,2,87
1a5595c9-c4e6-4d1a-8a06-30434a245304,00:42:25.977,Julian Baumgartlinger,20037,FSV Mainz 05,Pass,32.2,60.8,2,87
406091b1-ee86-4b96-8017-6e52de563d0f,00:42:28.159,Stefan Bell,8559,FSV Mainz 05,Ball Receipt*,23.7,35.5,2,87
9c7e312a-5e46-4558-bbc2-c5d854ec5693,00:42:28.159,Stefan Bell,8559,FSV Mainz 05,Carry,23.7,35.5,2,87
b65ee065-1a0b-4350-ba80-53ac0b4f241a,00:42:28.389,Stefan Bell,8559,FSV Mainz 05,Pass,23.7,35.5,2,87
92ec1bc3-c825-41b3-a699-b29d398a9d03,00:42:29.518,Danny Latza,8539,FSV Mainz 05,Ball Receipt*,40.3,31.7,2,87
5307fb55-431c-49d6-9083-1608a1526325,00:42:29.518,Danny Latza,8539,FSV Mainz 05,Carry,40.3,31.7,2,87
bd300735-a7ef-4f40-85c8-6d35d10e4760,00:42:30.432,Artur Sobiech,11845,Hannover 96,Pressure,78.0,48.4,2,87
f2c76daa-c8d9-4648-ac59-be445c552056,00:42:30.983,Danny Latza,8539,FSV Mainz 05,Pass,46.2,28.9,2,87
0ee7a070-7d4a-4f93-96a2-fccb3e2201bb,00:42:33.108,Pierre Bengtsson,20871,FSV Mainz 05,Ball Receipt*,69.0,4.1,2,87
7b365eca-7511-405c-8342-05a93b8ad023,00:42:33.108,Pierre Bengtsson,20871,FSV Mainz 05,Carry,69.0,4.1,2,87
93f58f71-3055-4423-84dd-076c66d1f94d,00:42:34.924,Pierre Bengtsson,20871,FSV Mainz 05,Pass,85.1,3.6,2,87
13d3ea08-1640-4ff7-a294-5a346c26fc87,00:42:36.129,Salif Sané,5664,Hannover 96,Pressure,32.7,48.7,2,87
72dc0fce-ee7b-4e5a-87f7-ff667a106f7f,00:42:36.596,Jairo Samperio Bustara,6925,FSV Mainz 05,Ball Receipt*,90.5,30.2,2,87
ce202ed9-4de7-4816-9a0f-636df72e3e58,00:42:36.596,Jairo Samperio Bustara,6925,FSV Mainz 05,Carry,90.5,30.2,2,87
bd4bc4f9-7bc1-4aa9-b177-729a5ecff6bd,00:42:38.043,Jairo Samperio Bustara,6925,FSV Mainz 05,Shot,94.8,32.5,2,87
862c8705-c637-46c8-af9e-11c2b28ba466,00:42:38.254,Salif Sané,5664,Hannover 96,Block,23.9,47.2,2,87
edb66807-3dc1-4a79-8e20-85bf6eccaa43,00:42:39.394,Ron-Robert Zieler,8947,Hannover 96,Goal Keeper,3.7,41.1,2,87
7dfc76e8-5feb-4d1d-b092-b7c170253f58,00:43:07.548,Christian Clemens,9098,FSV Mainz 05,Pass,120.0,80.0,2,88
1fcd9997-dc12-434f-a01a-d58fb60f1607,00:43:09.327,Julian Baumgartlinger,20037,FSV Mainz 05,Ball Receipt*,108.8,40.6,2,88
e5534ada-fe5e-4ede-8a56-a17b3cf3d324,00:43:09.363,Salif Sané,5664,Hannover 96,Duel,11.3,39.5,2,88
4359cb5c-be7d-4f09-9555-f4c476d461d3,00:43:09.363,Julian Baumgartlinger,20037,FSV Mainz 05,Shot,108.8,40.6,2,88
0bac434d-49e6-4b1e-81d2-c666a9681d75,00:43:10.915,Ron-Robert Zieler,8947,Hannover 96,Goal Keeper,0.9,39.7,2,88
69944387-4066-44f7-b832-73aedfa0ba52,00:43:13.169,Danny Latza,8539,FSV Mainz 05,Ball Recovery,109.1,10.2,2,88
531645a3-a283-492a-bcad-a8e6bb0dcabd,00:43:13.169,Danny Latza,8539,FSV Mainz 05,Carry,109.1,10.2,2,88
6eb22e01-d79a-487d-abe1-3e170a820414,00:43:16.270,Kenan Karaman,8541,Hannover 96,Pressure,3.6,71.7,2,88
547adbd8-4eff-4b6a-a865-bc06dcf0a218,00:43:23.684,Danny Latza,8539,FSV Mainz 05,Miscontrol,117.3,3.1,2,88
41b9816a-a424-4c65-abb8-3375303095ba,00:43:37.398,Hiroki Sakai,3530,Hannover 96,Pass,9.2,80.0,2,88
858e9416-b86b-441c-afd8-a055fac541ff,00:43:39.393,Artur Sobiech,11845,Hannover 96,Ball Receipt*,38.3,70.9,2,88
ff05f385-77cf-4e48-ae3b-0a5ac992436c,00:43:39.393,Artur Sobiech,11845,Hannover 96,Duel,37.3,71.4,2,88
c531dc20-597e-458c-9037-dd98b45bef07,00:43:39.393,Danny Latza,8539,FSV Mainz 05,Pass,82.8,8.7,2,88
bf99072e-5ce0-4b16-8ff2-2afad877d680,00:43:40.624,Florian Niederlechner,8943,FSV Mainz 05,Ball Receipt*,92.0,4.8,2,88
74e17932-a229-4b31-9cff-2c0e1f30f074,00:43:40.624,Salif Sané,5664,Hannover 96,Pass,27.9,71.4,2,88
b0dc135e-3667-4f2a-aafc-a8450b2b39ba,00:43:45.920,Edgar Prib,24914,Hannover 96,Ball Receipt*,76.4,34.9,2,88
6366f45b-1e2a-4188-b75f-361c15d585ee,00:43:45.920,Daniel Brosinski,8548,FSV Mainz 05,Ball Recovery,40.6,49.8,2,88
f11b8141-4334-4913-a372-7cf6b054832c,00:43:45.920,Daniel Brosinski,8548,FSV Mainz 05,Carry,40.6,49.8,2,88
4f9654a7-b524-432c-9eaa-63a376f76f46,00:43:53.451,Edgar Prib,24914,Hannover 96,Pressure,34.5,22.1,2,88
a3320d1b-51dd-41b5-99b5-ed34f4f8c53d,00:43:53.984,Manuel Schmiedebach,8543,Hannover 96,Pressure,32.0,19.0,2,88
268ede27-2040-4369-bee0-7db6906d665d,00:43:54.729,Daniel Brosinski,8548,FSV Mainz 05,Pass,90.7,58.8,2,88
8f0be94a-a879-4cf7-973c-ca8124409b1c,00:43:55.220,Florian Niederlechner,8943,FSV Mainz 05,Ball Receipt*,102.7,55.7,2,88
5e068cf0-cb23-4377-b933-2d7c3010e125,00:43:55.220,Oliver Sorg,12316,Hannover 96,Block,22.5,22.1,2,88
b7c5bb5e-15f9-45b2-a721-899f667c262a,00:43:56.494,Marcelo Antônio Guedes Filho,3164,Hannover 96,Clearance,14.8,27.2,2,88
897ff214-a69b-4dab-bb4f-2a64785485a1,00:43:59.223,Artur Sobiech,11845,Hannover 96,Duel,57.8,15.9,2,88
9703357c-aaab-4713-8030-6e3366af3b5e,00:43:59.223,Niko Bungert,13319,FSV Mainz 05,Pass,62.3,64.2,2,88
0a5bbab7-48d0-40f8-9350-028944fb387a,00:44:00.206,Danny Latza,8539,FSV Mainz 05,Ball Receipt*,63.4,54.2,2,89
00fef3d2-c0a2-4c85-8c72-9791db507ee8,00:44:00.206,Danny Latza,8539,FSV Mainz 05,Carry,63.4,54.2,2,89
e334ce54-0f1e-402b-b432-249fe26ce120,00:44:02.611,Danny Latza,8539,FSV Mainz 05,Pass,63.4,51.4,2,89
5bd1092a-a819-4e75-90e0-6d67912641e5,00:44:04.270,Stefan Bell,8559,FSV Mainz 05,Ball Receipt*,51.8,39.6,2,89
424196aa-c618-44c0-a326-7d5a65724e7d,00:44:04.270,Stefan Bell,8559,FSV Mainz 05,Carry,51.8,39.6,2,89
bce823b0-9e39-494f-bed8-3c578234b5a4,00:44:07.625,Stefan Bell,8559,FSV Mainz 05,Pass,58.8,36.0,2,89
0e80a9c8-d1cd-4718-ab2e-86a87a593230,00:44:08.931,Julian Baumgartlinger,20037,FSV Mainz 05,Ball Receipt*,68.5,46.8,2,89
92ab9671-3005-4824-835e-362924e4e803,00:44:08.931,Julian Baumgartlinger,20037,FSV Mainz 05,Carry,68.5,46.8,2,89
59166188-4c50-4ca4-aaf8-105d13aa91c7,00:44:10.395,Manuel Schmiedebach,8543,Hannover 96,Pressure,53.7,36.9,2,89
9966071e-b624-454f-aca0-c385bb0bf66e,00:44:10.799,Julian Baumgartlinger,20037,FSV Mainz 05,Pass,63.9,41.9,2,89
68ed5a2f-3007-40dc-899a-fc2f1621cf28,00:44:11.665,Danny Latza,8539,FSV Mainz 05,Ball Receipt*,54.7,39.4,2,89
f428e5f8-f6d4-496d-8f27-8ffad01b5b51,00:44:11.665,Danny Latza,8539,FSV Mainz 05,Carry,54.7,39.4,2,89
540a6f1a-3772-4384-9651-422a18779b49,00:44:12.320,Danny Latza,8539,FSV Mainz 05,Pass,54.7,38.6,2,89
7a3bb18f-d334-46fb-90fc-0447c38326eb,00:44:13.462,Stefan Bell,8559,FSV Mainz 05,Ball Receipt*,49.8,20.2,2,89
abe985c2-e73d-4e11-b747-1e6f61b476f9,00:44:13.462,Stefan Bell,8559,FSV Mainz 05,Carry,49.8,20.2,2,89
780e2d52-e9c6-47c0-8897-cd71f6fe0511,00:44:14.767,Allan Saint-Maximin,3016,Hannover 96,Pressure,72.6,58.6,2,89
2bcdc368-b564-4100-8fc7-bb0d2aee8461,00:44:15.360,Stefan Bell,8559,FSV Mainz 05,Pass,41.6,22.7,2,89
6a8c621e-c73e-4319-b1e7-2f52434a78c0,00:44:17.641,Niko Bungert,13319,FSV Mainz 05,Ball Receipt*,40.9,66.5,2,89
5516cf6e-c54a-41fa-8bd8-edc9337057fa,00:44:17.641,Niko Bungert,13319,FSV Mainz 05,Carry,40.9,66.5,2,89
aea28d74-0950-48c3-8492-ea2a9d76dae1,00:44:18.699,Artur Sobiech,11845,Hannover 96,Pressure,78.2,13.9,2,89
4255e203-1fc7-431b-9670-9a6ef9615ad6,00:44:19.641,Niko Bungert,13319,FSV Mainz 05,Pass,45.2,70.8,2,89
b6ecc8f6-ac89-492e-aede-39b7fa3e3c4b,00:44:21.319,Daniel Brosinski,8548,FSV Mainz 05,Ball Receipt*,63.9,79.0,2,89
ee64cd86-6a62-429a-90e5-799ad82ba2a4,00:44:21.319,Daniel Brosinski,8548,FSV Mainz 05,Carry,63.9,79.0,2,89
d4f2b975-ca46-4c55-b3c3-173abe22dbbe,00:44:23.800,Daniel Brosinski,8548,FSV Mainz 05,Pass,57.0,72.1,2,89
9a68982b-0281-4161-b99f-6dfdd54969c9,00:44:26.472,Danny Latza,8539,FSV Mainz 05,Ball Receipt*,48.5,53.2,2,89
2b854f96-ad68-4ceb-837b-98a8035219f0,00:44:26.472,Danny Latza,8539,FSV Mainz 05,Carry,48.5,53.2,2,89
ec5a340a-ff95-4522-ae73-278e222c94b9,00:44:26.657,Danny Latza,8539,FSV Mainz 05,Pass,48.5,53.2,2,89
878f6841-7b9a-4814-b7c5-a39278a00289,00:44:27.936,Niko Bungert,13319,FSV Mainz 05,Ball Receipt*,42.4,67.2,2,89
7cecb3d6-d0c5-4e92-8625-50648a872871,00:44:27.936,Niko Bungert,13319,FSV Mainz 05,Carry,42.4,67.2,2,89
acba2d86-23a3-440c-b614-b8c685944b51,00:44:28.930,Niko Bungert,13319,FSV Mainz 05,Pass,44.2,64.7,2,89
d95dd719-b76d-4e8a-8714-f6ab916b788e,00:44:29.979,Danny Latza,8539,FSV Mainz 05,Ball Receipt*,42.1,51.9,2,89
f44315cf-106d-4634-93f4-9d83fc952a76,00:44:29.979,Danny Latza,8539,FSV Mainz 05,Carry,42.1,51.9,2,89
15571c92-26f2-48c1-b271-04d205e9e1f1,00:44:31.855,Danny Latza,8539,FSV Mainz 05,Pass,42.9,47.5,2,89
bdbc6101-a8ac-47e4-ba54-339d4bcc3d53,00:44:33.465,Stefan Bell,8559,FSV Mainz 05,Ball Receipt*,45.2,29.4,2,89
8ce56594-75f7-40d5-9506-493da959fdb1,00:44:33.465,Stefan Bell,8559,FSV Mainz 05,Carry,45.2,29.4,2,89
0e8001fe-a7e2-45a0-b876-0a74f37d2857,00:44:34.479,Stefan Bell,8559,FSV Mainz 05,Pass,46.7,25.6,2,89
a5ccb68e-4cd8-47a8-b112-7d2aa6b1dacd,00:44:35.683,Yunus Mallı,8679,FSV Mainz 05,Ball Receipt*,54.7,40.1,2,89
c3013814-dcbc-4488-9255-4223c0d45a36,00:44:35.683,Yunus Mallı,8679,FSV Mainz 05,Carry,54.7,40.1,2,89
950e6dfa-35ac-46fa-89cf-1bfdb7bc95a9,00:44:36.572,Yunus Mallı,8679,FSV Mainz 05,Pass,54.7,40.1,2,89
892ca25f-6f44-4322-beac-904b2fe31f2e,00:44:37.839,Danny Latza,8539,FSV Mainz 05,Ball Receipt*,38.8,47.0,2,89
50dbcd0b-d069-4b07-9838-4023f5d3ba26,00:44:37.839,Danny Latza,8539,FSV Mainz 05,Pass,38.8,44.5,2,89
4ebcd5ce-1b34-4dd1-bb42-09089671c2bf,00:44:39.669,Stefan Bell,8559,FSV Mainz 05,Ball Receipt*,44.4,25.0,2,89
c70084bc-0964-4ba2-91b0-2eba909ecad6,00:44:39.669,Stefan Bell,8559,FSV Mainz 05,Carry,44.4,25.0,2,89
614be49a-8931-4b01-88f1-9ea785880792,00:44:40.553,Stefan Bell,8559,FSV Mainz 05,Pass,47.0,24.8,2,89
73792d03-2eed-44c3-9acd-3c7d52779e69,00:44:42.457,Pierre Bengtsson,20871,FSV Mainz 05,Ball Receipt*,74.9,6.1,2,89
b2417280-a10d-4634-b6be-a491955865dd,00:44:42.457,Pierre Bengtsson,20871,FSV Mainz 05,Carry,74.9,6.1,2,89
32a89486-7277-486b-b18c-53562aebcfcd,00:44:44.716,Pierre Bengtsson,20871,FSV Mainz 05,Pass,71.3,7.1,2,89
a5cb2ceb-8ef0-44a9-af81-20cece1c7cb3,00:44:45.885,Yunus Mallı,8679,FSV Mainz 05,Ball Receipt*,64.9,22.0,2,89
7958a34e-70a2-4d5e-85b4-d994e79b2830,00:44:45.885,Yunus Mallı,8679,FSV Mainz 05,Carry,64.9,22.0,2,89
6c5dd789-05e8-4248-87d9-a3f1cf854820,00:44:47.140,Manuel Schmiedebach,8543,Hannover 96,Pressure,52.4,58.9,2,89
8fd136ff-c984-4b3e-b1ac-43ca9552e5fb,00:44:52.971,Yunus Mallı,8679,FSV Mainz 05,Pass,90.2,33.2,2,89
27e625f3-14be-4235-a2d7-47ed07b605be,00:44:53.309,Marcelo Antônio Guedes Filho,3164,Hannover 96,Pressure,17.9,45.9,2,89
cd04c2d1-d5c9-4029-92a5-55412d905f22,00:44:53.578,Florian Niederlechner,8943,FSV Mainz 05,Ball Receipt*,104.0,34.8,2,89
26157ed3-2943-4e02-adcc-21637be1aaed,00:44:53.578,Florian Niederlechner,8943,FSV Mainz 05,Carry,104.0,34.8,2,89
aa10464d-4d05-4e5c-96a5-5ac2c21135e1,00:44:54.632,Florian Niederlechner,8943,FSV Mainz 05,Shot,108.1,38.9,2,89
b4572dad-702a-402f-a846-55ffb1f5e0bb,00:44:55.296,Ron-Robert Zieler,8947,Hannover 96,Goal Keeper,6.1,40.5,2,89
44089b8a-ac96-4994-9cdf-20bee254a4cf,00:44:56.474,Florian Niederlechner,8943,FSV Mainz 05,Ball Recovery,115.8,49.6,2,89
752a9cb3-6674-49e8-b56c-d7a34579d73e,00:44:56.694,Florian Niederlechner,8943,FSV Mainz 05,Shot,115.2,49.6,2,89
25de6dba-7952-4f48-aab8-4c27d46d5a33,00:44:58.532,Ron-Robert Zieler,8947,Hannover 96,Goal Keeper,5.5,37.5,2,89
